{
"type": "FeatureCollection",
"name": "TarimRiverBasin",
"crs": { "type": "name", "properties": { "name": "urn:ogc:def:crs:OGC:1.3:CRS84" } },
"features": [
{ "type": "Feature", "properties": { }, "geometry": { "type": "Polygon", "coordinates": [ [ [ 91.121910095214844, 43.493919372558594 ], [ 91.127220153808594, 43.499279022216797 ], [ 91.128059387207031, 43.503730773925781 ], [ 91.128570556640625, 43.506870269775391 ], [ 91.130569458007812, 43.510169982910156 ], [ 91.132652282714844, 43.513355255126953 ], [ 91.134742736816406, 43.517284393310547 ], [ 91.138626098632812, 43.520111083984375 ], [ 91.141380310058594, 43.521064758300781 ], [ 91.144210815429688, 43.521221160888672 ], [ 91.148681640625, 43.520969390869141 ], [ 91.153388977050781, 43.520820617675781 ], [ 91.15716552734375, 43.521087646484375 ], [ 91.160858154296875, 43.521408081054688 ], [ 91.164627075195312, 43.521377563476562 ], [ 91.168716430664062, 43.521923065185547 ], [ 91.172889709472656, 43.522701263427734 ], [ 91.176193237304688, 43.523471832275391 ], [ 91.18035888671875, 43.523853302001953 ], [ 91.182479858398438, 43.523780822753906 ], [ 91.186256408691406, 43.524551391601562 ], [ 91.19012451171875, 43.525726318359375 ], [ 91.192970275878906, 43.527481079101562 ], [ 91.196998596191406, 43.528877258300781 ], [ 91.199409484863281, 43.527259826660156 ], [ 91.201820373535156, 43.525588989257812 ], [ 91.205276489257812, 43.525508880615234 ], [ 91.208816528320312, 43.526283264160156 ], [ 91.211883544921875, 43.526725769042969 ], [ 91.213790893554688, 43.528026580810547 ], [ 91.215782165527344, 43.530235290527344 ], [ 91.217620849609375, 43.532737731933594 ], [ 91.220954895019531, 43.535282135009766 ], [ 91.224128723144531, 43.537601470947266 ], [ 91.226264953613281, 43.538562774658203 ], [ 91.230262756347656, 43.538246154785156 ], [ 91.235588073730469, 43.537464141845703 ], [ 91.240943908691406, 43.538112640380859 ], [ 91.242935180664062, 43.540096282958984 ], [ 91.243995666503906, 43.542896270751953 ], [ 91.245590209960938, 43.544540405273438 ], [ 91.248191833496094, 43.545318603515625 ], [ 91.253700256347656, 43.545967102050781 ], [ 91.259666442871094, 43.545806884765625 ], [ 91.264915466308594, 43.545192718505859 ], [ 91.271194458007812, 43.544811248779297 ], [ 91.276687622070312, 43.544139862060547 ], [ 91.282012939453125, 43.543128967285156 ], [ 91.287506103515625, 43.542915344238281 ], [ 91.291374206542969, 43.544143676757812 ], [ 91.291252136230469, 43.546768188476562 ], [ 91.293258666992188, 43.549446105957031 ], [ 91.295242309570312, 43.550743103027344 ], [ 91.296012878417969, 43.555076599121094 ], [ 91.297073364257812, 43.557468414306641 ], [ 91.296249389648438, 43.560218811035156 ], [ 91.298851013183594, 43.560939788818359 ], [ 91.299827575683594, 43.563331604003906 ], [ 91.299636840820312, 43.566299438476562 ], [ 91.298103332519531, 43.568771362304688 ], [ 91.297988891601562, 43.571460723876953 ], [ 91.299278259277344, 43.573558807373047 ], [ 91.301887512207031, 43.575027465820312 ], [ 91.314987182617188, 43.583438873291016 ], [ 91.319091796875, 43.584606170654297 ], [ 91.324134826660156, 43.585597991943359 ], [ 91.330352783203125, 43.586227416992188 ], [ 91.335578918457031, 43.588527679443359 ], [ 91.340797424316406, 43.590602874755859 ], [ 91.350914001464844, 43.594123840332031 ], [ 91.358680725097656, 43.59765625 ], [ 91.362876892089844, 43.599506378173828 ], [ 91.368888854980469, 43.601799011230469 ], [ 91.372535705566406, 43.603946685791016 ], [ 91.377365112304688, 43.605789184570312 ], [ 91.382575988769531, 43.607402801513672 ], [ 91.38787841796875, 43.608951568603516 ], [ 91.392616271972656, 43.610233306884766 ], [ 91.395942687988281, 43.611801147460938 ], [ 91.399040222167969, 43.61376953125 ], [ 91.402481079101562, 43.617454528808594 ], [ 91.404029846191406, 43.620643615722656 ], [ 91.405441284179688, 43.624687194824219 ], [ 91.406219482421875, 43.628910064697266 ], [ 91.406768798828125, 43.633930206298828 ], [ 91.406318664550781, 43.639873504638672 ], [ 91.405914306640625, 43.643817901611328 ], [ 91.40557861328125, 43.647190093994141 ], [ 91.404922485351562, 43.650341033935547 ], [ 91.404052734375, 43.655033111572266 ], [ 91.402656555175781, 43.660640716552734 ], [ 91.40057373046875, 43.668025970458984 ], [ 91.398056030273438, 43.673023223876953 ], [ 91.395782470703125, 43.678176879882812 ], [ 91.394523620605469, 43.682819366455078 ], [ 91.393966674804688, 43.687103271484375 ], [ 91.396583557128906, 43.696979522705078 ], [ 91.406356811523438, 43.693634033203125 ], [ 91.4097900390625, 43.691719055175781 ], [ 91.414100646972656, 43.690589904785156 ], [ 91.416587829589844, 43.688861846923828 ], [ 91.420265197753906, 43.687335968017578 ], [ 91.424812316894531, 43.686389923095703 ], [ 91.429618835449219, 43.686519622802734 ], [ 91.434104919433594, 43.686367034912109 ], [ 91.440071105957031, 43.685222625732422 ], [ 91.445686340332031, 43.682376861572266 ], [ 91.452178955078125, 43.679977416992188 ], [ 91.456558227539062, 43.678230285644531 ], [ 91.46197509765625, 43.677204132080078 ], [ 91.466766357421875, 43.676475524902344 ], [ 91.470283508300781, 43.675300598144531 ], [ 91.473945617675781, 43.673324584960938 ], [ 91.477676391601562, 43.670440673828125 ], [ 91.478965759277344, 43.667911529541016 ], [ 91.479721069335938, 43.665794372558594 ], [ 91.479904174804688, 43.663051605224609 ], [ 91.479934692382812, 43.660308837890625 ], [ 91.484092712402344, 43.659408569335938 ], [ 91.489570617675781, 43.657817840576172 ], [ 91.5, 43.656272888183594 ], [ 91.511367797851562, 43.654567718505859 ], [ 91.515342712402344, 43.654087066650391 ], [ 91.522796630859375, 43.652626037597656 ], [ 91.52850341796875, 43.651882171630859 ], [ 91.533409118652344, 43.650955200195312 ], [ 91.539253234863281, 43.649265289306641 ], [ 91.544158935546875, 43.648338317871094 ], [ 91.549369812011719, 43.647594451904297 ], [ 91.552291870117188, 43.646747589111328 ], [ 91.555648803710938, 43.645404815673828 ], [ 91.559814453125, 43.643756866455078 ], [ 91.563606262207031, 43.642192840576172 ], [ 91.567520141601562, 43.640228271484375 ], [ 91.570701599121094, 43.637844085693359 ], [ 91.573066711425781, 43.636146545410156 ], [ 91.575309753417969, 43.634212493896484 ], [ 91.576805114746094, 43.632061004638672 ], [ 91.578559875488281, 43.629501342773438 ], [ 91.580497741699219, 43.626213073730469 ], [ 91.583114624023438, 43.623886108398438 ], [ 91.586219787597656, 43.622764587402344 ], [ 91.59161376953125, 43.622200012207031 ], [ 91.598121643066406, 43.623298645019531 ], [ 91.604316711425781, 43.624897003173828 ], [ 91.608894348144531, 43.626895904541016 ], [ 91.616004943847656, 43.629798889160156 ], [ 91.618545532226562, 43.630340576171875 ], [ 91.62158203125, 43.631477355957031 ], [ 91.624488830566406, 43.632789611816406 ], [ 91.6302490234375, 43.634471893310547 ], [ 91.6348876953125, 43.636154174804688 ], [ 91.640342712402344, 43.637649536132812 ], [ 91.644927978515625, 43.638885498046875 ], [ 91.650444030761719, 43.639347076416016 ], [ 91.655464172363281, 43.639808654785156 ], [ 91.663520812988281, 43.640419006347656 ], [ 91.672393798828125, 43.640079498291016 ], [ 91.679962158203125, 43.639060974121094 ], [ 91.68939208984375, 43.637828826904297 ], [ 91.698455810546875, 43.636177062988281 ], [ 91.7008056640625, 43.636363983154297 ], [ 91.705650329589844, 43.635295867919922 ], [ 91.71148681640625, 43.633823394775391 ], [ 91.71905517578125, 43.631763458251953 ], [ 91.725326538085938, 43.629745483398438 ], [ 91.732582092285156, 43.627109527587891 ], [ 91.740653991699219, 43.624374389648438 ], [ 91.744132995605469, 43.622493743896484 ], [ 91.750526428222656, 43.61993408203125 ], [ 91.758277893066406, 43.617744445800781 ], [ 91.761940002441406, 43.616756439208984 ], [ 91.767585754394531, 43.615142822265625 ], [ 91.773170471191406, 43.612773895263672 ], [ 91.784393310546875, 43.608734130859375 ], [ 91.787872314453125, 43.607387542724609 ], [ 91.793571472167969, 43.606178283691406 ], [ 91.798347473144531, 43.605014801025391 ], [ 91.802879333496094, 43.603404998779297 ], [ 91.806968688964844, 43.601917266845703 ], [ 91.811744689941406, 43.600166320800781 ], [ 91.816581726074219, 43.598236083984375 ], [ 91.823707580566406, 43.596088409423828 ], [ 91.829910278320312, 43.594566345214844 ], [ 91.835800170898438, 43.593257904052734 ], [ 91.839767456054688, 43.592544555664062 ], [ 91.843544006347656, 43.59173583984375 ], [ 91.848503112792969, 43.590797424316406 ], [ 91.854454040527344, 43.589542388916016 ], [ 91.859786987304688, 43.587615966796875 ], [ 91.864494323730469, 43.585590362548828 ], [ 91.868148803710938, 43.583477020263672 ], [ 91.871002197265625, 43.581993103027344 ], [ 91.8770751953125, 43.579605102539062 ], [ 91.882530212402344, 43.576461791992188 ], [ 91.88897705078125, 43.572818756103516 ], [ 91.892379760742188, 43.570789337158203 ], [ 91.8974609375, 43.568183898925781 ], [ 91.903282165527344, 43.564407348632812 ], [ 91.909233093261719, 43.560710906982422 ], [ 91.914306640625, 43.557697296142578 ], [ 91.919013977050781, 43.554458618164062 ], [ 91.9229736328125, 43.550949096679688 ], [ 91.927497863769531, 43.547077178955078 ], [ 91.929542541503906, 43.545852661132812 ], [ 91.932823181152344, 43.543292999267578 ], [ 91.934181213378906, 43.541484832763672 ], [ 91.937705993652344, 43.538070678710938 ], [ 91.94024658203125, 43.533927917480469 ], [ 91.942718505859375, 43.530998229980469 ], [ 91.945564270019531, 43.528026580810547 ], [ 91.948287963867188, 43.524650573730469 ], [ 91.951377868652344, 43.521537780761719 ], [ 91.955276489257812, 43.518791198730469 ], [ 91.957931518554688, 43.516853332519531 ], [ 91.961708068847656, 43.513614654541016 ], [ 91.967208862304688, 43.509872436523438 ], [ 91.97308349609375, 43.505912780761719 ], [ 91.980316162109375, 43.500595092773438 ], [ 91.989280700683594, 43.494564056396484 ], [ 91.995216369628906, 43.490997314453125 ], [ 92.000534057617188, 43.487983703613281 ], [ 92.005165100097656, 43.485549926757812 ], [ 92.012832641601562, 43.482303619384766 ], [ 92.017654418945312, 43.479465484619141 ], [ 92.024261474609375, 43.476127624511719 ], [ 92.032546997070312, 43.474048614501953 ], [ 92.039779663085938, 43.473369598388672 ], [ 92.044418334960938, 43.4736328125 ], [ 92.048194885253906, 43.473270416259766 ], [ 92.054931640625, 43.472946166992188 ], [ 92.06402587890625, 43.471904754638672 ], [ 92.073051452636719, 43.470314025878906 ], [ 92.083251953125, 43.468910217285156 ], [ 92.09320068359375, 43.467552185058594 ], [ 92.100067138671875, 43.466777801513672 ], [ 92.10736083984375, 43.467121124267578 ], [ 92.115653991699219, 43.467880249023438 ], [ 92.130622863769531, 43.469524383544922 ], [ 92.136444091796875, 43.469963073730469 ], [ 92.146339416503906, 43.470355987548828 ], [ 92.153144836425781, 43.470565795898438 ], [ 92.159080505371094, 43.470466613769531 ], [ 92.163902282714844, 43.470321655273438 ], [ 92.1715087890625, 43.470619201660156 ], [ 92.180046081542969, 43.471328735351562 ], [ 92.190185546875, 43.470718383789062 ], [ 92.202674865722656, 43.469654083251953 ], [ 92.212692260742188, 43.468551635742188 ], [ 92.219482421875, 43.467006683349609 ], [ 92.224739074707031, 43.466411590576172 ], [ 92.230613708496094, 43.465946197509766 ], [ 92.236297607421875, 43.465797424316406 ], [ 92.241928100585938, 43.464969635009766 ], [ 92.24786376953125, 43.464775085449219 ], [ 92.252250671386719, 43.464984893798828 ], [ 92.255233764648438, 43.466606140136719 ], [ 92.258018493652344, 43.467811584472656 ], [ 92.262718200683594, 43.467483520507812 ], [ 92.268218994140625, 43.466339111328125 ], [ 92.271675109863281, 43.465972900390625 ], [ 92.275520324707031, 43.467716217041016 ], [ 92.278007507324219, 43.469558715820312 ], [ 92.281227111816406, 43.470355987548828 ], [ 92.284378051757812, 43.469627380371094 ], [ 92.287528991699219, 43.469215393066406 ], [ 92.289695739746094, 43.469886779785156 ], [ 92.29278564453125, 43.469192504882812 ], [ 92.295799255371094, 43.466800689697266 ], [ 92.30010986328125, 43.463775634765625 ], [ 92.303024291992188, 43.464305877685547 ], [ 92.307044982910156, 43.464565277099609 ], [ 92.312118530273438, 43.4647216796875 ], [ 92.317306518554688, 43.463897705078125 ], [ 92.321632385253906, 43.464023590087891 ], [ 92.326522827148438, 43.464679718017578 ], [ 92.329498291015625, 43.465705871582031 ], [ 92.332107543945312, 43.466548919677734 ], [ 92.334449768066406, 43.465961456298828 ], [ 92.336288452148438, 43.464199066162109 ], [ 92.337455749511719, 43.462387084960938 ], [ 92.341087341308594, 43.460346221923828 ], [ 92.345001220703125, 43.462680816650391 ], [ 92.349967956542969, 43.465187072753906 ], [ 92.353195190429688, 43.467113494873047 ], [ 92.356239318847656, 43.468723297119141 ], [ 92.359336853027344, 43.468891143798828 ], [ 92.3623046875, 43.46942138671875 ], [ 92.364730834960938, 43.471118927001953 ], [ 92.36993408203125, 43.47222900390625 ], [ 92.373153686523438, 43.472667694091797 ], [ 92.377593994140625, 43.470802307128906 ], [ 92.381103515625, 43.468582153320312 ], [ 92.385108947753906, 43.467395782470703 ], [ 92.388145446777344, 43.467384338378906 ], [ 92.391555786132812, 43.469131469726562 ], [ 92.393798828125, 43.471061706542969 ], [ 92.396537780761719, 43.473434448242188 ], [ 92.397735595703125, 43.475727081298828 ], [ 92.397445678710938, 43.478252410888672 ], [ 92.396171569824219, 43.481090545654297 ], [ 92.398300170898438, 43.483829498291016 ], [ 92.401390075683594, 43.483863830566406 ], [ 92.40380859375, 43.484489440917969 ], [ 92.406173706054688, 43.486049652099609 ], [ 92.409400939941406, 43.487342834472656 ], [ 92.414413452148438, 43.487865447998047 ], [ 92.420417785644531, 43.487571716308594 ], [ 92.426109313964844, 43.487770080566406 ], [ 92.4296875, 43.486808776855469 ], [ 92.433876037597656, 43.484630584716797 ], [ 92.436447143554688, 43.481422424316406 ], [ 92.439506530761719, 43.477855682373047 ], [ 92.442031860351562, 43.476444244384766 ], [ 92.444984436035156, 43.475173950195312 ], [ 92.448814392089844, 43.474391937255859 ], [ 92.450920104980469, 43.474338531494141 ], [ 92.452857971191406, 43.476848602294922 ], [ 92.454315185546875, 43.480403900146484 ], [ 92.454780578613281, 43.483871459960938 ], [ 92.455238342285156, 43.486427307128906 ], [ 92.457550048828125, 43.489391326904297 ], [ 92.459785461425781, 43.490058898925781 ], [ 92.463058471679688, 43.489418029785156 ], [ 92.468307495117188, 43.488174438476562 ], [ 92.474357604980469, 43.487155914306641 ], [ 92.479476928710938, 43.485424041748047 ], [ 92.484413146972656, 43.483684539794922 ], [ 92.490028381347656, 43.482536315917969 ], [ 92.493988037109375, 43.482250213623047 ], [ 92.499305725097656, 43.482578277587891 ], [ 92.502960205078125, 43.482692718505859 ], [ 92.507469177246094, 43.482181549072266 ], [ 92.511856079101562, 43.481391906738281 ], [ 92.517417907714844, 43.481235504150391 ], [ 92.522064208984375, 43.481388092041016 ], [ 92.527511596679688, 43.481853485107422 ], [ 92.531364440917969, 43.483146667480469 ], [ 92.534347534179688, 43.485023498535156 ], [ 92.537940979003906, 43.485584259033203 ], [ 92.541839599609375, 43.485069274902344 ], [ 92.546028137207031, 43.4835205078125 ], [ 92.550537109375, 43.483177185058594 ], [ 92.553085327148438, 43.484195709228516 ], [ 92.555877685546875, 43.484550476074219 ], [ 92.559463500976562, 43.484844207763672 ], [ 92.562690734863281, 43.485862731933594 ], [ 92.565986633300781, 43.487018585205078 ], [ 92.569572448730469, 43.486995697021484 ], [ 92.572669982910156, 43.487159729003906 ], [ 92.575462341308594, 43.488269805908203 ], [ 92.577690124511719, 43.488216400146484 ], [ 92.580657958984375, 43.487659454345703 ], [ 92.584259033203125, 43.488895416259766 ], [ 92.587135314941406, 43.491264343261719 ], [ 92.590301513671875, 43.492687225341797 ], [ 92.594650268554688, 43.494468688964844 ], [ 92.599388122558594, 43.496826171875 ], [ 92.603134155273438, 43.499782562255859 ], [ 92.604942321777344, 43.50152587890625 ], [ 92.608688354492188, 43.503852844238281 ], [ 92.612716674804688, 43.504684448242188 ], [ 92.617973327636719, 43.504467010498047 ], [ 92.622856140136719, 43.503852844238281 ], [ 92.625633239746094, 43.503162384033203 ], [ 92.628044128417969, 43.503017425537109 ], [ 92.630157470703125, 43.503814697265625 ], [ 92.632568359375, 43.503570556640625 ], [ 92.634414672851562, 43.502792358398438 ], [ 92.637939453125, 43.502239227294922 ], [ 92.641769409179688, 43.501762390136719 ], [ 92.644065856933594, 43.502239227294922 ], [ 92.646194458007812, 43.504116058349609 ], [ 92.649177551269531, 43.505405426025391 ], [ 92.651969909667969, 43.5059814453125 ], [ 92.65484619140625, 43.507942199707031 ], [ 92.657585144042969, 43.509723663330078 ], [ 92.662193298339844, 43.511772155761719 ], [ 92.667106628417969, 43.513359069824219 ], [ 92.672431945800781, 43.514007568359375 ], [ 92.676582336425781, 43.5137939453125 ], [ 92.680343627929688, 43.512687683105469 ], [ 92.685272216796875, 43.510810852050781 ], [ 92.6898193359375, 43.508392333984375 ], [ 92.693695068359375, 43.506523132324219 ], [ 92.696266174316406, 43.504386901855469 ], [ 92.699562072753906, 43.500949859619141 ], [ 92.704856872558594, 43.498794555664062 ], [ 92.710968017578125, 43.497631072998047 ], [ 92.717391967773438, 43.496997833251953 ], [ 92.722702026367188, 43.496334075927734 ], [ 92.731925964355469, 43.496719360351562 ], [ 92.735260009765625, 43.496112823486328 ], [ 92.739227294921875, 43.496448516845703 ], [ 92.743431091308594, 43.496330261230469 ], [ 92.747940063476562, 43.495395660400391 ], [ 92.7513427734375, 43.495330810546875 ], [ 92.754371643066406, 43.495437622070312 ], [ 92.757217407226562, 43.494976043701172 ], [ 92.760292053222656, 43.4937744140625 ], [ 92.764236450195312, 43.492668151855469 ], [ 92.769050598144531, 43.492046356201172 ], [ 92.772750854492188, 43.491252899169922 ], [ 92.777084350585938, 43.490955352783203 ], [ 92.781044006347656, 43.491378784179688 ], [ 92.784507751464844, 43.490898132324219 ], [ 92.787071228027344, 43.488590240478516 ], [ 92.790046691894531, 43.484867095947266 ], [ 92.795051574707031, 43.484336853027344 ], [ 92.800010681152344, 43.485244750976562 ], [ 92.80615234375, 43.486194610595703 ], [ 92.809066772460938, 43.486801147460938 ], [ 92.812370300292969, 43.488082885742188 ], [ 92.8155517578125, 43.489772796630859 ], [ 92.817253112792969, 43.491691589355469 ], [ 92.817474365234375, 43.494167327880859 ], [ 92.817405700683594, 43.498001098632812 ], [ 92.818984985351562, 43.500190734863281 ], [ 92.822731018066406, 43.501960754394531 ], [ 92.8282470703125, 43.502826690673828 ], [ 92.833015441894531, 43.502742767333984 ], [ 92.836265563964844, 43.500919342041016 ], [ 92.839569091796875, 43.498367309570312 ], [ 92.8426513671875, 43.497581481933594 ], [ 92.846366882324219, 43.498134613037109 ], [ 92.849235534667969, 43.499282836914062 ], [ 92.851600646972656, 43.500347137451172 ], [ 92.853713989257812, 43.500873565673828 ], [ 92.856002807617188, 43.500621795654297 ], [ 92.857696533203125, 43.498096466064453 ], [ 92.859642028808594, 43.49591064453125 ], [ 92.862098693847656, 43.494770050048828 ], [ 92.865180969238281, 43.494209289550781 ], [ 92.86932373046875, 43.493942260742188 ], [ 92.872055053710938, 43.494647979736328 ], [ 92.876548767089844, 43.496994018554688 ], [ 92.879219055175781, 43.497291564941406 ], [ 92.882362365722656, 43.496810913085938 ], [ 92.885643005371094, 43.496696472167969 ], [ 92.889366149902344, 43.497520446777344 ], [ 92.891990661621094, 43.498943328857422 ], [ 92.894355773925781, 43.49981689453125 ], [ 92.897453308105469, 43.500110626220703 ], [ 92.899673461914062, 43.499462127685547 ], [ 92.90289306640625, 43.499710083007812 ], [ 92.909744262695312, 43.502128601074219 ], [ 92.913528442382812, 43.502632141113281 ], [ 92.917800903320312, 43.5030517578125 ], [ 92.921592712402344, 43.503871917724609 ], [ 92.923713684082031, 43.505027770996094 ], [ 92.925971984863281, 43.506629943847656 ], [ 92.927848815917969, 43.507648468017578 ], [ 92.929946899414062, 43.507587432861328 ], [ 92.931541442871094, 43.506355285644531 ], [ 92.933418273925781, 43.503952026367188 ], [ 92.936080932617188, 43.504375457763672 ], [ 92.936866760253906, 43.506584167480469 ], [ 92.937088012695312, 43.5087890625 ], [ 92.940223693847656, 43.511058807373047 ], [ 92.943252563476562, 43.510852813720703 ], [ 92.945785522460938, 43.507045745849609 ], [ 92.9459228515625, 43.504158020019531 ], [ 92.946601867675781, 43.500774383544922 ], [ 92.949882507324219, 43.496967315673828 ], [ 92.95166015625, 43.495914459228516 ], [ 92.955337524414062, 43.49407958984375 ], [ 92.965553283691406, 43.490745544433594 ], [ 92.969924926757812, 43.489574432373047 ], [ 92.973953247070312, 43.489902496337891 ], [ 92.977798461914062, 43.490367889404297 ], [ 92.981483459472656, 43.489028930664062 ], [ 92.984214782714844, 43.486076354980469 ], [ 92.987022399902344, 43.483844757080078 ], [ 92.990516662597656, 43.482101440429688 ], [ 93.0, 43.481727600097656 ], [ 93.009819030761719, 43.47979736328125 ], [ 93.01806640625, 43.480567932128906 ], [ 93.021034240722656, 43.478870391845703 ], [ 93.022430419921875, 43.476730346679688 ], [ 93.025787353515625, 43.475032806396484 ], [ 93.028739929199219, 43.474189758300781 ], [ 93.031692504882812, 43.473636627197266 ], [ 93.035247802734375, 43.472080230712891 ], [ 93.037620544433594, 43.4700927734375 ], [ 93.040184020996094, 43.468959808349609 ], [ 93.042160034179688, 43.468399047851562 ], [ 93.047866821289062, 43.467288970947266 ], [ 93.050827026367188, 43.466304779052734 ], [ 93.055747985839844, 43.465187072753906 ], [ 93.060073852539062, 43.464500427246094 ], [ 93.063026428222656, 43.46466064453125 ], [ 93.067337036132812, 43.466270446777344 ], [ 93.071037292480469, 43.471164703369141 ], [ 93.072784423828125, 43.473190307617188 ], [ 93.077911376953125, 43.471786499023438 ], [ 93.081253051757812, 43.471233367919922 ], [ 93.085182189941406, 43.472263336181641 ], [ 93.087554931640625, 43.470554351806641 ], [ 93.089141845703125, 43.468414306640625 ], [ 93.095039367675781, 43.468307495117188 ], [ 93.099159240722656, 43.468906402587891 ], [ 93.102127075195312, 43.466342926025391 ], [ 93.105079650878906, 43.465789794921875 ], [ 93.10980224609375, 43.465957641601562 ], [ 93.112548828125, 43.466407775878906 ], [ 93.117454528808594, 43.467151641845703 ], [ 93.120796203613281, 43.467315673828125 ], [ 93.126304626464844, 43.4669189453125 ], [ 93.131423950195312, 43.465801239013672 ], [ 93.133804321289062, 43.465770721435547 ], [ 93.139274597167969, 43.467136383056641 ], [ 93.142227172851562, 43.466869354248047 ], [ 93.144401550292969, 43.464870452880859 ], [ 93.145980834960938, 43.463592529296875 ], [ 93.150131225585938, 43.460315704345703 ], [ 93.156044006347656, 43.458339691162109 ], [ 93.158012390136719, 43.457633972167969 ], [ 93.161941528320312, 43.458515167236328 ], [ 93.163902282714844, 43.459247589111328 ], [ 93.167434692382812, 43.460124969482422 ], [ 93.171363830566406, 43.46014404296875 ], [ 93.173316955566406, 43.461589813232422 ], [ 93.173301696777344, 43.464458465576172 ], [ 93.173683166503906, 43.466468811035156 ], [ 93.175247192382812, 43.467910766601562 ], [ 93.178581237792969, 43.468791961669922 ], [ 93.18212890625, 43.468093872070312 ], [ 93.187843322753906, 43.465686798095703 ], [ 93.198463439941406, 43.464454650878906 ], [ 93.200431823730469, 43.463886260986328 ], [ 93.2056884765625, 43.462493896484375 ], [ 93.209480285644531, 43.462787628173828 ], [ 93.211837768554688, 43.462368011474609 ], [ 93.216377258300781, 43.459957122802734 ], [ 93.219329833984375, 43.459110260009766 ], [ 93.223457336425781, 43.458988189697266 ], [ 93.227203369140625, 43.456996917724609 ], [ 93.230361938476562, 43.454002380371094 ], [ 93.236068725585938, 43.452739715576172 ], [ 93.238227844238281, 43.452178955078125 ], [ 93.240982055664062, 43.453052520751953 ], [ 93.242942810058594, 43.453636169433594 ], [ 93.249832153320312, 43.451229095458984 ], [ 93.252082824707031, 43.450859069824219 ], [ 93.256515502929688, 43.451259613037109 ], [ 93.263397216796875, 43.450576782226562 ], [ 93.266151428222656, 43.449874877929688 ], [ 93.267333984375, 43.447868347167969 ], [ 93.268135070800781, 43.445724487304688 ], [ 93.272026062011719, 43.443115234375 ], [ 93.274436950683594, 43.442882537841797 ], [ 93.276397705078125, 43.442466735839844 ], [ 93.275253295898438, 43.435283660888672 ], [ 93.27703857421875, 43.431713104248047 ], [ 93.279403686523438, 43.430000305175781 ], [ 93.281761169433594, 43.429435729980469 ], [ 93.285888671875, 43.429740905761719 ], [ 93.289619445800781, 43.428756713867188 ], [ 93.294357299804688, 43.424472808837891 ], [ 93.296524047851562, 43.422904968261719 ], [ 93.29986572265625, 43.421916961669922 ], [ 93.302421569824219, 43.421501159667969 ], [ 93.307723999023438, 43.421810150146484 ], [ 93.311264038085938, 43.420963287353516 ], [ 93.313041687011719, 43.418388366699219 ], [ 93.312065124511719, 43.416091918945312 ], [ 93.307952880859375, 43.412487030029297 ], [ 93.30914306640625, 43.410057067871094 ], [ 93.314254760742188, 43.408496856689453 ], [ 93.319358825683594, 43.408809661865234 ], [ 93.327011108398438, 43.410133361816406 ], [ 93.329566955566406, 43.411430358886719 ], [ 93.337005615234375, 43.418342590332031 ], [ 93.338363647460938, 43.421649932861328 ], [ 93.34130859375, 43.422374725341797 ], [ 93.345245361328125, 43.421104431152344 ], [ 93.346626281738281, 43.419246673583984 ], [ 93.347221374511719, 43.41680908203125 ], [ 93.346443176269531, 43.41436767578125 ], [ 93.347824096679688, 43.412509918212891 ], [ 93.350975036621094, 43.410228729248047 ], [ 93.353729248046875, 43.408515930175781 ], [ 93.356094360351562, 43.405513763427734 ], [ 93.358856201171875, 43.400650024414062 ], [ 93.362602233886719, 43.397365570068359 ], [ 93.364570617675781, 43.39593505859375 ], [ 93.367515563964844, 43.394657135009766 ], [ 93.369873046875, 43.394523620605469 ], [ 93.372238159179688, 43.392238616943359 ], [ 93.37322998046875, 43.386074066162109 ], [ 93.375404357910156, 43.383358001708984 ], [ 93.377761840820312, 43.381790161132812 ], [ 93.381492614746094, 43.380943298339844 ], [ 93.384834289550781, 43.377799987792969 ], [ 93.385627746582031, 43.374504089355469 ], [ 93.386421203613281, 43.371639251708984 ], [ 93.3907470703125, 43.370510101318359 ], [ 93.40625, 43.370708465576172 ], [ 93.411354064941406, 43.371009826660156 ], [ 93.413505554199219, 43.371589660644531 ], [ 93.419197082519531, 43.374477386474609 ], [ 93.421943664550781, 43.373340606689453 ], [ 93.424896240234375, 43.371055603027344 ], [ 93.426864624023438, 43.368049621582031 ], [ 93.429435729980469, 43.357162475585938 ], [ 93.430809020996094, 43.354152679443359 ], [ 93.432380676269531, 43.35272216796875 ], [ 93.434150695800781, 43.351726531982422 ], [ 93.436698913574219, 43.351444244384766 ], [ 93.442001342773438, 43.352897644042969 ], [ 93.445327758789062, 43.354053497314453 ], [ 93.449256896972656, 43.354785919189453 ], [ 93.457099914550781, 43.354663848876953 ], [ 93.461418151855469, 43.354824066162109 ], [ 93.463775634765625, 43.352817535400391 ], [ 93.464958190917969, 43.350528717041016 ], [ 93.466728210449219, 43.348670959472656 ], [ 93.470062255859375, 43.346958160400391 ], [ 93.480659484863281, 43.340103149414062 ], [ 93.491294860839844, 43.333892822265625 ], [ 93.495811462402344, 43.343524932861328 ], [ 93.509170532226562, 43.349758148193359 ], [ 93.526985168457031, 43.351539611816406 ], [ 93.543907165527344, 43.346195220947266 ], [ 93.555488586425781, 43.342632293701172 ], [ 93.578651428222656, 43.32659912109375 ], [ 93.592903137207031, 43.323036193847656 ], [ 93.602706909179688, 43.323925018310547 ], [ 93.605377197265625, 43.319473266601562 ], [ 93.616065979003906, 43.302547454833984 ], [ 93.623191833496094, 43.298984527587891 ], [ 93.658821105957031, 43.295421600341797 ], [ 93.679313659667969, 43.301654815673828 ], [ 93.69000244140625, 43.308780670166016 ], [ 93.700691223144531, 43.311454772949219 ], [ 93.715835571289062, 43.312343597412109 ], [ 93.737213134765625, 43.314125061035156 ], [ 93.740776062011719, 43.315906524658203 ], [ 93.7603759765625, 43.313236236572266 ], [ 93.774627685546875, 43.319473266601562 ], [ 93.78887939453125, 43.342632293701172 ], [ 93.801353454589844, 43.347976684570312 ], [ 93.825401306152344, 43.349758148193359 ], [ 93.838768005371094, 43.351539611816406 ], [ 93.855690002441406, 43.353321075439453 ], [ 93.871726989746094, 43.348869323730469 ], [ 93.893997192382812, 43.341739654541016 ], [ 93.908248901367188, 43.342632293701172 ], [ 93.924285888671875, 43.344413757324219 ], [ 93.942100524902344, 43.354213714599609 ], [ 93.951004028320312, 43.364902496337891 ], [ 93.964370727539062, 43.374702453613281 ], [ 93.973274230957031, 43.379154205322266 ], [ 93.992874145507812, 43.377372741699219 ], [ 94.005348205566406, 43.373809814453125 ], [ 94.026725769042969, 43.368465423583984 ], [ 94.0418701171875, 43.361339569091797 ], [ 94.052558898925781, 43.351539611816406 ], [ 94.057014465332031, 43.339069366455078 ], [ 94.060577392578125, 43.328380584716797 ], [ 94.071914672851562, 43.310428619384766 ], [ 94.08428955078125, 43.301776885986328 ], [ 94.089942932128906, 43.298320770263672 ], [ 94.094596862792969, 43.291996002197266 ], [ 94.096725463867188, 43.289409637451172 ], [ 94.094131469726562, 43.284400939941406 ], [ 94.098197937011719, 43.279224395751953 ], [ 94.100151062011719, 43.278362274169922 ], [ 94.105056762695312, 43.279064178466797 ], [ 94.108993530273438, 43.280628204345703 ], [ 94.115867614746094, 43.282474517822266 ], [ 94.118423461914062, 43.283042907714844 ], [ 94.122344970703125, 43.283462524414062 ], [ 94.124893188476562, 43.283454895019531 ], [ 94.128211975097656, 43.282299041748047 ], [ 94.127983093261719, 43.279144287109375 ], [ 94.129722595214844, 43.276271820068359 ], [ 94.133049011230469, 43.275829315185547 ], [ 94.135986328125, 43.275825500488281 ], [ 94.14202880859375, 43.272510528564453 ], [ 94.145736694335938, 43.270919799804688 ], [ 94.153945922851562, 43.268600463867188 ], [ 94.156280517578125, 43.267017364501953 ], [ 94.157791137695312, 43.261993408203125 ], [ 94.160118103027344, 43.258975982666016 ], [ 94.165390014648438, 43.257522583007812 ], [ 94.169876098632812, 43.255931854248047 ], [ 94.173957824707031, 43.252906799316406 ], [ 94.179435729980469, 43.252025604248047 ], [ 94.181549072265625, 43.247722625732422 ], [ 94.183868408203125, 43.245414733886719 ], [ 94.186592102050781, 43.243686676025391 ], [ 94.188743591308594, 43.242816925048828 ], [ 94.190895080566406, 43.242668151855469 ], [ 94.195602416992188, 43.243942260742188 ], [ 94.197761535644531, 43.244220733642578 ], [ 94.199905395507812, 43.242782592773438 ], [ 94.200851440429688, 43.239620208740234 ], [ 94.20355224609375, 43.236171722412109 ], [ 94.204307556152344, 43.233303070068359 ], [ 94.206245422363281, 43.231571197509766 ], [ 94.209365844726562, 43.230846405029297 ], [ 94.21563720703125, 43.230968475341797 ], [ 94.218170166015625, 43.229812622070312 ], [ 94.217933654785156, 43.226226806640625 ], [ 94.2178955078125, 43.222930908203125 ], [ 94.219642639160156, 43.221633911132812 ], [ 94.22198486328125, 43.220760345458984 ], [ 94.227653503417969, 43.220310211181641 ], [ 94.233741760253906, 43.222007751464844 ], [ 94.235069274902344, 43.217987060546875 ], [ 94.236778259277344, 43.213108062744141 ], [ 94.239677429199219, 43.210372924804688 ], [ 94.242210388183594, 43.208927154541016 ], [ 94.244537353515625, 43.207195281982422 ], [ 94.245887756347656, 43.205329895019531 ], [ 94.247795104980469, 43.201019287109375 ], [ 94.251289367675781, 43.199001312255859 ], [ 94.254814147949219, 43.198696136474609 ], [ 94.257148742675781, 43.197395324707031 ], [ 94.258674621582031, 43.194522857666016 ], [ 94.261367797851562, 43.190357208251953 ], [ 94.262306213378906, 43.186908721923828 ], [ 94.263641357421875, 43.184181213378906 ], [ 94.266944885253906, 43.182014465332031 ], [ 94.269287109375, 43.181289672851562 ], [ 94.272407531738281, 43.180702209472656 ], [ 94.275337219238281, 43.180690765380859 ], [ 94.280220031738281, 43.179954528808594 ], [ 94.282562255859375, 43.179080963134766 ], [ 94.285667419433594, 43.177494049072266 ], [ 94.294197082519531, 43.17071533203125 ], [ 94.297096252441406, 43.168121337890625 ], [ 94.296676635742188, 43.165687561035156 ], [ 94.297233581542969, 43.163246154785156 ], [ 94.307327270507812, 43.157180786132812 ], [ 94.317031860351562, 43.151397705078125 ], [ 94.32208251953125, 43.148796081542969 ], [ 94.325538635253906, 43.143619537353516 ], [ 94.326881408691406, 43.141750335693359 ], [ 94.329200744628906, 43.139301300048828 ], [ 94.327125549316406, 43.129848480224609 ], [ 94.325119018554688, 43.126125335693359 ], [ 94.32293701171875, 43.123409271240234 ], [ 94.321929931640625, 43.121410369873047 ], [ 94.3203125, 43.116683959960938 ], [ 94.317512512207031, 43.111534118652344 ], [ 94.313758850097656, 43.108680725097656 ], [ 94.312118530273438, 43.102092742919922 ], [ 94.314224243164062, 43.098640441894531 ], [ 94.313789367675781, 43.095203399658203 ], [ 94.312591552734375, 43.09320068359375 ], [ 94.312553405761719, 43.090190887451172 ], [ 94.318580627441406, 43.088836669921875 ], [ 94.320541381835938, 43.088287353515625 ], [ 94.32208251953125, 43.086849212646484 ], [ 94.323417663574219, 43.084117889404297 ], [ 94.326515197753906, 43.082237243652344 ], [ 94.32965087890625, 43.082801818847656 ], [ 94.333175659179688, 43.083358764648438 ], [ 94.335899353027344, 43.083057403564453 ], [ 94.341331481933594, 43.080020904541016 ], [ 94.34521484375, 43.078136444091797 ], [ 94.3465576171875, 43.076408386230469 ], [ 94.346702575683594, 43.072395324707031 ], [ 94.348243713378906, 43.070667266845703 ], [ 94.350570678710938, 43.069652557373047 ], [ 94.354270935058594, 43.068771362304688 ], [ 94.357749938964844, 43.065891265869141 ], [ 94.360450744628906, 43.063438415527344 ], [ 94.365325927734375, 43.062839508056641 ], [ 94.367660522460938, 43.062397003173828 ], [ 94.369781494140625, 43.060382843017578 ], [ 94.368911743164062, 43.053791046142578 ], [ 94.372970581054688, 43.0509033203125 ], [ 94.376220703125, 43.045867919921875 ], [ 94.379905700683594, 43.044124603271484 ], [ 94.384017944335938, 43.045108795166016 ], [ 94.386390686035156, 43.046821594238281 ], [ 94.388168334960938, 43.048816680908203 ], [ 94.390342712402344, 43.050380706787109 ], [ 94.394073486328125, 43.051944732666016 ], [ 94.397010803222656, 43.052783966064453 ], [ 94.401512145996094, 43.053764343261719 ], [ 94.404457092285156, 43.054756164550781 ], [ 94.407379150390625, 43.054454803466797 ], [ 94.41107177734375, 43.053287506103516 ], [ 94.413414001464844, 43.052989959716797 ], [ 94.422355651855469, 43.050075531005859 ], [ 94.430747985839844, 43.050312042236328 ], [ 94.435066223144531, 43.051723480224609 ], [ 94.439559936523438, 43.051841735839844 ], [ 94.442665100097656, 43.050678253173828 ], [ 94.449241638183594, 43.046482086181641 ], [ 94.451545715332031, 43.044033050537109 ], [ 94.455177307128906, 43.038990020751953 ], [ 94.460403442382812, 43.036094665527344 ], [ 94.466400146484375, 43.032184600830078 ], [ 94.470039367675781, 43.027721405029297 ], [ 94.472869873046875, 43.021106719970703 ], [ 94.474990844726562, 43.019519805908203 ], [ 94.475532531738281, 43.016788482666016 ], [ 94.477073669433594, 43.015205383300781 ], [ 94.48138427734375, 43.016326904296875 ], [ 94.484901428222656, 43.016880035400391 ], [ 94.48919677734375, 43.016998291015625 ], [ 94.499740600585938, 43.020164489746094 ], [ 94.511322021484375, 43.015708923339844 ], [ 94.513992309570312, 43.015708923339844 ], [ 94.527351379394531, 43.006801605224609 ], [ 94.53759765625, 43.000015258789062 ], [ 94.54486083984375, 42.994560241699219 ], [ 94.550308227539062, 42.992694854736328 ], [ 94.554298400878906, 42.991172790527344 ], [ 94.557632446289062, 42.990074157714844 ], [ 94.56170654296875, 42.989181518554688 ], [ 94.564971923828125, 42.989425659179688 ], [ 94.570404052734375, 42.988819122314453 ], [ 94.575645446777344, 42.986373901367188 ], [ 94.581275939941406, 42.984458923339844 ], [ 94.586158752441406, 42.983680725097656 ], [ 94.590805053710938, 42.983451843261719 ], [ 94.594772338867188, 42.982921600341797 ], [ 94.598236083984375, 42.982036590576172 ], [ 94.601432800292969, 42.980579376220703 ], [ 94.604721069335938, 42.980098724365234 ], [ 94.607460021972656, 42.981166839599609 ], [ 94.610908508300781, 42.983081817626953 ], [ 94.614334106445312, 42.984409332275391 ], [ 94.618461608886719, 42.984909057617188 ], [ 94.622932434082031, 42.984855651855469 ], [ 94.627037048339844, 42.984725952148438 ], [ 94.630882263183594, 42.984149932861328 ], [ 94.634269714355469, 42.982959747314453 ], [ 94.637359619140625, 42.978927612304688 ], [ 94.639442443847656, 42.977268218994141 ], [ 94.648124694824219, 42.976493835449219 ], [ 94.6527099609375, 42.976222991943359 ], [ 94.656013488769531, 42.976055145263672 ], [ 94.659576416015625, 42.976211547851562 ], [ 94.662094116210938, 42.976291656494141 ], [ 94.663406372070312, 42.978561401367188 ], [ 94.663253784179688, 42.980857849121094 ], [ 94.663467407226562, 42.983192443847656 ], [ 94.665351867675781, 42.985858917236328 ], [ 94.668540954589844, 42.987369537353516 ], [ 94.672142028808594, 42.988639831542969 ], [ 94.675247192382812, 42.987945556640625 ], [ 94.678550720214844, 42.986293792724609 ], [ 94.681922912597656, 42.984699249267578 ], [ 94.6854248046875, 42.983177185058594 ], [ 94.691749572753906, 42.981914520263672 ], [ 94.694664001464844, 42.982753753662109 ], [ 94.697433471679688, 42.9844970703125 ], [ 94.700721740722656, 42.985420227050781 ], [ 94.704948425292969, 42.985282897949219 ], [ 94.708663940429688, 42.984661102294922 ], [ 94.712738037109375, 42.9837646484375 ], [ 94.716255187988281, 42.982830047607422 ], [ 94.721336364746094, 42.979621887207031 ], [ 94.725547790527344, 42.977451324462891 ], [ 94.729896545410156, 42.975917816162109 ], [ 94.734077453613281, 42.974567413330078 ], [ 94.739311218261719, 42.973640441894531 ], [ 94.744415283203125, 42.972537994384766 ], [ 94.749160766601562, 42.971630096435547 ], [ 94.755851745605469, 42.971794128417969 ], [ 94.761123657226562, 42.973255157470703 ], [ 94.765510559082031, 42.97406005859375 ], [ 94.77008056640625, 42.974941253662109 ], [ 94.776214599609375, 42.976478576660156 ], [ 94.788360595703125, 42.980075836181641 ], [ 94.79815673828125, 42.980968475341797 ], [ 94.80706787109375, 42.973842620849609 ], [ 94.827552795410156, 42.972061157226562 ], [ 94.839134216308594, 42.973842620849609 ], [ 94.851600646972656, 42.977405548095703 ], [ 94.878326416015625, 42.9747314453125 ], [ 94.894363403320312, 42.972949981689453 ], [ 94.905052185058594, 42.970279693603516 ], [ 94.916633605957031, 42.963150024414062 ], [ 94.936233520507812, 42.957805633544922 ], [ 94.970970153808594, 42.951572418212891 ], [ 95.015510559082031, 42.952461242675781 ], [ 95.034217834472656, 42.955135345458984 ], [ 95.077865600585938, 42.958698272705078 ], [ 95.126861572265625, 42.967605590820312 ], [ 95.154472351074219, 42.962261199951172 ], [ 95.173179626464844, 42.968498229980469 ], [ 95.249794006347656, 42.97918701171875 ], [ 95.293441772460938, 42.982749938964844 ], [ 95.309478759765625, 42.976512908935547 ], [ 95.337982177734375, 42.966716766357422 ], [ 95.381629943847656, 42.955135345458984 ], [ 95.412811279296875, 42.945335388183594 ], [ 95.456459045410156, 42.934646606445312 ], [ 95.502777099609375, 42.923957824707031 ], [ 95.529502868652344, 42.915050506591797 ], [ 95.569587707519531, 42.906139373779297 ], [ 95.6533203125, 42.911483764648438 ], [ 95.721916198730469, 42.912376403808594 ], [ 95.746856689453125, 42.915050506591797 ], [ 95.757545471191406, 42.9088134765625 ], [ 95.779815673828125, 42.893669128417969 ], [ 95.819015502929688, 42.887432098388672 ], [ 95.851974487304688, 42.874961853027344 ], [ 95.862663269042969, 42.880306243896484 ], [ 95.889389038085938, 42.878524780273438 ], [ 95.958869934082031, 42.874073028564453 ], [ 96.027458190917969, 42.874961853027344 ], [ 96.063095092773438, 42.887432098388672 ], [ 96.097831726074219, 42.897232055664062 ], [ 96.104957580566406, 42.907920837402344 ], [ 96.137916564941406, 42.9088134765625 ], [ 96.158409118652344, 42.9088134765625 ], [ 96.193145751953125, 42.914157867431641 ], [ 96.235015869140625, 42.915939331054688 ], [ 96.325874328613281, 42.915939331054688 ], [ 96.337272644042969, 42.917160034179688 ], [ 96.344009399414062, 42.912345886230469 ], [ 96.35009765625, 42.906631469726562 ], [ 96.354881286621094, 42.903282165527344 ], [ 96.357421875, 42.901954650878906 ], [ 96.3599853515625, 42.899940490722656 ], [ 96.362312316894531, 42.8956298828125 ], [ 96.363983154296875, 42.892223358154297 ], [ 96.365425109863281, 42.886520385742188 ], [ 96.366600036621094, 42.879436492919922 ], [ 96.367691040039062, 42.874645233154297 ], [ 96.367828369140625, 42.870750427246094 ], [ 96.367630004882812, 42.867305755615234 ], [ 96.368034362792969, 42.864566802978516 ], [ 96.368522644042969, 42.859302520751953 ], [ 96.369606018066406, 42.854969024658203 ], [ 96.369216918945312, 42.84808349609375 ], [ 96.369697570800781, 42.843048095703125 ], [ 96.3704833984375, 42.838249206542969 ], [ 96.371246337890625, 42.834140777587891 ], [ 96.371650695800781, 42.831394195556641 ], [ 96.372146606445312, 42.825904846191406 ], [ 96.374229431152344, 42.819526672363281 ], [ 96.374107360839844, 42.813793182373047 ], [ 96.374603271484375, 42.808300018310547 ], [ 96.375030517578125, 42.795703887939453 ], [ 96.3758544921875, 42.789756774902344 ], [ 96.376953125, 42.784736633300781 ], [ 96.3770751953125, 42.781070709228516 ], [ 96.377578735351562, 42.775352478027344 ], [ 96.378349304199219, 42.771007537841797 ], [ 96.378646850585938, 42.762077331542969 ], [ 96.379997253417969, 42.758892059326172 ], [ 96.381118774414062, 42.753410339355469 ], [ 96.381309509277344, 42.747684478759766 ], [ 96.382110595703125, 42.742427825927734 ], [ 96.382568359375, 42.73785400390625 ], [ 96.383079528808594, 42.725326538085938 ], [ 96.381217956542969, 42.720539093017578 ], [ 96.365768432617188, 42.711864471435547 ], [ 96.361045837402344, 42.709148406982422 ], [ 96.35516357421875, 42.706699371337891 ], [ 96.341102600097656, 42.700565338134766 ], [ 96.328346252441406, 42.69512939453125 ], [ 96.312698364257812, 42.688156127929688 ], [ 96.287490844726562, 42.677471160888672 ], [ 96.27899169921875, 42.674514770507812 ], [ 96.261306762695312, 42.666236877441406 ], [ 96.221755981445312, 42.647830963134766 ], [ 96.1900634765625, 42.633285522460938 ], [ 96.186180114746094, 42.631607055664062 ], [ 96.182479858398438, 42.631137847900391 ], [ 96.173377990722656, 42.630271911621094 ], [ 96.168769836425781, 42.629329681396484 ], [ 96.165847778320312, 42.628700256347656 ], [ 96.164710998535156, 42.625934600830078 ], [ 96.163681030273438, 42.6221923828125 ], [ 96.162918090820312, 42.619663238525391 ], [ 96.160789489746094, 42.618709564208984 ], [ 96.158706665039062, 42.618495941162109 ], [ 96.15289306640625, 42.616497039794922 ], [ 96.125030517578125, 42.608348846435547 ], [ 96.103897094726562, 42.602272033691406 ], [ 96.102828979492188, 42.597564697265625 ], [ 96.100784301757812, 42.587863922119141 ], [ 96.098663330078125, 42.576034545898438 ], [ 96.096733093261719, 42.565364837646484 ], [ 96.094894409179688, 42.554355621337891 ], [ 96.092613220214844, 42.542697906494141 ], [ 96.090995788574219, 42.532089233398438 ], [ 96.088966369628906, 42.519874572753906 ], [ 96.086738586425781, 42.509078979492188 ], [ 96.0849609375, 42.498523712158203 ], [ 96.08282470703125, 42.487335205078125 ], [ 96.080467224121094, 42.475681304931641 ], [ 96.078498840332031, 42.464145660400391 ], [ 96.076690673828125, 42.452503204345703 ], [ 96.074615478515625, 42.441715240478516 ], [ 96.073577880859375, 42.436431884765625 ], [ 96.07244873046875, 42.42919921875 ], [ 96.071487426757812, 42.424037933349609 ], [ 96.07098388671875, 42.420764923095703 ], [ 96.072212219238281, 42.416843414306641 ], [ 96.07342529296875, 42.413093566894531 ], [ 96.074195861816406, 42.410999298095703 ], [ 96.074981689453125, 42.408607482910156 ], [ 96.075531005859375, 42.406166076660156 ], [ 96.07659912109375, 42.402355194091797 ], [ 96.077217102050781, 42.400077819824219 ], [ 96.079093933105469, 42.39520263671875 ], [ 96.080078125, 42.391563415527344 ], [ 96.081687927246094, 42.387474060058594 ], [ 96.082008361816406, 42.385025024414062 ], [ 96.083000183105469, 42.381095886230469 ], [ 96.084060668945312, 42.377460479736328 ], [ 96.085525512695312, 42.373256683349609 ], [ 96.087127685546875, 42.369346618652344 ], [ 96.088722229003906, 42.363601684570312 ], [ 96.089973449707031, 42.358997344970703 ], [ 96.09222412109375, 42.352176666259766 ], [ 96.093681335449219, 42.34814453125 ], [ 96.095619201660156, 42.341327667236328 ], [ 96.098930358886719, 42.330814361572266 ], [ 96.100639343261719, 42.32598876953125 ], [ 96.102867126464844, 42.319744110107422 ], [ 96.104888916015625, 42.314979553222656 ], [ 96.106353759765625, 42.312839508056641 ], [ 96.108177185058594, 42.309093475341797 ], [ 96.110198974609375, 42.306392669677734 ], [ 96.111579895019531, 42.304420471191406 ], [ 96.113365173339844, 42.301826477050781 ], [ 96.114326477050781, 42.294353485107422 ], [ 96.116050720214844, 42.284889221191406 ], [ 96.118171691894531, 42.272991180419922 ], [ 96.118255615234375, 42.268474578857422 ], [ 96.115936279296875, 42.266597747802734 ], [ 96.116485595703125, 42.264263153076172 ], [ 96.117408752441406, 42.259819030761719 ], [ 96.119773864746094, 42.249691009521484 ], [ 96.121826171875, 42.239669799804688 ], [ 96.124671936035156, 42.226516723632812 ], [ 96.126823425292969, 42.218036651611328 ], [ 96.129554748535156, 42.205963134765625 ], [ 96.134078979492188, 42.184669494628906 ], [ 96.136764526367188, 42.171741485595703 ], [ 96.13848876953125, 42.159828186035156 ], [ 96.139930725097656, 42.149387359619141 ], [ 96.1422119140625, 42.136913299560547 ], [ 96.143638610839844, 42.126876831054688 ], [ 96.145416259765625, 42.115760803222656 ], [ 96.146636962890625, 42.104923248291016 ], [ 96.148330688476562, 42.09375 ], [ 96.149085998535156, 42.085353851318359 ], [ 96.150108337402344, 42.080345153808594 ], [ 96.151153564453125, 42.072360992431641 ], [ 96.151962280273438, 42.06671142578125 ], [ 96.152717590332031, 42.060489654541016 ], [ 96.154640197753906, 42.053668975830078 ], [ 96.155250549316406, 42.047275543212891 ], [ 96.155876159667969, 42.042484283447266 ], [ 96.156463623046875, 42.036495208740234 ], [ 96.15692138671875, 42.032157897949219 ], [ 96.1571044921875, 42.029075622558594 ], [ 96.15655517578125, 42.022834777832031 ], [ 96.156562805175781, 42.020599365234375 ], [ 96.156425476074219, 42.017852783203125 ], [ 96.155967712402344, 42.015499114990234 ], [ 96.154678344726562, 42.012901306152344 ], [ 96.152976989746094, 42.011150360107422 ], [ 96.150810241699219, 42.009567260742188 ], [ 96.148933410644531, 42.008449554443359 ], [ 96.1458740234375, 42.006210327148438 ], [ 96.142875671386719, 42.004158020019531 ], [ 96.1353759765625, 41.999996185302734 ], [ 96.129081726074219, 41.995189666748047 ], [ 96.12506103515625, 41.992298126220703 ], [ 96.120201110839844, 41.988655090332031 ], [ 96.118461608886719, 41.987270355224609 ], [ 96.1177978515625, 41.985149383544922 ], [ 96.116226196289062, 41.983802795410156 ], [ 96.111984252929688, 41.980213165283203 ], [ 96.104545593261719, 41.974822998046875 ], [ 96.098182678222656, 41.969432830810547 ], [ 96.090744018554688, 41.964038848876953 ], [ 96.083297729492188, 41.959529876708984 ], [ 96.077987670898438, 41.955642700195312 ], [ 96.074806213378906, 41.953235626220703 ], [ 96.072685241699219, 41.951744079589844 ], [ 96.070564270019531, 41.94964599609375 ], [ 96.068458557128906, 41.947261810302734 ], [ 96.066337585449219, 41.945171356201172 ], [ 96.063163757324219, 41.942470550537109 ], [ 96.061058044433594, 41.939491271972656 ], [ 96.055747985839844, 41.935890197753906 ], [ 96.052566528320312, 41.933494567871094 ], [ 96.048324584960938, 41.930198669433594 ], [ 96.044082641601562, 41.927200317382812 ], [ 96.041954040527344, 41.925991058349609 ], [ 96.036643981933594, 41.922687530517578 ], [ 96.031326293945312, 41.919975280761719 ], [ 96.028129577636719, 41.918174743652344 ], [ 96.024932861328125, 41.917251586914062 ], [ 96.022804260253906, 41.916343688964844 ], [ 96.020668029785156, 41.915737152099609 ], [ 96.016387939453125, 41.915103912353516 ], [ 96.014251708984375, 41.91448974609375 ], [ 96.012138366699219, 41.912403106689453 ], [ 96.011093139648438, 41.910610198974609 ], [ 96.008979797363281, 41.908817291259766 ], [ 96.006843566894531, 41.908203125 ], [ 96.0, 41.905517578125 ], [ 95.992202758789062, 41.902683258056641 ], [ 95.988578796386719, 41.901519775390625 ], [ 95.986427307128906, 41.900783538818359 ], [ 95.984275817871094, 41.900012969970703 ], [ 95.981956481933594, 41.899246215820312 ], [ 95.979347229003906, 41.898414611816406 ], [ 95.976387023925781, 41.897438049316406 ], [ 95.973396301269531, 41.896499633789062 ], [ 95.970359802246094, 41.895355224609375 ], [ 95.968360900878906, 41.894504547119141 ], [ 95.966384887695312, 41.89361572265625 ], [ 95.964065551757812, 41.892436981201172 ], [ 95.961883544921875, 41.891441345214844 ], [ 95.959175109863281, 41.890102386474609 ], [ 95.957084655761719, 41.888931274414062 ], [ 95.954437255859375, 41.887477874755859 ], [ 95.952484130859375, 41.886516571044922 ], [ 95.949630737304688, 41.885795593261719 ], [ 95.944755554199219, 41.885265350341797 ], [ 95.942710876464844, 41.885089874267578 ], [ 95.939498901367188, 41.884475708007812 ], [ 95.936119079589844, 41.88311767578125 ], [ 95.931228637695312, 41.880741119384766 ], [ 95.929153442382812, 41.879894256591797 ], [ 95.927253723144531, 41.878982543945312 ], [ 95.925437927246094, 41.878036499023438 ], [ 95.921882629394531, 41.876243591308594 ], [ 95.918922424316406, 41.87481689453125 ], [ 95.915557861328125, 41.873226165771484 ], [ 95.913383483886719, 41.8724365234375 ], [ 95.910598754882812, 41.871738433837891 ], [ 95.908576965332031, 41.871452331542969 ], [ 95.902511596679688, 41.87091064453125 ], [ 95.89935302734375, 41.870555877685547 ], [ 95.896682739257812, 41.870059967041016 ], [ 95.8946533203125, 41.869659423828125 ], [ 95.891273498535156, 41.869029998779297 ], [ 95.888168334960938, 41.868076324462891 ], [ 95.886192321777344, 41.867317199707031 ], [ 95.884300231933594, 41.866481781005859 ], [ 95.881965637207031, 41.865264892578125 ], [ 95.879936218261719, 41.863792419433594 ], [ 95.87786865234375, 41.862396240234375 ], [ 95.8746337890625, 41.8603515625 ], [ 95.872894287109375, 41.859153747558594 ], [ 95.87005615234375, 41.857311248779297 ], [ 95.866439819335938, 41.855052947998047 ], [ 95.863075256347656, 41.853031158447266 ], [ 95.860580444335938, 41.851398468017578 ], [ 95.858749389648438, 41.850391387939453 ], [ 95.855979919433594, 41.849201202392578 ], [ 95.852264404296875, 41.848186492919922 ], [ 95.849784851074219, 41.847740173339844 ], [ 95.847076416015625, 41.847297668457031 ], [ 95.844978332519531, 41.846881866455078 ], [ 95.843002319335938, 41.846572875976562 ], [ 95.838699340820312, 41.846378326416016 ], [ 95.836341857910156, 41.846454620361328 ], [ 95.83251953125, 41.847076416015625 ], [ 95.830192565917969, 41.847602844238281 ], [ 95.826652526855469, 41.848236083984375 ], [ 95.823455810546875, 41.848674774169922 ], [ 95.820892333984375, 41.848812103271484 ], [ 95.814224243164062, 41.848842620849609 ], [ 95.811370849609375, 41.848686218261719 ], [ 95.809150695800781, 41.848423004150391 ], [ 95.805030822753906, 41.847263336181641 ], [ 95.802810668945312, 41.846603393554688 ], [ 95.79876708984375, 41.845252990722656 ], [ 95.796722412109375, 41.844459533691406 ], [ 95.794525146484375, 41.843570709228516 ], [ 95.792472839355469, 41.842700958251953 ], [ 95.789443969726562, 41.841289520263672 ], [ 95.786888122558594, 41.840282440185547 ], [ 95.783943176269531, 41.839241027832031 ], [ 95.780914306640625, 41.838527679443359 ], [ 95.777015686035156, 41.837867736816406 ], [ 95.774589538574219, 41.837436676025391 ], [ 95.771224975585938, 41.836902618408203 ], [ 95.766830444335938, 41.836181640625 ], [ 95.764701843261719, 41.835819244384766 ], [ 95.762123107910156, 41.835483551025391 ], [ 95.758918762207031, 41.835186004638672 ], [ 95.755996704101562, 41.834938049316406 ], [ 95.753669738769531, 41.834728240966797 ], [ 95.751029968261719, 41.834419250488281 ], [ 95.74822998046875, 41.834129333496094 ], [ 95.744346618652344, 41.833824157714844 ], [ 95.7401123046875, 41.833606719970703 ], [ 95.736320495605469, 41.833320617675781 ], [ 95.733528137207031, 41.833274841308594 ], [ 95.730133056640625, 41.833164215087891 ], [ 95.72723388671875, 41.833049774169922 ], [ 95.724540710449219, 41.832889556884766 ], [ 95.718330383300781, 41.832592010498047 ], [ 95.715057373046875, 41.8323974609375 ], [ 95.711830139160156, 41.832138061523438 ], [ 95.709556579589844, 41.831890106201172 ], [ 95.706062316894531, 41.830978393554688 ], [ 95.703323364257812, 41.829723358154297 ], [ 95.699851989746094, 41.828567504882812 ], [ 95.696868896484375, 41.828052520751953 ], [ 95.694755554199219, 41.82806396484375 ], [ 95.692420959472656, 41.827877044677734 ], [ 95.690254211425781, 41.827754974365234 ], [ 95.687644958496094, 41.827800750732422 ], [ 95.684440612792969, 41.828022003173828 ], [ 95.679023742675781, 41.828372955322266 ], [ 95.676139831542969, 41.828956604003906 ], [ 95.673957824707031, 41.8280029296875 ], [ 95.669807434082031, 41.826999664306641 ], [ 95.667388916015625, 41.8265380859375 ], [ 95.66485595703125, 41.826076507568359 ], [ 95.661834716796875, 41.825313568115234 ], [ 95.659400939941406, 41.824745178222656 ], [ 95.655662536621094, 41.823970794677734 ], [ 95.653045654296875, 41.823089599609375 ], [ 95.650039672851562, 41.821857452392578 ], [ 95.648109436035156, 41.820732116699219 ], [ 95.64422607421875, 41.818580627441406 ], [ 95.64215087890625, 41.817352294921875 ], [ 95.639122009277344, 41.815624237060547 ], [ 95.63580322265625, 41.813980102539062 ], [ 95.632431030273438, 41.812442779541016 ], [ 95.628593444824219, 41.810604095458984 ], [ 95.626502990722656, 41.809738159179688 ], [ 95.623916625976562, 41.808650970458984 ], [ 95.621086120605469, 41.807594299316406 ], [ 95.618194580078125, 41.806621551513672 ], [ 95.615890502929688, 41.805759429931641 ], [ 95.612419128417969, 41.804695129394531 ], [ 95.609672546386719, 41.803974151611328 ], [ 95.607017517089844, 41.802860260009766 ], [ 95.602272033691406, 41.801769256591797 ], [ 95.599739074707031, 41.801097869873047 ], [ 95.597457885742188, 41.800628662109375 ], [ 95.595108032226562, 41.800266265869141 ], [ 95.592002868652344, 41.799552917480469 ], [ 95.586196899414062, 41.798198699951172 ], [ 95.577743530273438, 41.796169281005859 ], [ 95.570594787597656, 41.794120788574219 ], [ 95.569076538085938, 41.792667388916016 ], [ 95.567726135253906, 41.790306091308594 ], [ 95.566390991210938, 41.788223266601562 ], [ 95.564430236816406, 41.786155700683594 ], [ 95.562492370605469, 41.784324645996094 ], [ 95.559951782226562, 41.782611846923828 ], [ 95.557609558105469, 41.781459808349609 ], [ 95.555511474609375, 41.780391693115234 ], [ 95.550811767578125, 41.778564453125 ], [ 95.548393249511719, 41.778018951416016 ], [ 95.544937133789062, 41.777030944824219 ], [ 95.54254150390625, 41.776298522949219 ], [ 95.54058837890625, 41.775772094726562 ], [ 95.537704467773438, 41.774845123291016 ], [ 95.534538269042969, 41.773242950439453 ], [ 95.532791137695312, 41.772190093994141 ], [ 95.529815673828125, 41.769962310791016 ], [ 95.527015686035156, 41.767681121826172 ], [ 95.523872375488281, 41.76519775390625 ], [ 95.522109985351562, 41.763725280761719 ], [ 95.520393371582031, 41.762565612792969 ], [ 95.518318176269531, 41.76104736328125 ], [ 95.516372680664062, 41.759552001953125 ], [ 95.514297485351562, 41.758060455322266 ], [ 95.512191772460938, 41.756645202636719 ], [ 95.510528564453125, 41.755512237548828 ], [ 95.507644653320312, 41.753749847412109 ], [ 95.504776000976562, 41.7525634765625 ], [ 95.502212524414062, 41.751808166503906 ], [ 95.500190734863281, 41.750942230224609 ], [ 95.497856140136719, 41.749820709228516 ], [ 95.495689392089844, 41.748695373535156 ], [ 95.493339538574219, 41.747417449951172 ], [ 95.490409851074219, 41.74578857421875 ], [ 95.488121032714844, 41.744274139404297 ], [ 95.484664916992188, 41.742084503173828 ], [ 95.482269287109375, 41.740493774414062 ], [ 95.480445861816406, 41.739151000976562 ], [ 95.477455139160156, 41.736972808837891 ], [ 95.475044250488281, 41.735622406005859 ], [ 95.471099853515625, 41.734531402587891 ], [ 95.468818664550781, 41.733829498291016 ], [ 95.466102600097656, 41.732112884521484 ], [ 95.463043212890625, 41.730197906494141 ], [ 95.460945129394531, 41.729045867919922 ], [ 95.458183288574219, 41.727283477783203 ], [ 95.45513916015625, 41.725078582763672 ], [ 95.453353881835938, 41.723838806152344 ], [ 95.451469421386719, 41.722606658935547 ], [ 95.449249267578125, 41.721065521240234 ], [ 95.447257995605469, 41.719829559326172 ], [ 95.445014953613281, 41.718391418457031 ], [ 95.441520690917969, 41.716587066650391 ], [ 95.439567565917969, 41.715618133544922 ], [ 95.437507629394531, 41.714511871337891 ], [ 95.435310363769531, 41.713306427001953 ], [ 95.428939819335938, 41.710292816162109 ], [ 95.4266357421875, 41.709194183349609 ], [ 95.422737121582031, 41.707714080810547 ], [ 95.419563293457031, 41.706398010253906 ], [ 95.416526794433594, 41.704597473144531 ], [ 95.414192199707031, 41.703201293945312 ], [ 95.411102294921875, 41.701602935791016 ], [ 95.406349182128906, 41.698963165283203 ], [ 95.403961181640625, 41.697792053222656 ], [ 95.402145385742188, 41.6966552734375 ], [ 95.398483276367188, 41.694515228271484 ], [ 95.395927429199219, 41.693084716796875 ], [ 95.393379211425781, 41.691837310791016 ], [ 95.388015747070312, 41.694423675537109 ], [ 95.38494873046875, 41.69549560546875 ], [ 95.381050109863281, 41.695980072021484 ], [ 95.378128051757812, 41.696281433105469 ], [ 95.375534057617188, 41.696170806884766 ], [ 95.371337890625, 41.694339752197266 ], [ 95.368515014648438, 41.692733764648438 ], [ 95.365615844726562, 41.691532135009766 ], [ 95.361579895019531, 41.689304351806641 ], [ 95.358375549316406, 41.688674926757812 ], [ 95.353874206542969, 41.687355041503906 ], [ 95.350822448730469, 41.686328887939453 ], [ 95.347084045410156, 41.685756683349609 ], [ 95.343574523925781, 41.685466766357422 ], [ 95.339462280273438, 41.684947967529297 ], [ 95.334732055664062, 41.684719085693359 ], [ 95.328933715820312, 41.684776306152344 ], [ 95.325653076171875, 41.684661865234375 ], [ 95.32305908203125, 41.684371948242188 ], [ 95.321304321289062, 41.683399200439453 ], [ 95.316886901855469, 41.680759429931641 ], [ 95.311164855957031, 41.678695678710938 ], [ 95.307815551757812, 41.678531646728516 ], [ 95.301025390625, 41.67840576171875 ], [ 95.296371459960938, 41.678749084472656 ], [ 95.288589477539062, 41.679599761962891 ], [ 95.286376953125, 41.680740356445312 ], [ 95.287437438964844, 41.683086395263672 ], [ 95.287818908691406, 41.686061859130859 ], [ 95.286361694335938, 41.689258575439453 ], [ 95.2843017578125, 41.691551208496094 ], [ 95.281547546386719, 41.69171142578125 ], [ 95.277580261230469, 41.691825866699219 ], [ 95.274909973144531, 41.692050933837891 ], [ 95.272087097167969, 41.691818237304688 ], [ 95.269119262695312, 41.691020965576172 ], [ 95.266754150390625, 41.689476013183594 ], [ 95.264625549316406, 41.687526702880859 ], [ 95.262718200683594, 41.685234069824219 ], [ 95.260360717773438, 41.682830810546875 ], [ 95.257850646972656, 41.680934906005859 ], [ 95.254875183105469, 41.679679870605469 ], [ 95.252204895019531, 41.679157257080078 ], [ 95.24969482421875, 41.678810119628906 ], [ 95.246261596679688, 41.678985595703125 ], [ 95.24420166015625, 41.679149627685547 ], [ 95.242057800292969, 41.680408477783203 ], [ 95.240913391113281, 41.683376312255859 ], [ 95.241737365722656, 41.687210083007812 ], [ 95.242263793945312, 41.689613342285156 ], [ 95.242950439453125, 41.691905975341797 ], [ 95.244163513183594, 41.69390869140625 ], [ 95.245147705078125, 41.696598052978516 ], [ 95.242477416992188, 41.698188781738281 ], [ 95.240570068359375, 41.697559356689453 ], [ 95.238510131835938, 41.696132659912109 ], [ 95.235923767089844, 41.693843841552734 ], [ 95.233566284179688, 41.691890716552734 ], [ 95.231658935546875, 41.69085693359375 ], [ 95.229522705078125, 41.691024780273438 ], [ 95.225860595703125, 41.691596984863281 ], [ 95.2232666015625, 41.690902709960938 ], [ 95.220985412597656, 41.689414978027344 ], [ 95.21710205078125, 41.68695068359375 ], [ 95.213287353515625, 41.685054779052734 ], [ 95.210243225097656, 41.683219909667969 ], [ 95.207351684570312, 41.681159973144531 ], [ 95.203926086425781, 41.679435729980469 ], [ 95.201789855957031, 41.679035186767578 ], [ 95.198585510253906, 41.678798675537109 ], [ 95.19561767578125, 41.678047180175781 ], [ 95.192489624023438, 41.677135467529297 ], [ 95.189140319824219, 41.676036834716797 ], [ 95.186775207519531, 41.674777984619141 ], [ 95.183197021484375, 41.673107147216797 ], [ 95.180381774902344, 41.671901702880859 ], [ 95.177101135253906, 41.671558380126953 ], [ 95.173065185546875, 41.670742034912109 ], [ 95.169097900390625, 41.671142578125 ], [ 95.165283203125, 41.671878814697266 ], [ 95.160629272460938, 41.672382354736328 ], [ 95.156661987304688, 41.672599792480469 ], [ 95.1524658203125, 41.672191619873047 ], [ 95.149566650390625, 41.671840667724609 ], [ 95.147056579589844, 41.671268463134766 ], [ 95.145225524902344, 41.670402526855469 ], [ 95.143791198730469, 41.667655944824219 ], [ 95.142578125, 41.664455413818359 ], [ 95.1409912109375, 41.662216186523438 ], [ 95.138717651367188, 41.658889770507812 ], [ 95.134918212890625, 41.655799865722656 ], [ 95.131645202636719, 41.654186248779297 ], [ 95.128143310546875, 41.652408599853516 ], [ 95.125022888183594, 41.651313781738281 ], [ 95.122512817382812, 41.65045166015625 ], [ 95.118247985839844, 41.648952484130859 ], [ 95.114669799804688, 41.64739990234375 ], [ 95.110176086425781, 41.64630126953125 ], [ 95.106437683105469, 41.646522521972656 ], [ 95.103004455566406, 41.647144317626953 ], [ 95.098793029785156, 41.647308349609375 ], [ 95.095535278320312, 41.647468566894531 ], [ 95.09210205078125, 41.6474609375 ], [ 95.089363098144531, 41.646881103515625 ], [ 95.086479187011719, 41.645717620849609 ], [ 95.083457946777344, 41.644336700439453 ], [ 95.080314636230469, 41.642791748046875 ], [ 95.077056884765625, 41.641246795654297 ], [ 95.074028015136719, 41.639739990234375 ], [ 95.065582275390625, 41.634113311767578 ], [ 95.054100036621094, 41.627799987792969 ], [ 95.05096435546875, 41.62646484375 ], [ 95.048355102539062, 41.625709533691406 ], [ 95.046012878417969, 41.624568939208984 ], [ 95.043708801269531, 41.622627258300781 ], [ 95.042312622070312, 41.621131896972656 ], [ 95.040611267089844, 41.619094848632812 ], [ 95.038352966308594, 41.616943359375 ], [ 95.036903381347656, 41.615531921386719 ], [ 95.035224914550781, 41.614086151123047 ], [ 95.033042907714844, 41.612602233886719 ], [ 95.030982971191406, 41.611373901367188 ], [ 95.029151916503906, 41.610393524169922 ], [ 95.027091979980469, 41.6092529296875 ], [ 95.02410888671875, 41.607280731201172 ], [ 95.022323608398438, 41.605960845947266 ], [ 95.020263671875, 41.604732513427734 ], [ 95.018379211425781, 41.603710174560547 ], [ 95.015411376953125, 41.602283477783203 ], [ 95.013519287109375, 41.601222991943359 ], [ 95.010162353515625, 41.599803924560547 ], [ 95.002792358398438, 41.597862243652344 ], [ 95.000755310058594, 41.597434997558594 ], [ 94.997184753417969, 41.596443176269531 ], [ 94.995399475097656, 41.595081329345703 ], [ 94.993705749511719, 41.593086242675781 ], [ 94.992362976074219, 41.590473175048828 ], [ 94.990097045898438, 41.588062286376953 ], [ 94.988090515136719, 41.586830139160156 ], [ 94.985923767089844, 41.585651397705078 ], [ 94.983985900878906, 41.584751129150391 ], [ 94.980224609375, 41.583045959472656 ], [ 94.977546691894531, 41.581867218017578 ], [ 94.972496032714844, 41.580268859863281 ], [ 94.970001220703125, 41.579547882080078 ], [ 94.967857360839844, 41.579250335693359 ], [ 94.965492248535156, 41.578952789306641 ], [ 94.962074279785156, 41.579433441162109 ], [ 94.9598388671875, 41.579807281494141 ], [ 94.957801818847656, 41.580371856689453 ], [ 94.955467224121094, 41.581001281738281 ], [ 94.952667236328125, 41.581386566162109 ], [ 94.949302673339844, 41.579883575439453 ], [ 94.94500732421875, 41.579025268554688 ], [ 94.938377380371094, 41.579010009765625 ], [ 94.930015563964844, 41.579322814941406 ], [ 94.927093505859375, 41.579414367675781 ], [ 94.924636840820312, 41.579750061035156 ], [ 94.922134399414062, 41.57989501953125 ], [ 94.918304443359375, 41.579372406005859 ], [ 94.914833068847656, 41.577991485595703 ], [ 94.912452697753906, 41.577274322509766 ], [ 94.909675598144531, 41.576515197753906 ], [ 94.905845642089844, 41.576160430908203 ], [ 94.903762817382812, 41.576023101806641 ], [ 94.900062561035156, 41.576213836669922 ], [ 94.896820068359375, 41.576942443847656 ], [ 94.8931884765625, 41.57763671875 ], [ 94.889213562011719, 41.578163146972656 ], [ 94.885513305664062, 41.578395843505859 ], [ 94.883323669433594, 41.578472137451172 ], [ 94.881134033203125, 41.578510284423828 ], [ 94.877426147460938, 41.578399658203125 ], [ 94.871559143066406, 41.57781982421875 ], [ 94.867172241210938, 41.577510833740234 ], [ 94.863059997558594, 41.577201843261719 ], [ 94.857139587402344, 41.576576232910156 ], [ 94.854606628417969, 41.576198577880859 ], [ 94.852630615234375, 41.575847625732422 ], [ 94.848625183105469, 41.575263977050781 ], [ 94.84234619140625, 41.574028015136719 ], [ 94.839271545410156, 41.573238372802734 ], [ 94.836051940917969, 41.572620391845703 ], [ 94.833404541015625, 41.572383880615234 ], [ 94.831398010253906, 41.572467803955078 ], [ 94.828590393066406, 41.572959899902344 ], [ 94.826515197753906, 41.573272705078125 ], [ 94.822799682617188, 41.573501586914062 ], [ 94.820777893066406, 41.573028564453125 ], [ 94.818153381347656, 41.572288513183594 ], [ 94.815902709960938, 41.571540832519531 ], [ 94.813583374023438, 41.570907592773438 ], [ 94.809089660644531, 41.569805145263672 ], [ 94.806098937988281, 41.569351196289062 ], [ 94.802436828613281, 41.56884765625 ], [ 94.799179077148438, 41.569179534912109 ], [ 94.795341491699219, 41.570301055908203 ], [ 94.792915344238281, 41.571342468261719 ], [ 94.789810180664062, 41.572227478027344 ], [ 94.787742614746094, 41.572597503662109 ], [ 94.776115417480469, 41.571773529052734 ], [ 94.77044677734375, 41.571189880371094 ], [ 94.765670776367188, 41.570648193359375 ], [ 94.761039733886719, 41.569995880126953 ], [ 94.756484985351562, 41.569393157958984 ], [ 94.750526428222656, 41.569091796875 ], [ 94.743370056152344, 41.568363189697266 ], [ 94.740753173828125, 41.567844390869141 ], [ 94.736953735351562, 41.567623138427734 ], [ 94.733749389648438, 41.567615509033203 ], [ 94.730697631835938, 41.567550659179688 ], [ 94.72808837890625, 41.567253112792969 ], [ 94.72369384765625, 41.566875457763672 ], [ 94.721603393554688, 41.566627502441406 ], [ 94.719436645507812, 41.566211700439453 ], [ 94.715362548828125, 41.564262390136719 ], [ 94.712806701660156, 41.563011169433594 ], [ 94.710685729980469, 41.561649322509766 ], [ 94.710289001464844, 41.559165954589844 ], [ 94.7125244140625, 41.55615234375 ], [ 94.713630676269531, 41.552947998046875 ], [ 94.713363647460938, 41.548892974853516 ], [ 94.713775634765625, 41.546661376953125 ], [ 94.715080261230469, 41.545120239257812 ], [ 94.716995239257812, 41.543876647949219 ], [ 94.719444274902344, 41.542633056640625 ], [ 94.721511840820312, 41.541900634765625 ], [ 94.723876953125, 41.541397094726562 ], [ 94.728363037109375, 41.541706085205078 ], [ 94.729751586914062, 41.540119171142578 ], [ 94.728935241699219, 41.538223266601562 ], [ 94.730018615722656, 41.536056518554688 ], [ 94.732933044433594, 41.534130096435547 ], [ 94.73236083984375, 41.530807495117188 ], [ 94.731010437011719, 41.528972625732422 ], [ 94.728973388671875, 41.527580261230469 ], [ 94.726707458496094, 41.525283813476562 ], [ 94.72528076171875, 41.523674011230469 ], [ 94.722419738769531, 41.520908355712891 ], [ 94.720458984375, 41.519184112548828 ], [ 94.719039916992188, 41.516826629638672 ], [ 94.719680786132812, 41.513404846191406 ], [ 94.7200927734375, 41.510833740234375 ], [ 94.720497131347656, 41.508487701416016 ], [ 94.721595764160156, 41.505516052246094 ], [ 94.722549438476562, 41.501522064208984 ], [ 94.724105834960938, 41.497810363769531 ], [ 94.726188659667969, 41.495418548583984 ], [ 94.727577209472656, 41.493309020996094 ], [ 94.728370666503906, 41.490688323974609 ], [ 94.731224060058594, 41.486701965332031 ], [ 94.732467651367188, 41.484306335449219 ], [ 94.731727600097656, 41.482009887695312 ], [ 94.729400634765625, 41.479076385498047 ], [ 94.727378845214844, 41.475971221923828 ], [ 94.726119995117188, 41.473163604736328 ], [ 94.725379943847656, 41.47076416015625 ], [ 94.725028991699219, 41.468410491943359 ], [ 94.723396301269531, 41.464740753173828 ], [ 94.721977233886719, 41.461925506591797 ], [ 94.720855712890625, 41.459980010986328 ], [ 94.718978881835938, 41.458362579345703 ], [ 94.713394165039062, 41.454502105712891 ], [ 94.709770202636719, 41.451900482177734 ], [ 94.708343505859375, 41.450355529785156 ], [ 94.707145690917969, 41.448284149169922 ], [ 94.706352233886719, 41.444614410400391 ], [ 94.705245971679688, 41.441116333007812 ], [ 94.704673767089844, 41.438083648681641 ], [ 94.703590393066406, 41.432929992675781 ], [ 94.700401306152344, 41.425758361816406 ], [ 94.698089599609375, 41.42156982421875 ], [ 94.696304321289062, 41.418128967285156 ], [ 94.691230773925781, 41.410144805908203 ], [ 94.687789916992188, 41.405200958251953 ], [ 94.685317993164062, 41.401870727539062 ], [ 94.683456420898438, 41.398826599121094 ], [ 94.682655334472656, 41.395389556884766 ], [ 94.682601928710938, 41.393329620361328 ], [ 94.682044982910156, 41.389148712158203 ], [ 94.680618286132812, 41.380500793457031 ], [ 94.679939270019531, 41.373748779296875 ], [ 94.678916931152344, 41.363212585449219 ], [ 94.677963256835938, 41.360633850097656 ], [ 94.677070617675781, 41.358512878417969 ], [ 94.675430297851562, 41.355979919433594 ], [ 94.674392700195312, 41.353691101074219 ], [ 94.6722412109375, 41.34967041015625 ], [ 94.667472839355469, 41.341518402099609 ], [ 94.665168762207031, 41.337841033935547 ], [ 94.663002014160156, 41.334335327148438 ], [ 94.661087036132812, 41.329807281494141 ], [ 94.659538269042969, 41.325443267822266 ], [ 94.656242370605469, 41.321765899658203 ], [ 94.653694152832031, 41.319461822509766 ], [ 94.651512145996094, 41.317726135253906 ], [ 94.649101257324219, 41.316112518310547 ], [ 94.647003173828125, 41.314434051513672 ], [ 94.644821166992188, 41.312591552734375 ], [ 94.642265319824219, 41.310340881347656 ], [ 94.640396118164062, 41.308559417724609 ], [ 94.637763977050781, 41.306480407714844 ], [ 94.635513305664062, 41.304458618164062 ], [ 94.63348388671875, 41.303138732910156 ], [ 94.630622863769531, 41.300712585449219 ], [ 94.625953674316406, 41.298274993896484 ], [ 94.622039794921875, 41.295906066894531 ], [ 94.619186401367188, 41.293598175048828 ], [ 94.616790771484375, 41.291118621826172 ], [ 94.612083435058594, 41.283927917480469 ], [ 94.604766845703125, 41.275875091552734 ], [ 94.602073669433594, 41.272823333740234 ], [ 94.599822998046875, 41.271087646484375 ], [ 94.5970458984375, 41.268669128417969 ], [ 94.590286254882812, 41.263702392578125 ], [ 94.588340759277344, 41.261569976806641 ], [ 94.585655212402344, 41.258346557617188 ], [ 94.582374572753906, 41.254322052001953 ], [ 94.579757690429688, 41.251270294189453 ], [ 94.577613830566406, 41.247249603271484 ], [ 94.575172424316406, 41.242771148681641 ], [ 94.573463439941406, 41.240013122558594 ], [ 94.57159423828125, 41.237705230712891 ], [ 94.566841125488281, 41.230575561523438 ], [ 94.564750671386719, 41.228561401367188 ], [ 94.562347412109375, 41.226314544677734 ], [ 94.558990478515625, 41.222625732421875 ], [ 94.557357788085938, 41.220325469970703 ], [ 94.555267333984375, 41.217903137207031 ], [ 94.553024291992188, 41.215377807617188 ], [ 94.550865173339844, 41.212615966796875 ], [ 94.547882080078125, 41.208873748779297 ], [ 94.546470642089844, 41.206912994384766 ], [ 94.542709350585938, 41.199623107910156 ], [ 94.5369873046875, 41.191280364990234 ], [ 94.534172058105469, 41.186908721923828 ], [ 94.532241821289062, 41.183746337890625 ], [ 94.530845642089844, 41.180938720703125 ], [ 94.530349731445312, 41.178466796875 ], [ 94.530929565429688, 41.174930572509766 ], [ 94.532493591308594, 41.170940399169922 ], [ 94.5338134765625, 41.168373107910156 ], [ 94.535758972167969, 41.164897918701172 ], [ 94.537925720214844, 41.161079406738281 ], [ 94.538711547851562, 41.158855438232422 ], [ 94.5400390625, 41.156002044677734 ], [ 94.541374206542969, 41.152355194091797 ], [ 94.543014526367188, 41.148757934570312 ], [ 94.543647766113281, 41.1463623046875 ], [ 94.545059204101562, 41.142597198486328 ], [ 94.546157836914062, 41.14019775390625 ], [ 94.547416687011719, 41.136264801025391 ], [ 94.54852294921875, 41.133125305175781 ], [ 94.548782348632812, 41.130664825439453 ], [ 94.549186706542969, 41.128208160400391 ], [ 94.548553466796875, 41.124885559082031 ], [ 94.551315307617188, 41.122272491455078 ], [ 94.554450988769531, 41.119728088378906 ], [ 94.556900024414062, 41.117401123046875 ], [ 94.558441162109375, 41.115287780761719 ], [ 94.559913635253906, 41.112613677978516 ], [ 94.56231689453125, 41.108169555664062 ], [ 94.563667297363281, 41.103199005126953 ], [ 94.564483642578125, 41.098342895507812 ], [ 94.564964294433594, 41.096229553222656 ], [ 94.566650390625, 41.089202880859375 ], [ 94.566986083984375, 41.086750030517578 ], [ 94.567405700683594, 41.083427429199219 ], [ 94.568008422851562, 41.077434539794922 ], [ 94.567886352539062, 41.075428009033203 ], [ 94.568717956542969, 41.069942474365234 ], [ 94.568290710449219, 41.06793212890625 ], [ 94.567497253417969, 41.064727783203125 ], [ 94.565635681152344, 41.062538146972656 ], [ 94.563911437988281, 41.061435699462891 ], [ 94.561965942382812, 41.060337066650391 ], [ 94.559333801269531, 41.058940887451172 ], [ 94.555274963378906, 41.057426452636719 ], [ 94.552108764648438, 41.056770324707031 ], [ 94.548492431640625, 41.055942535400391 ], [ 94.544952392578125, 41.055397033691406 ], [ 94.54193115234375, 41.054977416992188 ], [ 94.538993835449219, 41.054325103759766 ], [ 94.533798217773438, 41.053195953369141 ], [ 94.529579162597656, 41.051792144775391 ], [ 94.526870727539062, 41.050910949707031 ], [ 94.523040771484375, 41.049396514892578 ], [ 94.519660949707031, 41.048114776611328 ], [ 94.516502380371094, 41.046718597412109 ], [ 94.51312255859375, 41.045257568359375 ], [ 94.509590148925781, 41.044197082519531 ], [ 94.505905151367188, 41.042797088623047 ], [ 94.499595642089844, 41.039039611816406 ], [ 94.365974426269531, 40.999847412109375 ], [ 94.35980224609375, 40.996116638183594 ], [ 94.357513427734375, 40.995288848876953 ], [ 94.354377746582031, 40.993675231933594 ], [ 94.350563049316406, 40.992244720458984 ], [ 94.347869873046875, 40.990512847900391 ], [ 94.344398498535156, 40.987579345703125 ], [ 94.339942932128906, 40.984668731689453 ], [ 94.334503173828125, 40.981609344482422 ], [ 94.328987121582031, 40.978591918945312 ], [ 94.324935913085938, 40.976596832275391 ], [ 94.319068908691406, 40.974502563476562 ], [ 94.31396484375, 40.972858428955078 ], [ 94.310905456542969, 40.971237182617188 ], [ 94.30780029296875, 40.967742919921875 ], [ 94.305267333984375, 40.963249206542969 ], [ 94.303108215332031, 40.961112976074219 ], [ 94.299385070800781, 40.960311889648438 ], [ 94.296600341796875, 40.960575103759766 ], [ 94.294113159179688, 40.961063385009766 ], [ 94.291641235351562, 40.961666107177734 ], [ 94.289237976074219, 40.9622802734375 ], [ 94.286140441894531, 40.962429046630859 ], [ 94.284019470214844, 40.961948394775391 ], [ 94.282112121582031, 40.961288452148438 ], [ 94.280281066894531, 40.960399627685547 ], [ 94.277214050292969, 40.958667755126953 ], [ 94.27386474609375, 40.9573974609375 ], [ 94.271583557128906, 40.956855773925781 ], [ 94.269081115722656, 40.956317901611328 ], [ 94.266578674316406, 40.955947875976562 ], [ 94.261123657226562, 40.955055236816406 ], [ 94.257476806640625, 40.954246520996094 ], [ 94.253982543945312, 40.9534912109375 ], [ 94.251541137695312, 40.952320098876953 ], [ 94.248626708984375, 40.950523376464844 ], [ 94.245254516601562, 40.948402404785156 ], [ 94.240440368652344, 40.945777893066406 ], [ 94.236083984375, 40.943771362304688 ], [ 94.229759216308594, 40.941001892089844 ], [ 94.224571228027344, 40.938953399658203 ], [ 94.216812133789062, 40.936199188232422 ], [ 94.211189270019531, 40.934555053710938 ], [ 94.206001281738281, 40.932159423828125 ], [ 94.20416259765625, 40.930980682373047 ], [ 94.202468872070312, 40.929576873779297 ], [ 94.200630187988281, 40.928398132324219 ], [ 94.194541931152344, 40.922870635986328 ], [ 94.19537353515625, 40.919773101806641 ], [ 94.195343017578125, 40.915027618408203 ], [ 94.196884155273438, 40.909976959228516 ], [ 94.196487426757812, 40.905689239501953 ], [ 94.195304870605469, 40.903591156005859 ], [ 94.19207763671875, 40.901058197021484 ], [ 94.189483642578125, 40.899833679199219 ], [ 94.181266784667969, 40.896507263183594 ], [ 94.173805236816406, 40.893512725830078 ], [ 94.17144775390625, 40.892971038818359 ], [ 94.169174194335938, 40.892200469970703 ], [ 94.167251586914062, 40.890678405761719 ], [ 94.166450500488281, 40.888805389404297 ], [ 94.164436340332031, 40.882938385009766 ], [ 94.163375854492188, 40.879177093505859 ], [ 94.162498474121094, 40.877239227294922 ], [ 94.160041809082031, 40.875156402587891 ], [ 94.158065795898438, 40.874385833740234 ], [ 94.155937194824219, 40.873836517333984 ], [ 94.153633117675781, 40.871864318847656 ], [ 94.152275085449219, 40.868446350097656 ], [ 94.151161193847656, 40.865825653076172 ], [ 94.1488037109375, 40.861400604248047 ], [ 94.145111083984375, 40.858242034912109 ], [ 94.143341064453125, 40.856494903564453 ], [ 94.140205383300781, 40.854644775390625 ], [ 94.136634826660156, 40.853309631347656 ], [ 94.134941101074219, 40.851680755615234 ], [ 94.131309509277344, 40.847545623779297 ], [ 94.127304077148438, 40.843704223632812 ], [ 94.124977111816406, 40.8408203125 ], [ 94.123725891113281, 40.838779449462891 ], [ 94.123085021972656, 40.836837768554688 ], [ 94.122756958007812, 40.83221435546875 ], [ 94.12109375, 40.828456878662109 ], [ 94.118766784667969, 40.825508117675781 ], [ 94.11700439453125, 40.82421875 ], [ 94.113739013671875, 40.822830200195312 ], [ 94.109855651855469, 40.82098388671875 ], [ 94.1025390625, 40.817470550537109 ], [ 94.097518920898438, 40.815071105957031 ], [ 94.090438842773438, 40.811786651611328 ], [ 94.085494995117188, 40.809555053710938 ], [ 94.077583312988281, 40.806163787841797 ], [ 94.075080871582031, 40.805160522460938 ], [ 94.071296691894531, 40.804347991943359 ], [ 94.067512512207031, 40.803421020507812 ], [ 94.0643310546875, 40.802604675292969 ], [ 94.06121826171875, 40.801551818847656 ], [ 94.059165954589844, 40.800777435302734 ], [ 94.056266784667969, 40.799030303955078 ], [ 94.054046630859375, 40.797401428222656 ], [ 94.052276611328125, 40.795421600341797 ], [ 94.049827575683594, 40.793441772460938 ], [ 94.045196533203125, 40.788127899169922 ], [ 94.040817260742188, 40.784061431884766 ], [ 94.0390625, 40.782646179199219 ], [ 94.03692626953125, 40.781581878662109 ], [ 94.032005310058594, 40.78021240234375 ], [ 94.028984069824219, 40.779621124267578 ], [ 94.02557373046875, 40.77862548828125 ], [ 94.020423889160156, 40.777256011962891 ], [ 94.015724182128906, 40.775711059570312 ], [ 94.009490966796875, 40.773036956787109 ], [ 94.005683898925781, 40.770847320556641 ], [ 94.002769470214844, 40.768306732177734 ], [ 93.997970581054688, 40.765331268310547 ], [ 93.994789123535156, 40.764278411865234 ], [ 93.98712158203125, 40.761272430419922 ], [ 93.983634948730469, 40.760116577148438 ], [ 93.978858947753906, 40.758392333984375 ], [ 93.973564147949219, 40.757076263427734 ], [ 93.971450805664062, 40.756698608398438 ], [ 93.967910766601562, 40.756736755371094 ], [ 93.962738037109375, 40.757877349853516 ], [ 93.958999633789062, 40.759178161621094 ], [ 93.952934265136719, 40.761138916015625 ], [ 93.949188232421875, 40.762203216552734 ], [ 93.945541381835938, 40.764133453369141 ], [ 93.941810607910156, 40.766288757324219 ], [ 93.939781188964844, 40.766368865966797 ], [ 93.935699462890625, 40.765609741210938 ], [ 93.933738708496094, 40.765174865722656 ], [ 93.928665161132812, 40.763912200927734 ], [ 93.926162719726562, 40.762966156005859 ], [ 93.922080993652344, 40.761867523193359 ], [ 93.918891906738281, 40.760520935058594 ], [ 93.916770935058594, 40.759693145751953 ], [ 93.91314697265625, 40.759269714355469 ], [ 93.910957336425781, 40.759063720703125 ], [ 93.908843994140625, 40.758567810058594 ], [ 93.904426574707031, 40.756160736083984 ], [ 93.902671813964844, 40.754688262939453 ], [ 93.896873474121094, 40.750457763671875 ], [ 93.892524719238281, 40.747356414794922 ], [ 93.888252258300781, 40.744087219238281 ], [ 93.87945556640625, 40.740684509277344 ], [ 93.873382568359375, 40.725189208984375 ], [ 93.871734619140625, 40.721321105957031 ], [ 93.870323181152344, 40.718128204345703 ], [ 93.86920166015625, 40.714309692382812 ], [ 93.866783142089844, 40.709354400634766 ], [ 93.865074157714844, 40.706172943115234 ], [ 93.863975524902344, 40.704010009765625 ], [ 93.862220764160156, 40.702247619628906 ], [ 93.860160827636719, 40.700614929199219 ], [ 93.857948303222656, 40.699092864990234 ], [ 93.853538513183594, 40.696453094482422 ], [ 93.84814453125, 40.693122863769531 ], [ 93.842071533203125, 40.689926147460938 ], [ 93.837814331054688, 40.687335968017578 ], [ 93.834091186523438, 40.685203552246094 ], [ 93.830146789550781, 40.683238983154297 ], [ 93.825973510742188, 40.68133544921875 ], [ 93.822189331054688, 40.679714202880859 ], [ 93.819313049316406, 40.67877197265625 ], [ 93.815681457519531, 40.677543640136719 ], [ 93.810401916503906, 40.676277160644531 ], [ 93.805496215820312, 40.675525665283203 ], [ 93.801956176757812, 40.675048828125 ], [ 93.799163818359375, 40.674446105957031 ], [ 93.797050476074219, 40.673828125 ], [ 93.794403076171875, 40.673225402832031 ], [ 93.792282104492188, 40.672161102294922 ], [ 93.789161682128906, 40.670021057128906 ], [ 93.787635803222656, 40.668598175048828 ], [ 93.78558349609375, 40.667190551757812 ], [ 93.7828369140625, 40.664867401123047 ], [ 93.779029846191406, 40.661758422851562 ], [ 93.776893615722656, 40.659721374511719 ], [ 93.773399353027344, 40.657638549804688 ], [ 93.768989562988281, 40.654705047607422 ], [ 93.764434814453125, 40.652061462402344 ], [ 93.759735107421875, 40.649642944335938 ], [ 93.7548828125, 40.646827697753906 ], [ 93.746170043945312, 40.642906188964844 ], [ 93.7371826171875, 40.639720916748047 ], [ 93.732795715332031, 40.638046264648438 ], [ 93.725761413574219, 40.635307312011719 ], [ 93.719795227050781, 40.633129119873047 ], [ 93.714950561523438, 40.631053924560547 ], [ 93.706642150878906, 40.628097534179688 ], [ 93.698783874511719, 40.625652313232422 ], [ 93.690933227539062, 40.623367309570312 ], [ 93.682571411132812, 40.621723175048828 ], [ 93.673820495605469, 40.619621276855469 ], [ 93.665840148925781, 40.618091583251953 ], [ 93.659660339355469, 40.617057800292969 ], [ 93.647918701171875, 40.615493774414062 ], [ 93.644081115722656, 40.615127563476562 ], [ 93.641815185546875, 40.614570617675781 ], [ 93.639472961425781, 40.613506317138672 ], [ 93.636817932128906, 40.611808776855469 ], [ 93.634315490722656, 40.609714508056641 ], [ 93.631492614746094, 40.606758117675781 ], [ 93.629501342773438, 40.604202270507812 ], [ 93.627822875976562, 40.602329254150391 ], [ 93.626213073730469, 40.600223541259766 ], [ 93.623466491699219, 40.596931457519531 ], [ 93.62139892578125, 40.594142913818359 ], [ 93.620315551757812, 40.591926574707031 ], [ 93.619384765625, 40.589580535888672 ], [ 93.617904663085938, 40.586101531982422 ], [ 93.615531921386719, 40.582576751708984 ], [ 93.612030029296875, 40.579631805419922 ], [ 93.61029052734375, 40.578498840332031 ], [ 93.608474731445312, 40.577545166015625 ], [ 93.604545593261719, 40.575969696044922 ], [ 93.60137939453125, 40.574733734130859 ], [ 93.593765258789062, 40.572513580322266 ], [ 93.590675354003906, 40.571792602539062 ], [ 93.578323364257812, 40.569026947021484 ], [ 93.568763732910156, 40.566867828369141 ], [ 93.563491821289062, 40.565532684326172 ], [ 93.559120178222656, 40.564590454101562 ], [ 93.553024291992188, 40.563152313232422 ], [ 93.549636840820312, 40.562484741210938 ], [ 93.544441223144531, 40.561382293701172 ], [ 93.541954040527344, 40.560657501220703 ], [ 93.539840698242188, 40.559757232666016 ], [ 93.5367431640625, 40.558349609375 ], [ 93.531532287597656, 40.555816650390625 ], [ 93.529495239257812, 40.554744720458984 ], [ 93.526763916015625, 40.552642822265625 ], [ 93.524940490722656, 40.550540924072266 ], [ 93.522491455078125, 40.546897888183594 ], [ 93.520339965820312, 40.543251037597656 ], [ 93.516128540039062, 40.536361694335938 ], [ 93.514739990234375, 40.533344268798828 ], [ 93.514030456542969, 40.530376434326172 ], [ 93.514808654785156, 40.526470184326172 ], [ 93.51568603515625, 40.524524688720703 ], [ 93.51715087890625, 40.521884918212891 ], [ 93.518775939941406, 40.519638061523438 ], [ 93.519874572753906, 40.517749786376953 ], [ 93.521186828613281, 40.514816284179688 ], [ 93.52130126953125, 40.512016296386719 ], [ 93.520286560058594, 40.508651733398438 ], [ 93.519065856933594, 40.506938934326172 ], [ 93.517471313476562, 40.505470275878906 ], [ 93.515060424804688, 40.504623413085938 ], [ 93.512123107910156, 40.503726959228516 ], [ 93.508743286132812, 40.503067016601562 ], [ 93.502059936523438, 40.502483367919922 ], [ 93.492225646972656, 40.501579284667969 ], [ 93.481407165527344, 40.500564575195312 ], [ 93.472023010253906, 40.499881744384766 ], [ 93.464820861816406, 40.499073028564453 ], [ 93.452186584472656, 40.496753692626953 ], [ 93.447677612304688, 40.495639801025391 ], [ 93.441886901855469, 40.49395751953125 ], [ 93.436843872070312, 40.492565155029297 ], [ 93.432098388671875, 40.490997314453125 ], [ 93.427658081054688, 40.489192962646484 ], [ 93.42486572265625, 40.488006591796875 ], [ 93.415557861328125, 40.484176635742188 ], [ 93.33984375, 40.478832244873047 ], [ 93.270362854003906, 40.478832244873047 ], [ 93.220489501953125, 40.518295288085938 ], [ 93.1988525390625, 40.52679443359375 ], [ 93.172576904296875, 40.529884338378906 ], [ 93.143211364746094, 40.542251586914062 ], [ 93.116165161132812, 40.543796539306641 ], [ 93.048934936523438, 40.545341491699219 ], [ 93.013381958007812, 40.553070068359375 ], [ 92.960060119628906, 40.529884338378906 ], [ 92.950019836425781, 40.512111663818359 ], [ 92.908287048339844, 40.451450347900391 ], [ 92.900558471679688, 40.427494049072266 ], [ 92.888198852539062, 40.415130615234375 ], [ 92.837196350097656, 40.291488647460938 ], [ 92.835647583007812, 40.262123107910156 ], [ 92.832557678222656, 40.225028991699219 ], [ 92.827919006347656, 40.116840362548828 ], [ 92.826377868652344, 40.087474822998047 ], [ 92.817100524902344, 40.059658050537109 ], [ 92.812461853027344, 40.042655944824219 ], [ 92.800102233886719, 40.02410888671875 ], [ 92.784645080566406, 40.004016876220703 ], [ 92.750640869140625, 39.920558929443359 ], [ 92.742912292480469, 39.905101776123047 ], [ 92.758369445800781, 39.880374908447266 ], [ 92.783096313476562, 39.846370697021484 ], [ 92.783096313476562, 39.7938232421875 ], [ 92.78619384765625, 39.747459411621094 ], [ 92.773826599121094, 39.694908142089844 ], [ 92.78619384765625, 39.660907745361328 ], [ 92.838737487792969, 39.645454406738281 ], [ 92.87274169921875, 39.626907348632812 ], [ 92.878921508789062, 39.605270385742188 ], [ 92.866561889648438, 39.602176666259766 ], [ 92.851104736328125, 39.589813232421875 ], [ 92.848014831542969, 39.565086364746094 ], [ 92.87274169921875, 39.540355682373047 ], [ 92.882011413574219, 39.527992248535156 ], [ 92.885101318359375, 39.515628814697266 ], [ 92.888198852539062, 39.493991851806641 ], [ 92.888198852539062, 39.490898132324219 ], [ 92.882011413574219, 39.459987640380859 ], [ 92.878921508789062, 39.416713714599609 ], [ 92.882011413574219, 39.395076751708984 ], [ 92.885101318359375, 39.382713317871094 ], [ 92.919105529785156, 39.333255767822266 ], [ 92.922195434570312, 39.323982238769531 ], [ 92.912925720214844, 39.314708709716797 ], [ 92.916015625, 39.296161651611328 ], [ 92.912925720214844, 39.283798217773438 ], [ 92.906745910644531, 39.271430969238281 ], [ 92.900558471679688, 39.262161254882812 ], [ 92.909835815429688, 39.240520477294922 ], [ 92.922195434570312, 39.215793609619141 ], [ 92.931472778320312, 39.187973022460938 ], [ 92.928169250488281, 39.165775299072266 ], [ 92.917388916015625, 39.164794921875 ], [ 92.913688659667969, 39.163394927978516 ], [ 92.909187316894531, 39.161861419677734 ], [ 92.905754089355469, 39.161155700683594 ], [ 92.90289306640625, 39.161037445068359 ], [ 92.898185729980469, 39.160987854003906 ], [ 92.893486022949219, 39.160820007324219 ], [ 92.889976501464844, 39.160232543945312 ], [ 92.888175964355469, 39.159214019775391 ], [ 92.885826110839844, 39.157157897949219 ], [ 92.883331298828125, 39.154865264892578 ], [ 92.881561279296875, 39.153053283691406 ], [ 92.878990173339844, 39.150871276855469 ], [ 92.8759765625, 39.148860931396484 ], [ 92.872528076171875, 39.146774291992188 ], [ 92.870674133300781, 39.145072937011719 ], [ 92.86895751953125, 39.139755249023438 ], [ 92.865936279296875, 39.137969970703125 ], [ 92.862449645996094, 39.138748168945312 ], [ 92.860313415527344, 39.138935089111328 ], [ 92.858184814453125, 39.138885498046875 ], [ 92.855056762695312, 39.137954711914062 ], [ 92.852989196777344, 39.138248443603516 ], [ 92.851608276367188, 39.1397705078125 ], [ 92.848060607910156, 39.140262603759766 ], [ 92.846099853515625, 39.139530181884766 ], [ 92.843818664550781, 39.13958740234375 ], [ 92.841667175292969, 39.140110015869141 ], [ 92.838546752929688, 39.141075134277344 ], [ 92.836006164550781, 39.142162322998047 ], [ 92.833114624023438, 39.142845153808594 ], [ 92.830162048339844, 39.143119812011719 ], [ 92.828132629394531, 39.140377044677734 ], [ 92.826820373535156, 39.137996673583984 ], [ 92.824836730957031, 39.136005401611328 ], [ 92.820648193359375, 39.134071350097656 ], [ 92.815162658691406, 39.133377075195312 ], [ 92.812065124511719, 39.133533477783203 ], [ 92.809532165527344, 39.134449005126953 ], [ 92.807411193847656, 39.136173248291016 ], [ 92.805953979492188, 39.137748718261719 ], [ 92.803062438964844, 39.13836669921875 ], [ 92.799575805664062, 39.137252807617188 ], [ 92.79693603515625, 39.137138366699219 ], [ 92.794715881347656, 39.137367248535156 ], [ 92.792182922363281, 39.138282775878906 ], [ 92.788619995117188, 39.139232635498047 ], [ 92.78472900390625, 39.139026641845703 ], [ 92.782524108886719, 39.13897705078125 ], [ 92.779594421386719, 39.13885498046875 ], [ 92.77618408203125, 39.137622833251953 ], [ 92.772773742675781, 39.136283874511719 ], [ 92.770576477050781, 39.136180877685547 ], [ 92.767417907714844, 39.136154174804688 ], [ 92.764541625976562, 39.136268615722656 ], [ 92.76141357421875, 39.133613586425781 ], [ 92.760879516601562, 39.130161285400391 ], [ 92.757377624511719, 39.129505157470703 ], [ 92.755241394042969, 39.129508972167969 ], [ 92.749374389648438, 39.129253387451172 ], [ 92.745712280273438, 39.128887176513672 ], [ 92.743919372558594, 39.127758026123047 ], [ 92.739364624023438, 39.125755310058594 ], [ 92.736518859863281, 39.125289916992188 ], [ 92.73358154296875, 39.125221252441406 ], [ 92.730438232421875, 39.122852325439453 ], [ 92.728866577148438, 39.121604919433594 ], [ 92.726692199707031, 39.120807647705078 ], [ 92.724250793457031, 39.12115478515625 ], [ 92.721054077148438, 39.122226715087891 ], [ 92.7188720703125, 39.123493194580078 ], [ 92.716697692871094, 39.124588012695312 ], [ 92.714141845703125, 39.125957489013672 ], [ 92.710899353027344, 39.126113891601562 ], [ 92.705680847167969, 39.12420654296875 ], [ 92.704063415527344, 39.122501373291016 ], [ 92.70257568359375, 39.121036529541016 ], [ 92.700508117675781, 39.119384765625 ], [ 92.697921752929688, 39.117721557617188 ], [ 92.693832397460938, 39.117042541503906 ], [ 92.691795349121094, 39.116535186767578 ], [ 92.689483642578125, 39.115615844726562 ], [ 92.686660766601562, 39.114521026611328 ], [ 92.684219360351562, 39.114810943603516 ], [ 92.680427551269531, 39.116035461425781 ], [ 92.678115844726562, 39.116840362548828 ], [ 92.675140380859375, 39.11767578125 ], [ 92.671928405761719, 39.117145538330078 ], [ 92.669052124023438, 39.115589141845703 ], [ 92.667572021484375, 39.1138916015625 ], [ 92.665443420410156, 39.112056732177734 ], [ 92.662574768066406, 39.110157012939453 ], [ 92.658203125, 39.109241485595703 ], [ 92.655174255371094, 39.109683990478516 ], [ 92.652359008789062, 39.111972808837891 ], [ 92.650901794433594, 39.113483428955078 ], [ 92.648902893066406, 39.115726470947266 ], [ 92.647232055664062, 39.117172241210938 ], [ 92.644424438476562, 39.119281768798828 ], [ 92.642227172851562, 39.117336273193359 ], [ 92.638336181640625, 39.115352630615234 ], [ 92.635200500488281, 39.114704132080078 ], [ 92.632232666015625, 39.113651275634766 ], [ 92.629257202148438, 39.112659454345703 ], [ 92.625991821289062, 39.111549377441406 ], [ 92.62255859375, 39.111061096191406 ], [ 92.618896484375, 39.110687255859375 ], [ 92.615982055664062, 39.110038757324219 ], [ 92.613227844238281, 39.109111785888672 ], [ 92.609519958496094, 39.108280181884766 ], [ 92.605842590332031, 39.108184814453125 ], [ 92.603118896484375, 39.108283996582031 ], [ 92.600837707519531, 39.108455657958984 ], [ 92.598739624023438, 39.109325408935547 ], [ 92.595367431640625, 39.111076354980469 ], [ 92.592544555664062, 39.111690521240234 ], [ 92.589912414550781, 39.111400604248047 ], [ 92.587135314941406, 39.109264373779297 ], [ 92.584754943847656, 39.108177185058594 ], [ 92.581596374511719, 39.10809326171875 ], [ 92.57879638671875, 39.108200073242188 ], [ 92.575630187988281, 39.108402252197266 ], [ 92.5716552734375, 39.108531951904297 ], [ 92.571762084960938, 39.10595703125 ], [ 92.570297241210938, 39.103969573974609 ], [ 92.567642211914062, 39.106086730957031 ], [ 92.563018798828125, 39.109573364257812 ], [ 92.557830810546875, 39.108814239501953 ], [ 92.553489685058594, 39.108932495117188 ], [ 92.551116943359375, 39.109394073486328 ], [ 92.548149108886719, 39.110057830810547 ], [ 92.544815063476562, 39.110603332519531 ], [ 92.542877197265625, 39.109523773193359 ], [ 92.541030883789062, 39.107929229736328 ], [ 92.539627075195312, 39.106403350830078 ], [ 92.5404052734375, 39.103504180908203 ], [ 92.539779663085938, 39.100963592529297 ], [ 92.537818908691406, 39.100395202636719 ], [ 92.535408020019531, 39.100055694580078 ], [ 92.531440734863281, 39.101669311523438 ], [ 92.528617858886719, 39.102458953857422 ], [ 92.525909423828125, 39.102275848388672 ], [ 92.522438049316406, 39.100868225097656 ], [ 92.520484924316406, 39.100246429443359 ], [ 92.518882751464844, 39.101516723632812 ], [ 92.516548156738281, 39.102951049804688 ], [ 92.514266967773438, 39.102951049804688 ], [ 92.51171875, 39.10247802734375 ], [ 92.50927734375, 39.101100921630859 ], [ 92.505447387695312, 39.101291656494141 ], [ 92.500572204589844, 39.100135803222656 ], [ 92.498260498046875, 39.099216461181641 ], [ 92.496009826660156, 39.100189208984375 ], [ 92.492881774902344, 39.101310729980469 ], [ 92.490570068359375, 39.100273132324219 ], [ 92.488876342773438, 39.098690032958984 ], [ 92.486839294433594, 39.096336364746094 ], [ 92.484703063964844, 39.094734191894531 ], [ 92.483314514160156, 39.092864990234375 ], [ 92.481483459472656, 39.090927124023438 ], [ 92.479461669921875, 39.088413238525391 ], [ 92.478752136230469, 39.085987091064453 ], [ 92.478599548339844, 39.082653045654297 ], [ 92.476966857910156, 39.081295013427734 ], [ 92.47454833984375, 39.079402923583984 ], [ 92.472358703613281, 39.077339172363281 ], [ 92.471038818359375, 39.075641632080078 ], [ 92.46832275390625, 39.073680877685547 ], [ 92.465675354003906, 39.072067260742188 ], [ 92.462501525878906, 39.068943023681641 ], [ 92.460891723632812, 39.067062377929688 ], [ 92.459281921386719, 39.0653076171875 ], [ 92.458053588867188, 39.062980651855469 ], [ 92.458389282226562, 39.060234069824219 ], [ 92.460357666015625, 39.057197570800781 ], [ 92.460006713867188, 39.05340576171875 ], [ 92.459205627441406, 39.051372528076172 ], [ 92.459022521972656, 39.048851013183594 ], [ 92.459121704101562, 39.04644775390625 ], [ 92.458564758300781, 39.044021606445312 ], [ 92.457778930664062, 39.041828155517578 ], [ 92.455841064453125, 39.040737152099609 ], [ 92.4534912109375, 39.040737152099609 ], [ 92.450553894042969, 39.042495727539062 ], [ 92.447868347167969, 39.043403625488281 ], [ 92.444122314453125, 39.04180908203125 ], [ 92.440567016601562, 39.042522430419922 ], [ 92.437301635742188, 39.043289184570312 ], [ 92.435356140136719, 39.042381286621094 ], [ 92.433479309082031, 39.043361663818359 ], [ 92.430496215820312, 39.044490814208984 ], [ 92.425025939941406, 39.045318603515625 ], [ 92.421852111816406, 39.045635223388672 ], [ 92.419570922851562, 39.044139862060547 ], [ 92.419197082519531, 39.040866851806641 ], [ 92.416351318359375, 39.038726806640625 ], [ 92.413650512695312, 39.038372039794922 ], [ 92.410079956054688, 39.037704467773438 ], [ 92.407234191894531, 39.037284851074219 ], [ 92.404312133789062, 39.035251617431641 ], [ 92.404731750488281, 39.032398223876953 ], [ 92.406120300292969, 39.030723571777344 ], [ 92.407966613769531, 39.0289306640625 ], [ 92.40899658203125, 39.027072906494141 ], [ 92.409767150878906, 39.024452209472656 ], [ 92.410408020019531, 39.021492004394531 ], [ 92.411163330078125, 39.019336700439453 ], [ 92.413078308105469, 39.017490386962891 ], [ 92.415359497070312, 39.015773773193359 ], [ 92.416603088378906, 39.014030456542969 ], [ 92.417129516601562, 39.012096405029297 ], [ 92.414825439453125, 39.0093994140625 ], [ 92.412490844726562, 39.010711669921875 ], [ 92.409141540527344, 39.011833190917969 ], [ 92.406349182128906, 39.011871337890625 ], [ 92.402999877929688, 39.011260986328125 ], [ 92.400169372558594, 39.01055908203125 ], [ 92.398323059082031, 39.009017944335938 ], [ 92.396217346191406, 39.006900787353516 ], [ 92.393501281738281, 39.005165100097656 ], [ 92.383331298828125, 39.0 ], [ 92.345016479492188, 38.998527526855469 ], [ 92.324615478515625, 39.001308441162109 ], [ 92.313484191894531, 39.003162384033203 ], [ 92.260612487792969, 39.003162384033203 ], [ 92.255699157714844, 39.0 ], [ 92.253822326660156, 38.997997283935547 ], [ 92.252227783203125, 38.996627807617188 ], [ 92.249137878417969, 38.996669769287109 ], [ 92.246795654296875, 38.996509552001953 ], [ 92.244590759277344, 38.995838165283203 ], [ 92.242607116699219, 38.995277404785156 ], [ 92.240325927734375, 38.994606018066406 ], [ 92.238555908203125, 38.9935302734375 ], [ 92.235183715820312, 38.991706848144531 ], [ 92.232742309570312, 38.990646362304688 ], [ 92.230247497558594, 38.990829467773438 ], [ 92.226516723632812, 38.991992950439453 ], [ 92.224166870117188, 38.990921020507812 ], [ 92.220329284667969, 38.988536834716797 ], [ 92.218345642089844, 38.987918853759766 ], [ 92.214454650878906, 38.986625671386719 ], [ 92.211875915527344, 38.985145568847656 ], [ 92.209732055664062, 38.982872009277344 ], [ 92.207817077636719, 38.981914520263672 ], [ 92.20452880859375, 38.983135223388672 ], [ 92.198875427246094, 38.982761383056641 ], [ 92.194549560546875, 38.982154846191406 ], [ 92.192268371582031, 38.980907440185547 ], [ 92.1905517578125, 38.977424621582031 ], [ 92.18731689453125, 38.975845336914062 ], [ 92.185325622558594, 38.974822998046875 ], [ 92.183631896972656, 38.973171234130859 ], [ 92.181495666503906, 38.971752166748047 ], [ 92.180305480957031, 38.970039367675781 ], [ 92.179489135742188, 38.968109130859375 ], [ 92.178001403808594, 38.96588134765625 ], [ 92.175636291503906, 38.963260650634766 ], [ 92.17364501953125, 38.960987091064453 ], [ 92.171798706054688, 38.959793090820312 ], [ 92.1671142578125, 38.960445404052734 ], [ 92.163536071777344, 38.962409973144531 ], [ 92.15899658203125, 38.962539672851562 ], [ 92.15570068359375, 38.962272644042969 ], [ 92.153419494628906, 38.961650848388672 ], [ 92.150840759277344, 38.95977783203125 ], [ 92.148773193359375, 38.957626342773438 ], [ 92.145126342773438, 38.959293365478516 ], [ 92.142784118652344, 38.960159301757812 ], [ 92.140228271484375, 38.961032867431641 ], [ 92.137947082519531, 38.960006713867188 ], [ 92.135520935058594, 38.9591064453125 ], [ 92.130836486816406, 38.959980010986328 ], [ 92.128646850585938, 38.961029052734375 ], [ 92.126678466796875, 38.962291717529297 ], [ 92.124038696289062, 38.962642669677734 ], [ 92.121490478515625, 38.961299896240234 ], [ 92.118461608886719, 38.960880279541016 ], [ 92.115898132324219, 38.9610595703125 ], [ 92.112091064453125, 38.961841583251953 ], [ 92.109237670898438, 38.962593078613281 ], [ 92.107040405273438, 38.962665557861328 ], [ 92.104248046875, 38.961761474609375 ], [ 92.102043151855469, 38.960563659667969 ], [ 92.099685668945312, 38.959152221679688 ], [ 92.097633361816406, 38.958072662353516 ], [ 92.095565795898438, 38.956596374511719 ], [ 92.0938720703125, 38.954998016357422 ], [ 92.091590881347656, 38.953926086425781 ], [ 92.089462280273438, 38.953189849853516 ], [ 92.086174011230469, 38.953659057617188 ], [ 92.083534240722656, 38.953781127929688 ], [ 92.079795837402344, 38.953800201416016 ], [ 92.075103759765625, 38.953472137451172 ], [ 92.071807861328125, 38.953033447265625 ], [ 92.0694580078125, 38.95269775390625 ], [ 92.066017150878906, 38.953227996826172 ], [ 92.061470031738281, 38.952499389648438 ], [ 92.058975219726562, 38.951820373535156 ], [ 92.057060241699219, 38.950347900390625 ], [ 92.054855346679688, 38.9490966796875 ], [ 92.05206298828125, 38.947910308837891 ], [ 92.047370910644531, 38.94775390625 ], [ 92.04473876953125, 38.947822570800781 ], [ 92.040130615234375, 38.948921203613281 ], [ 92.036979675292969, 38.948993682861328 ], [ 92.033233642578125, 38.9476318359375 ], [ 92.029632568359375, 38.945816040039062 ], [ 92.026100158691406, 38.943489074707031 ], [ 92.023231506347656, 38.940467834472656 ], [ 92.02008056640625, 38.940250396728516 ], [ 92.01641845703125, 38.941177368164062 ], [ 92.013710021972656, 38.941413879394531 ], [ 92.011070251464844, 38.941364288330078 ], [ 92.007919311523438, 38.940925598144531 ], [ 92.004913330078125, 38.939674377441406 ], [ 92.002700805664062, 38.938140869140625 ], [ 91.999252319335938, 38.93695068359375 ], [ 91.995742797851562, 38.937244415283203 ], [ 91.991493225097656, 38.937999725341797 ], [ 91.989227294921875, 38.937953948974609 ], [ 91.98687744140625, 38.936878204345703 ], [ 91.983932495117188, 38.934825897216797 ], [ 91.982315063476562, 38.9332275390625 ], [ 91.97967529296875, 38.932609558105469 ], [ 91.974693298339844, 38.932113647460938 ], [ 91.972129821777344, 38.931724548339844 ], [ 91.969047546386719, 38.931446075439453 ], [ 91.9654541015625, 38.930366516113281 ], [ 91.962440490722656, 38.928142547607422 ], [ 91.959861755371094, 38.924327850341797 ], [ 91.958168029785156, 38.923069000244141 ], [ 91.95465087890625, 38.922569274902344 ], [ 91.95172119140625, 38.923149108886719 ], [ 91.949012756347656, 38.922355651855469 ], [ 91.945999145507812, 38.921051025390625 ], [ 91.943435668945312, 38.919910430908203 ], [ 91.938957214355469, 38.918212890625 ], [ 91.934852600097656, 38.916797637939453 ], [ 91.931480407714844, 38.915489196777344 ], [ 91.927665710449219, 38.914180755615234 ], [ 91.9237060546875, 38.912876129150391 ], [ 91.922157287597656, 38.911113739013672 ], [ 91.921127319335938, 38.909233093261719 ], [ 91.917678833007812, 38.907577514648438 ], [ 91.914016723632812, 38.906906127929688 ], [ 91.909835815429688, 38.906055450439453 ], [ 91.907859802246094, 38.905551910400391 ], [ 91.904411315917969, 38.904579162597656 ], [ 91.900749206542969, 38.903907775878906 ], [ 91.898696899414062, 38.903221130371094 ], [ 91.896644592285156, 38.902427673339844 ], [ 91.893051147460938, 38.901069641113281 ], [ 91.890045166015625, 38.900562286376953 ], [ 91.887260437011719, 38.900112152099609 ], [ 91.884918212890625, 38.900119781494141 ], [ 91.881919860839844, 38.899612426757812 ], [ 91.879501342773438, 38.898761749267578 ], [ 91.877952575683594, 38.897098541259766 ], [ 91.877212524414062, 38.893505096435547 ], [ 91.877349853515625, 38.89093017578125 ], [ 91.877555847167969, 38.887844085693359 ], [ 91.878135681152344, 38.885837554931641 ], [ 91.878196716308594, 38.883724212646484 ], [ 91.875114440917969, 38.8809814453125 ], [ 91.870574951171875, 38.880081176757812 ], [ 91.865814208984375, 38.879459381103516 ], [ 91.863471984863281, 38.878833770751953 ], [ 91.858856201171875, 38.876907348632812 ], [ 91.855415344238281, 38.876457214355469 ], [ 91.852409362792969, 38.876007080078125 ], [ 91.845893859863281, 38.875732421875 ], [ 91.843772888183594, 38.875507354736328 ], [ 91.841064453125, 38.875 ], [ 91.836372375488281, 38.87420654296875 ], [ 91.834327697753906, 38.873981475830078 ], [ 91.829864501953125, 38.874332427978516 ], [ 91.826934814453125, 38.875255584716797 ], [ 91.82452392578125, 38.875656127929688 ], [ 91.821891784667969, 38.875438690185547 ], [ 91.819175720214844, 38.874927520751953 ], [ 91.81646728515625, 38.874591827392578 ], [ 91.813102722167969, 38.873794555664062 ], [ 91.810539245605469, 38.873569488525391 ], [ 91.808120727539062, 38.872833251953125 ], [ 91.805122375488281, 38.872035980224609 ], [ 91.801528930664062, 38.869979858398438 ], [ 91.799552917480469, 38.869014739990234 ], [ 91.797203063964844, 38.868278503417969 ], [ 91.794349670410156, 38.866962432861328 ], [ 91.79193115234375, 38.865425109863281 ], [ 91.78936767578125, 38.863883972167969 ], [ 91.786140441894531, 38.862346649169922 ], [ 91.783432006835938, 38.861488342285156 ], [ 91.781455993652344, 38.861152648925781 ], [ 91.777656555175781, 38.861446380615234 ], [ 91.774436950683594, 38.862594604492188 ], [ 91.772239685058594, 38.863517761230469 ], [ 91.770195007324219, 38.864143371582031 ], [ 91.767784118652344, 38.864723205566406 ], [ 91.763832092285156, 38.866157531738281 ], [ 91.760101318359375, 38.8671875 ], [ 91.753303527832031, 38.868801116943359 ], [ 91.750007629394531, 38.868801116943359 ], [ 91.74627685546875, 38.868412017822266 ], [ 91.74334716796875, 38.867721557617188 ], [ 91.741371154785156, 38.86669921875 ], [ 91.73895263671875, 38.865955352783203 ], [ 91.735954284667969, 38.865509033203125 ], [ 91.732215881347656, 38.86505126953125 ], [ 91.729873657226562, 38.864711761474609 ], [ 91.726730346679688, 38.864658355712891 ], [ 91.724754333496094, 38.864997863769531 ], [ 91.722343444824219, 38.865520477294922 ], [ 91.718902587890625, 38.866382598876953 ], [ 91.716926574707031, 38.867012023925781 ], [ 91.713340759277344, 38.867530822753906 ], [ 91.708076477050781, 38.867481231689453 ], [ 91.705879211425781, 38.867656707763672 ], [ 91.698265075683594, 38.866569519042969 ], [ 91.694755554199219, 38.865829467773438 ], [ 91.691024780273438, 38.864860534667969 ], [ 91.688674926757812, 38.863777160644531 ], [ 91.68560791015625, 38.862232208251953 ], [ 91.682090759277344, 38.860065460205078 ], [ 91.678939819335938, 38.858356475830078 ], [ 91.679527282714844, 38.855720520019531 ], [ 91.680038452148438, 38.853775024414062 ], [ 91.678131103515625, 38.851715087890625 ], [ 91.674911499023438, 38.852527618408203 ], [ 91.67279052734375, 38.853096008300781 ], [ 91.670814514160156, 38.853553771972656 ], [ 91.664894104003906, 38.853843688964844 ], [ 91.662620544433594, 38.853790283203125 ], [ 91.659767150878906, 38.853614807128906 ], [ 91.655670166015625, 38.853385925292969 ], [ 91.653404235839844, 38.853046417236328 ], [ 91.650993347167969, 38.852306365966797 ], [ 91.647186279296875, 38.853111267089844 ], [ 91.644989013671875, 38.853626251220703 ], [ 91.643089294433594, 38.854827880859375 ], [ 91.640090942382812, 38.854656219482422 ], [ 91.6378173828125, 38.853683471679688 ], [ 91.635917663574219, 38.852428436279297 ], [ 91.633796691894531, 38.849800109863281 ], [ 91.632553100585938, 38.847911834716797 ], [ 91.630874633789062, 38.846084594726562 ], [ 91.628311157226562, 38.844486236572266 ], [ 91.624870300292969, 38.843338012695312 ], [ 91.622314453125, 38.84271240234375 ], [ 91.617485046386719, 38.841167449951172 ], [ 91.615287780761719, 38.840251922607422 ], [ 91.612144470214844, 38.838592529296875 ], [ 91.610092163085938, 38.838134765625 ], [ 91.606803894042969, 38.837448120117188 ], [ 91.601394653320312, 38.837455749511719 ], [ 91.599342346191406, 38.83734130859375 ], [ 91.595466613769531, 38.837051391601562 ], [ 91.591445922851562, 38.836479187011719 ], [ 91.589103698730469, 38.836307525634766 ], [ 91.585884094238281, 38.835395812988281 ], [ 91.5828857421875, 38.834991455078125 ], [ 91.580619812011719, 38.834079742431641 ], [ 91.578132629394531, 38.832473754882812 ], [ 91.574844360351562, 38.831558227539062 ], [ 91.572502136230469, 38.830989837646484 ], [ 91.568115234375, 38.830818176269531 ], [ 91.564537048339844, 38.830188751220703 ], [ 91.560661315917969, 38.829158782958984 ], [ 91.557510375976562, 38.828014373779297 ], [ 91.554588317871094, 38.826698303222656 ], [ 91.551521301269531, 38.825778961181641 ], [ 91.549400329589844, 38.825897216796875 ], [ 91.545448303222656, 38.825668334960938 ], [ 91.542228698730469, 38.825374603271484 ], [ 91.539451599121094, 38.825664520263672 ], [ 91.536163330078125, 38.826461791992188 ], [ 91.532722473144531, 38.825885772705078 ], [ 91.528701782226562, 38.823936462402344 ], [ 91.526435852050781, 38.823139190673828 ], [ 91.524467468261719, 38.822223663330078 ], [ 91.521690368652344, 38.821243286132812 ], [ 91.518402099609375, 38.820499420166016 ], [ 91.516426086425781, 38.819698333740234 ], [ 91.509773254394531, 38.818092346191406 ], [ 91.505462646484375, 38.816776275634766 ], [ 91.5, 38.814716339111328 ], [ 91.494033813476562, 38.817043304443359 ], [ 91.490898132324219, 38.815040588378906 ], [ 91.488899230957031, 38.814212799072266 ], [ 91.486106872558594, 38.813976287841797 ], [ 91.483345031738281, 38.814426422119141 ], [ 91.479988098144531, 38.814834594726562 ], [ 91.477645874023438, 38.814983367919922 ], [ 91.475448608398438, 38.814910888671875 ], [ 91.472526550292969, 38.814964294433594 ], [ 91.466522216796875, 38.814838409423828 ], [ 91.462860107421875, 38.814727783203125 ], [ 91.459327697753906, 38.814277648925781 ], [ 91.456245422363281, 38.813873291015625 ], [ 91.452644348144531, 38.8134765625 ], [ 91.450080871582031, 38.813297271728516 ], [ 91.446998596191406, 38.813003540039062 ], [ 91.444793701171875, 38.812694549560547 ], [ 91.441307067871094, 38.811046600341797 ], [ 91.437736511230469, 38.808925628662109 ], [ 91.435203552246094, 38.807373046875 ], [ 91.432975769042969, 38.806377410888672 ], [ 91.430763244628906, 38.805618286132812 ], [ 91.42840576171875, 38.804973602294922 ], [ 91.426406860351562, 38.804264068603516 ], [ 91.424484252929688, 38.803497314453125 ], [ 91.420127868652344, 38.802143096923828 ], [ 91.41717529296875, 38.801155090332031 ], [ 91.414466857910156, 38.798515319824219 ], [ 91.413192749023438, 38.794761657714844 ], [ 91.411819458007812, 38.792842864990234 ], [ 91.408058166503906, 38.791702270507812 ], [ 91.402572631835938, 38.791904449462891 ], [ 91.399070739746094, 38.792308807373047 ], [ 91.396598815917969, 38.792869567871094 ], [ 91.393669128417969, 38.792747497558594 ], [ 91.391883850097656, 38.791515350341797 ], [ 91.389556884765625, 38.789440155029297 ], [ 91.386299133300781, 38.787952423095703 ], [ 91.382621765136719, 38.787380218505859 ], [ 91.379966735839844, 38.786567687988281 ], [ 91.378173828125, 38.785400390625 ], [ 91.37615966796875, 38.783939361572266 ], [ 91.371330261230469, 38.781223297119141 ], [ 91.36859130859375, 38.779953002929688 ], [ 91.366737365722656, 38.779060363769531 ], [ 91.364730834960938, 38.777843475341797 ], [ 91.360260009765625, 38.774879455566406 ], [ 91.357940673828125, 38.772922515869141 ], [ 91.355361938476562, 38.769588470458984 ], [ 91.352760314941406, 38.767913818359375 ], [ 91.350112915039062, 38.767498016357422 ], [ 91.346832275390625, 38.767890930175781 ], [ 91.344573974609375, 38.768218994140625 ], [ 91.342247009277344, 38.768653869628906 ], [ 91.337471008300781, 38.767940521240234 ], [ 91.334678649902344, 38.767242431640625 ], [ 91.330108642578125, 38.76605224609375 ], [ 91.325820922851562, 38.764297485351562 ], [ 91.325103759765625, 38.762187957763672 ], [ 91.321983337402344, 38.760295867919922 ], [ 91.319366455078125, 38.760787963867188 ], [ 91.314804077148438, 38.759841918945312 ], [ 91.313133239746094, 38.757518768310547 ], [ 91.311225891113281, 38.754402160644531 ], [ 91.307861328125, 38.751716613769531 ], [ 91.306221008300781, 38.7503662109375 ], [ 91.304435729980469, 38.749359130859375 ], [ 91.302207946777344, 38.748138427734375 ], [ 91.300140380859375, 38.747146606445312 ], [ 91.297401428222656, 38.745933532714844 ], [ 91.294822692871094, 38.745285034179688 ], [ 91.292327880859375, 38.7447509765625 ], [ 91.289543151855469, 38.74456787109375 ], [ 91.28515625, 38.744636535644531 ], [ 91.280876159667969, 38.746025085449219 ], [ 91.27850341796875, 38.747432708740234 ], [ 91.276336669921875, 38.748497009277344 ], [ 91.274078369140625, 38.748764038085938 ], [ 91.272369384765625, 38.747699737548828 ], [ 91.270652770996094, 38.746242523193359 ], [ 91.269149780273438, 38.744888305664062 ], [ 91.265312194824219, 38.74615478515625 ], [ 91.262840270996094, 38.746822357177734 ], [ 91.256103515625, 38.749332427978516 ], [ 91.25335693359375, 38.750347137451172 ], [ 91.250823974609375, 38.751480102539062 ], [ 91.248573303222656, 38.752193450927734 ], [ 91.245948791503906, 38.752296447753906 ], [ 91.243743896484375, 38.752155303955078 ], [ 91.241249084472656, 38.751678466796875 ], [ 91.2392578125, 38.750907897949219 ], [ 91.23675537109375, 38.750205993652344 ], [ 91.232681274414062, 38.748325347900391 ], [ 91.230186462402344, 38.745044708251953 ], [ 91.228157043457031, 38.742786407470703 ], [ 91.225944519042969, 38.741909027099609 ], [ 91.222137451171875, 38.741741180419922 ], [ 91.219833374023438, 38.743148803710938 ], [ 91.218040466308594, 38.744606018066406 ], [ 91.215316772460938, 38.743789672851562 ], [ 91.212730407714844, 38.742687225341797 ], [ 91.210578918457031, 38.741630554199219 ], [ 91.208938598632812, 38.740280151367188 ], [ 91.206710815429688, 38.73883056640625 ], [ 91.203163146972656, 38.737335205078125 ], [ 91.200942993164062, 38.736282348632812 ], [ 91.198432922363281, 38.735183715820312 ], [ 91.196434020996094, 38.734176635742188 ], [ 91.192367553710938, 38.732349395751953 ], [ 91.189491271972656, 38.731197357177734 ], [ 91.1871337890625, 38.730548858642578 ], [ 91.181991577148438, 38.729595184326172 ], [ 91.179557800292969, 38.728828430175781 ], [ 91.17633056640625, 38.728244781494141 ], [ 91.173469543457031, 38.727714538574219 ], [ 91.171043395996094, 38.727180480957031 ], [ 91.168617248535156, 38.726703643798828 ], [ 91.165458679199219, 38.725894927978516 ], [ 91.163253784179688, 38.725528717041016 ], [ 91.16046142578125, 38.724826812744141 ], [ 91.158256530761719, 38.724395751953125 ], [ 91.156196594238281, 38.723915100097656 ], [ 91.15289306640625, 38.723339080810547 ], [ 91.149879455566406, 38.722408294677734 ], [ 91.144157409667969, 38.721462249755859 ], [ 91.141143798828125, 38.720935821533203 ], [ 91.138938903808594, 38.720333099365234 ], [ 91.136001586914062, 38.719638824462891 ], [ 91.133064270019531, 38.719104766845703 ], [ 91.130195617675781, 38.718521118164062 ], [ 91.125335693359375, 38.716991424560547 ], [ 91.123558044433594, 38.715755462646484 ], [ 91.121833801269531, 38.714008331298828 ], [ 91.117713928222656, 38.709781646728516 ], [ 91.116004943847656, 38.708663940429688 ], [ 91.113937377929688, 38.707603454589844 ], [ 91.110404968261719, 38.706745147705078 ], [ 91.10711669921875, 38.706554412841797 ], [ 91.1041259765625, 38.706714630126953 ], [ 91.101348876953125, 38.706695556640625 ], [ 91.097343444824219, 38.707218170166016 ], [ 91.093917846679688, 38.707889556884766 ], [ 91.091377258300781, 38.708614349365234 ], [ 91.08868408203125, 38.709056854248047 ], [ 91.08642578125, 38.709201812744141 ], [ 91.083641052246094, 38.708839416503906 ], [ 91.080268859863281, 38.708316802978516 ], [ 91.077545166015625, 38.707668304443359 ], [ 91.074691772460938, 38.707366943359375 ], [ 91.071830749511719, 38.706890106201172 ], [ 91.069046020507812, 38.706474304199219 ], [ 91.066482543945312, 38.706108093261719 ], [ 91.064132690429688, 38.705860137939453 ], [ 91.061790466308594, 38.705543518066406 ], [ 91.058639526367188, 38.705192565917969 ], [ 91.055641174316406, 38.705009460449219 ], [ 91.052200317382812, 38.704761505126953 ], [ 91.049354553222656, 38.704750061035156 ], [ 91.045478820800781, 38.704578399658203 ], [ 91.043197631835938, 38.704151153564453 ], [ 91.040489196777344, 38.703845977783203 ], [ 91.038360595703125, 38.703357696533203 ], [ 91.036231994628906, 38.703044891357422 ], [ 91.032051086425781, 38.702129364013672 ], [ 91.029319763183594, 38.700965881347656 ], [ 91.025321960449219, 38.698619842529297 ], [ 91.022445678710938, 38.697345733642578 ], [ 91.020393371582031, 38.696968078613281 ], [ 91.01708984375, 38.696273803710938 ], [ 91.01416015625, 38.696140289306641 ], [ 91.010650634765625, 38.696018218994141 ], [ 91.008460998535156, 38.695926666259766 ], [ 91.005744934082031, 38.695339202880859 ], [ 91.003471374511719, 38.695022583007812 ], [ 91.000617980957031, 38.694774627685547 ], [ 90.997398376464844, 38.694595336914062 ], [ 90.994186401367188, 38.694469451904297 ], [ 90.991409301757812, 38.694499969482422 ], [ 90.989006042480469, 38.694820404052734 ], [ 90.986526489257812, 38.695201873779297 ], [ 90.983901977539062, 38.695526123046875 ], [ 90.981361389160156, 38.696010589599609 ], [ 90.978965759277344, 38.696727752685547 ], [ 90.9761962890625, 38.697059631347656 ], [ 90.973060607910156, 38.697212219238281 ], [ 90.969108581542969, 38.697151184082031 ], [ 90.966178894042969, 38.696784973144531 ], [ 90.964126586914062, 38.696468353271484 ], [ 90.960304260253906, 38.695152282714844 ], [ 90.957878112792969, 38.694496154785156 ], [ 90.954345703125, 38.693229675292969 ], [ 90.951400756835938, 38.692348480224609 ], [ 90.948898315429688, 38.691520690917969 ], [ 90.946693420410156, 38.690750122070312 ], [ 90.940238952636719, 38.689350128173828 ], [ 90.937675476074219, 38.689033508300781 ], [ 90.934890747070312, 38.688617706298828 ], [ 90.930641174316406, 38.688098907470703 ], [ 90.928230285644531, 38.688022613525391 ], [ 90.92559814453125, 38.687820434570312 ], [ 90.922882080078125, 38.687404632568359 ], [ 90.920539855957031, 38.687145233154297 ], [ 90.912811279296875, 38.684268951416016 ], [ 90.909713745117188, 38.682937622070312 ], [ 90.907432556152344, 38.681758880615234 ], [ 90.904624938964844, 38.680538177490234 ], [ 90.901397705078125, 38.679843902587891 ], [ 90.898323059082031, 38.679416656494141 ], [ 90.89422607421875, 38.679019927978516 ], [ 90.890495300292969, 38.678836822509766 ], [ 90.886917114257812, 38.678707122802734 ], [ 90.882675170898438, 38.678359985351562 ], [ 90.878715515136719, 38.677722930908203 ], [ 90.8751220703125, 38.676853179931641 ], [ 90.871963500976562, 38.676033020019531 ], [ 90.868804931640625, 38.675270080566406 ], [ 90.864997863769531, 38.674690246582031 ], [ 90.861839294433594, 38.673873901367188 ], [ 90.859207153320312, 38.673500061035156 ], [ 90.8529052734375, 38.672325134277344 ], [ 90.849601745605469, 38.671504974365234 ], [ 90.846595764160156, 38.670856475830078 ], [ 90.843223571777344, 38.670207977294922 ], [ 90.840438842773438, 38.669734954833984 ], [ 90.837142944335938, 38.669368743896484 ], [ 90.832679748535156, 38.668682098388672 ], [ 90.829879760742188, 38.667575836181641 ], [ 90.826858520507812, 38.665950775146484 ], [ 90.824195861816406, 38.664497375488281 ], [ 90.821174621582031, 38.663162231445312 ], [ 90.818817138671875, 38.662044525146484 ], [ 90.815948486328125, 38.66070556640625 ], [ 90.812850952148438, 38.659194946289062 ], [ 90.809898376464844, 38.657520294189453 ], [ 90.808052062988281, 38.656513214111328 ], [ 90.805191040039062, 38.655632019042969 ], [ 90.802322387695312, 38.654632568359375 ], [ 90.800086975097656, 38.656200408935547 ], [ 90.801399230957031, 38.659847259521484 ], [ 90.804611206054688, 38.663581848144531 ], [ 90.804222106933594, 38.665878295898438 ], [ 90.801170349121094, 38.666595458984375 ], [ 90.797660827636719, 38.666641235351562 ], [ 90.79364013671875, 38.666229248046875 ], [ 90.790122985839844, 38.665813446044922 ], [ 90.786399841308594, 38.665569305419922 ], [ 90.783615112304688, 38.665267944335938 ], [ 90.779960632324219, 38.664791107177734 ], [ 90.777610778808594, 38.664421081542969 ], [ 90.774681091308594, 38.663707733154297 ], [ 90.771896362304688, 38.663223266601562 ], [ 90.769622802734375, 38.662567138671875 ], [ 90.767051696777344, 38.66168212890625 ], [ 90.763519287109375, 38.660408020019531 ], [ 90.760879516601562, 38.659862518310547 ], [ 90.757095336914062, 38.660247802734375 ], [ 90.753746032714844, 38.660686492919922 ], [ 90.750015258789062, 38.660617828369141 ], [ 90.74658203125, 38.660198211669922 ], [ 90.743064880371094, 38.659439086914062 ], [ 90.737709045410156, 38.658191680908203 ], [ 90.73492431640625, 38.657703399658203 ], [ 90.729141235351562, 38.656970977783203 ], [ 90.726593017578125, 38.657054901123047 ], [ 90.723243713378906, 38.657604217529297 ], [ 90.720924377441406, 38.658432006835938 ], [ 90.718025207519531, 38.659492492675781 ], [ 90.713600158691406, 38.66131591796875 ], [ 90.707527160644531, 38.664527893066406 ], [ 90.70361328125, 38.666000366210938 ], [ 90.700637817382812, 38.667068481445312 ], [ 90.696853637695312, 38.667625427246094 ], [ 90.693130493164062, 38.667945861816406 ], [ 90.690437316894531, 38.668144226074219 ], [ 90.686271667480469, 38.668083190917969 ], [ 90.683273315429688, 38.667823791503906 ], [ 90.681228637695312, 38.667675018310547 ], [ 90.678390502929688, 38.668052673339844 ], [ 90.675323486328125, 38.668262481689453 ], [ 90.671394348144531, 38.668930053710938 ], [ 90.668632507324219, 38.669704437255859 ], [ 90.666748046875, 38.670574188232422 ], [ 90.664505004882812, 38.671573638916016 ], [ 90.662185668945312, 38.672863006591797 ], [ 90.658416748046875, 38.674156188964844 ], [ 90.655715942382812, 38.674129486083984 ], [ 90.651840209960938, 38.673881530761719 ], [ 90.649055480957031, 38.673507690429688 ], [ 90.644287109375, 38.671962738037109 ], [ 90.641716003417969, 38.670955657958984 ], [ 90.639213562011719, 38.670131683349609 ], [ 90.637016296386719, 38.669582366943359 ], [ 90.633720397949219, 38.668865203857422 ], [ 90.630722045898438, 38.668670654296875 ], [ 90.627655029296875, 38.668537139892578 ], [ 90.625457763671875, 38.668266296386719 ], [ 90.622901916503906, 38.668006896972656 ], [ 90.620475769042969, 38.667293548583984 ], [ 90.618331909179688, 38.665653228759766 ], [ 90.619453430175781, 38.662841796875 ], [ 90.620887756347656, 38.661220550537109 ], [ 90.622535705566406, 38.659488677978516 ], [ 90.62432861328125, 38.657470703125 ], [ 90.626556396484375, 38.655330657958984 ], [ 90.628501892089844, 38.653713226318359 ], [ 90.630874633789062, 38.651687622070312 ], [ 90.633316040039062, 38.649658203125 ], [ 90.63690185546875, 38.645786285400391 ], [ 90.639060974121094, 38.643703460693359 ], [ 90.640487670898438, 38.64202880859375 ], [ 90.641845703125, 38.640361785888672 ], [ 90.643692016601562, 38.637420654296875 ], [ 90.644302368164062, 38.634613037109375 ], [ 90.640548706054688, 38.632656097412109 ], [ 90.637405395507812, 38.632339477539062 ], [ 90.633674621582031, 38.631752014160156 ], [ 90.630302429199219, 38.630870819091797 ], [ 90.627212524414062, 38.629531860351562 ], [ 90.625, 38.628349304199219 ], [ 90.623077392578125, 38.62677001953125 ], [ 90.620712280273438, 38.624679565429688 ], [ 90.619155883789062, 38.623386383056641 ], [ 90.617233276367188, 38.621860504150391 ], [ 90.614799499511719, 38.620109558105469 ], [ 90.612785339355469, 38.617725372314453 ], [ 90.609970092773438, 38.614955902099609 ], [ 90.607307434082031, 38.612869262695312 ], [ 90.605445861816406, 38.610713958740234 ], [ 90.603919982910156, 38.606666564941406 ], [ 90.604827880859375, 38.604145050048828 ], [ 90.607261657714844, 38.601482391357422 ], [ 90.609542846679688, 38.59814453125 ], [ 90.609420776367188, 38.59552001953125 ], [ 90.607658386230469, 38.594329833984375 ], [ 90.603263854980469, 38.593521118164062 ], [ 90.598960876464844, 38.593276977539062 ], [ 90.592971801757812, 38.592876434326172 ], [ 90.588668823242188, 38.592750549316406 ], [ 90.584281921386719, 38.592056274414062 ], [ 90.580474853515625, 38.591403961181641 ], [ 90.577560424804688, 38.591262817382812 ], [ 90.574851989746094, 38.590888977050781 ], [ 90.567642211914062, 38.591480255126953 ], [ 90.564231872558594, 38.592823028564453 ], [ 90.561836242675781, 38.593364715576172 ], [ 90.559646606445312, 38.592987060546875 ], [ 90.557876586914062, 38.591861724853516 ], [ 90.555511474609375, 38.589992523193359 ], [ 90.552864074707031, 38.588600158691406 ], [ 90.549850463867188, 38.586902618408203 ], [ 90.546684265136719, 38.585330963134766 ], [ 90.543380737304688, 38.583595275878906 ], [ 90.540153503417969, 38.582248687744141 ], [ 90.53692626953125, 38.581478118896484 ], [ 90.533134460449219, 38.581172943115234 ], [ 90.529960632324219, 38.578628540039062 ], [ 90.530708312988281, 38.575656890869141 ], [ 90.531997680664062, 38.5740966796875 ], [ 90.533851623535156, 38.571506500244141 ], [ 90.534622192382812, 38.569210052490234 ], [ 90.532745361328125, 38.565620422363281 ], [ 90.531044006347656, 38.564098358154297 ], [ 90.528465270996094, 38.562458038330078 ], [ 90.52435302734375, 38.5606689453125 ], [ 90.521072387695312, 38.560646057128906 ], [ 90.517509460449219, 38.560794830322266 ], [ 90.513862609863281, 38.560890197753906 ], [ 90.5115966796875, 38.560733795166016 ], [ 90.508956909179688, 38.559505462646484 ], [ 90.50689697265625, 38.558261871337891 ], [ 90.505126953125, 38.557136535644531 ], [ 90.503364562988281, 38.556179046630859 ], [ 90.500946044921875, 38.555343627929688 ], [ 90.498458862304688, 38.554912567138672 ], [ 90.495109558105469, 38.555057525634766 ], [ 90.490745544433594, 38.555667877197266 ], [ 90.487327575683594, 38.556106567382812 ], [ 90.482818603515625, 38.556892395019531 ], [ 90.478599548339844, 38.557044982910156 ], [ 90.4754638671875, 38.557353973388672 ], [ 90.470649719238281, 38.557117462158203 ], [ 90.46722412109375, 38.557086944580078 ], [ 90.464447021484375, 38.556594848632812 ], [ 90.461959838867188, 38.556110382080078 ], [ 90.460029602050781, 38.553318023681641 ], [ 90.458473205566406, 38.551906585693359 ], [ 90.456489562988281, 38.550666809082031 ], [ 90.455047607421875, 38.546737670898438 ], [ 90.455970764160156, 38.544891357421875 ], [ 90.458198547363281, 38.542591094970703 ], [ 90.459854125976562, 38.541309356689453 ], [ 90.459632873535156, 38.536281585693359 ], [ 90.457550048828125, 38.533496856689453 ], [ 90.457794189453125, 38.530242919921875 ], [ 90.4608154296875, 38.527408599853516 ], [ 90.463310241699219, 38.52349853515625 ], [ 90.463714599609375, 38.521492004394531 ], [ 90.462013244628906, 38.519561767578125 ], [ 90.459075927734375, 38.518390655517578 ], [ 90.456520080566406, 38.517669677734375 ], [ 90.453445434570312, 38.516727447509766 ], [ 90.451385498046875, 38.51519775390625 ], [ 90.447845458984375, 38.512256622314453 ], [ 90.445426940917969, 38.511474609375 ], [ 90.442214965820312, 38.511104583740234 ], [ 90.439582824707031, 38.510383605957031 ], [ 90.436508178710938, 38.508926391601562 ], [ 90.433929443359375, 38.507114410400391 ], [ 90.430534362792969, 38.503833770751953 ], [ 90.428695678710938, 38.49749755859375 ], [ 90.425209045410156, 38.493179321289062 ], [ 90.422859191894531, 38.491661071777344 ], [ 90.418548583984375, 38.490322113037109 ], [ 90.413955688476562, 38.490139007568359 ], [ 90.409072875976562, 38.490005493164062 ], [ 90.405288696289062, 38.490325927734375 ], [ 90.401504516601562, 38.490478515625 ], [ 90.398002624511719, 38.490047454833984 ], [ 90.394340515136719, 38.488418579101562 ], [ 90.392066955566406, 38.487125396728516 ], [ 90.390235900878906, 38.486228942871094 ], [ 90.386947631835938, 38.485225677490234 ], [ 90.383880615234375, 38.484733581542969 ], [ 90.381401062011719, 38.484642028808594 ], [ 90.377761840820312, 38.484840393066406 ], [ 90.373405456542969, 38.485797882080078 ], [ 90.371078491210938, 38.485637664794922 ], [ 90.368003845214844, 38.484695434570312 ], [ 90.364051818847656, 38.483234405517578 ], [ 90.361053466796875, 38.481952667236328 ], [ 90.358932495117188, 38.481220245361328 ], [ 90.353973388671875, 38.480865478515625 ], [ 90.351509094238281, 38.481681823730469 ], [ 90.348762512207031, 38.483078002929688 ], [ 90.339126586914062, 38.487049102783203 ], [ 90.336898803710938, 38.488719940185547 ], [ 90.332839965820312, 38.490470886230469 ], [ 90.329734802246094, 38.492149353027344 ], [ 90.327415466308594, 38.493312835693359 ], [ 90.325302124023438, 38.493442535400391 ], [ 90.3223876953125, 38.492900848388672 ], [ 90.317924499511719, 38.49139404296875 ], [ 90.314712524414062, 38.490554809570312 ], [ 90.311355590820312, 38.490070343017578 ], [ 90.309120178222656, 38.492145538330078 ], [ 90.308723449707031, 38.494838714599609 ], [ 90.311080932617188, 38.497386932373047 ], [ 90.31451416015625, 38.498157501220703 ], [ 90.313461303710938, 38.501312255859375 ], [ 90.310478210449219, 38.501625061035156 ], [ 90.306976318359375, 38.501190185546875 ], [ 90.303192138671875, 38.501220703125 ], [ 90.299263000488281, 38.501194000244141 ], [ 90.296272277832031, 38.500991821289062 ], [ 90.290946960449219, 38.500118255615234 ], [ 90.285919189453125, 38.500274658203125 ], [ 90.282928466796875, 38.499950408935547 ], [ 90.278999328613281, 38.499687194824219 ], [ 90.27484130859375, 38.499320983886719 ], [ 90.271781921386719, 38.499061584472656 ], [ 90.269149780273438, 38.498279571533203 ], [ 90.266593933105469, 38.4974365234375 ], [ 90.264900207519531, 38.496135711669922 ], [ 90.263137817382812, 38.494834899902344 ], [ 90.26055908203125, 38.492683410644531 ], [ 90.257568359375, 38.491733551025391 ], [ 90.25347900390625, 38.491249084472656 ], [ 90.249763488769531, 38.490928649902344 ], [ 90.246635437011719, 38.491176605224609 ], [ 90.242134094238281, 38.4921875 ], [ 90.236473083496094, 38.493946075439453 ], [ 90.230880737304688, 38.495182037353516 ], [ 90.227249145507812, 38.495555877685547 ], [ 90.22344970703125, 38.494953155517578 ], [ 90.220970153808594, 38.494163513183594 ], [ 90.217460632324219, 38.493335723876953 ], [ 90.214248657226562, 38.492214202880859 ], [ 90.2108154296875, 38.491436004638672 ], [ 90.207534790039062, 38.490943908691406 ], [ 90.19952392578125, 38.490482330322266 ], [ 90.195442199707031, 38.490737915039062 ], [ 90.192543029785156, 38.491451263427734 ], [ 90.190292358398438, 38.491973876953125 ], [ 90.187171936035156, 38.492851257324219 ], [ 90.18426513671875, 38.493793487548828 ], [ 90.178871154785156, 38.493427276611328 ], [ 90.175666809082031, 38.493045806884766 ], [ 90.171730041503906, 38.492561340332031 ], [ 90.168014526367188, 38.492122650146484 ], [ 90.164512634277344, 38.491802215576172 ], [ 90.161888122558594, 38.491710662841797 ], [ 90.155258178710938, 38.490947723388672 ], [ 90.150962829589844, 38.490924835205078 ], [ 90.1444091796875, 38.490737915039062 ], [ 90.140190124511719, 38.491165161132812 ], [ 90.137138366699219, 38.492153167724609 ], [ 90.1336669921875, 38.494003295898438 ], [ 90.130828857421875, 38.494365692138672 ], [ 90.128852844238281, 38.493518829345703 ], [ 90.127388000488281, 38.492156982421875 ], [ 90.125625610351562, 38.490798950195312 ], [ 90.124008178710938, 38.489265441894531 ], [ 90.122322082519531, 38.488124847412109 ], [ 90.120124816894531, 38.486946105957031 ], [ 90.118072509765625, 38.48529052734375 ], [ 90.115867614746094, 38.483650207519531 ], [ 90.114395141601562, 38.4820556640625 ], [ 90.113288879394531, 38.480003356933594 ], [ 90.110023498535156, 38.477096557617188 ], [ 90.109375, 38.474945068359375 ], [ 90.108551025390625, 38.472312927246094 ], [ 90.109573364257812, 38.465450286865234 ], [ 90.109771728515625, 38.463443756103516 ], [ 90.109855651855469, 38.457160949707031 ], [ 90.109832763671875, 38.4544677734375 ], [ 90.109725952148438, 38.451267242431641 ], [ 90.109771728515625, 38.448299407958984 ], [ 90.109298706054688, 38.444637298583984 ], [ 90.109123229980469, 38.441780090332031 ], [ 90.108657836914062, 38.438983917236328 ], [ 90.108345031738281, 38.436355590820312 ], [ 90.108604431152344, 38.433437347412109 ], [ 90.108497619628906, 38.429779052734375 ], [ 90.108749389648438, 38.425830841064453 ], [ 90.109222412109375, 38.422111511230469 ], [ 90.109909057617188, 38.418338775634766 ], [ 90.110832214355469, 38.416217803955078 ], [ 90.112052917480469, 38.414321899414062 ], [ 90.114273071289062, 38.411212921142578 ], [ 90.117088317871094, 38.408744812011719 ], [ 90.118896484375, 38.407356262207031 ], [ 90.121345520019531, 38.405174255371094 ], [ 90.123359680175781, 38.403270721435547 ], [ 90.125007629394531, 38.40057373046875 ], [ 90.125862121582031, 38.398685455322266 ], [ 90.129837036132812, 38.396999359130859 ], [ 90.132072448730469, 38.395046234130859 ], [ 90.133293151855469, 38.393318176269531 ], [ 90.1353759765625, 38.390613555908203 ], [ 90.137603759765625, 38.388031005859375 ], [ 90.139183044433594, 38.386425018310547 ], [ 90.140838623046875, 38.384632110595703 ], [ 90.142852783203125, 38.382854461669922 ], [ 90.144798278808594, 38.381061553955078 ], [ 90.146888732910156, 38.379104614257812 ], [ 90.149124145507812, 38.377323150634766 ], [ 90.150856018066406, 38.376106262207031 ], [ 90.154327392578125, 38.374317169189453 ], [ 90.15728759765625, 38.372470855712891 ], [ 90.159019470214844, 38.371315002441406 ], [ 90.160751342773438, 38.370212554931641 ], [ 90.163780212402344, 38.368366241455078 ], [ 90.165443420410156, 38.367038726806641 ], [ 90.167961120605469, 38.3646240234375 ], [ 90.172866821289062, 38.361091613769531 ], [ 90.175025939941406, 38.359306335449219 ], [ 90.177543640136719, 38.357181549072266 ], [ 90.181434631347656, 38.354240417480469 ], [ 90.183738708496094, 38.352394104003906 ], [ 90.186042785644531, 38.350143432617188 ], [ 90.188270568847656, 38.34783935546875 ], [ 90.191001892089844, 38.344966888427734 ], [ 90.193588256835938, 38.342658996582031 ], [ 90.196327209472656, 38.34063720703125 ], [ 90.198921203613281, 38.338565826416016 ], [ 90.200576782226562, 38.336948394775391 ], [ 90.204544067382812, 38.334754943847656 ], [ 90.202987670898438, 38.331619262695312 ], [ 90.202651977539062, 38.328189849853516 ], [ 90.204795837402344, 38.324573516845703 ], [ 90.206947326660156, 38.321975708007812 ], [ 90.210113525390625, 38.319610595703125 ], [ 90.212699890136719, 38.317367553710938 ], [ 90.214431762695312, 38.315986633300781 ], [ 90.219268798828125, 38.313373565673828 ], [ 90.223747253417969, 38.311687469482422 ], [ 90.226287841796875, 38.310981750488281 ], [ 90.230194091796875, 38.309867858886719 ], [ 90.23236083984375, 38.309051513671875 ], [ 90.236053466796875, 38.307537078857422 ], [ 90.239654541015625, 38.3050537109375 ], [ 90.241081237792969, 38.303035736083984 ], [ 90.241783142089844, 38.300746917724609 ], [ 90.243476867675781, 38.296497344970703 ], [ 90.245323181152344, 38.293399810791016 ], [ 90.247032165527344, 38.290702819824219 ], [ 90.248954772949219, 38.287368774414062 ], [ 90.250587463378906, 38.284328460693359 ], [ 90.252166748046875, 38.28265380859375 ], [ 90.253868103027344, 38.279098510742188 ], [ 90.255424499511719, 38.27593994140625 ], [ 90.258583068847656, 38.273120880126953 ], [ 90.261177062988281, 38.270984649658203 ], [ 90.262825012207031, 38.2696533203125 ], [ 90.26483154296875, 38.267414093017578 ], [ 90.266044616699219, 38.265460968017578 ], [ 90.267684936523438, 38.263275146484375 ], [ 90.268608093261719, 38.261432647705078 ], [ 90.270233154296875, 38.257587432861328 ], [ 90.270858764648438, 38.255359649658203 ], [ 90.272270202636719, 38.252483367919922 ], [ 90.274032592773438, 38.247787475585938 ], [ 90.275169372558594, 38.246055603027344 ], [ 90.277305603027344, 38.242835998535156 ], [ 90.278518676757812, 38.240882873535156 ], [ 90.279869079589844, 38.238933563232422 ], [ 90.281303405761719, 38.237319946289062 ], [ 90.282806396484375, 38.235824584960938 ], [ 90.284164428710938, 38.233982086181641 ], [ 90.287803649902344, 38.228977203369141 ], [ 90.290077209472656, 38.225353240966797 ], [ 90.291786193847656, 38.223060607910156 ], [ 90.293502807617188, 38.220588684082031 ], [ 90.295768737792969, 38.216732025146484 ], [ 90.29754638671875, 38.213863372802734 ], [ 90.298683166503906, 38.211566925048828 ], [ 90.299598693847656, 38.209499359130859 ], [ 90.300369262695312, 38.207382202148438 ], [ 90.301788330078125, 38.204792022705078 ], [ 90.302703857421875, 38.202842712402344 ], [ 90.303764343261719, 38.200489044189453 ], [ 90.304458618164062, 38.198135375976562 ], [ 90.305229187011719, 38.195899963378906 ], [ 90.306510925292969, 38.194122314453125 ], [ 90.308578491210938, 38.191303253173828 ], [ 90.310920715332031, 38.187450408935547 ], [ 90.312736511230469, 38.182178497314453 ], [ 90.313941955566406, 38.179645538330078 ], [ 90.314773559570312, 38.177242279052734 ], [ 90.315620422363281, 38.175064086914062 ], [ 90.31732177734375, 38.172012329101562 ], [ 90.318603515625, 38.170116424560547 ], [ 90.319511413574219, 38.16754150390625 ], [ 90.3209228515625, 38.164493560791016 ], [ 90.321907043457031, 38.162200927734375 ], [ 90.323310852050781, 38.159046173095703 ], [ 90.324569702148438, 38.155490875244141 ], [ 90.325897216796875, 38.151592254638672 ], [ 90.326950073242188, 38.149005889892578 ], [ 90.327857971191406, 38.146369934082031 ], [ 90.328750610351562, 38.142589569091797 ], [ 90.329658508300781, 38.139549255371094 ], [ 90.330429077148438, 38.137538909912109 ], [ 90.33184814453125, 38.135524749755859 ], [ 90.332687377929688, 38.133403778076172 ], [ 90.333969116210938, 38.131736755371094 ], [ 90.3353271484375, 38.129894256591797 ], [ 90.337188720703125, 38.128566741943359 ], [ 90.33990478515625, 38.125514984130859 ], [ 90.344123840332031, 38.121185302734375 ], [ 90.34613037109375, 38.119972229003906 ], [ 90.348121643066406, 38.116863250732422 ], [ 90.349830627441406, 38.114452362060547 ], [ 90.351249694824219, 38.112270355224609 ], [ 90.353164672851562, 38.109619140625 ], [ 90.354728698730469, 38.107376098632812 ], [ 90.356292724609375, 38.105251312255859 ], [ 90.357498168945312, 38.103122711181641 ], [ 90.358924865722656, 38.101337432861328 ], [ 90.360855102539062, 38.099830627441406 ], [ 90.363861083984375, 38.097007751464844 ], [ 90.365638732910156, 38.094470977783203 ], [ 90.366981506347656, 38.092231750488281 ], [ 90.368400573730469, 38.090049743652344 ], [ 90.369956970214844, 38.087516784667969 ], [ 90.371734619140625, 38.084754943847656 ], [ 90.374359130859375, 38.081184387207031 ], [ 90.3763427734375, 38.077743530273438 ], [ 90.377761840820312, 38.075443267822266 ], [ 90.380104064941406, 38.0723876953125 ], [ 90.38201904296875, 38.069564819335938 ], [ 90.383514404296875, 38.067436218261719 ], [ 90.388343811035156, 38.061168670654297 ], [ 90.390701293945312, 38.058570861816406 ], [ 90.393974304199219, 38.054710388183594 ], [ 90.396614074707031, 38.051769256591797 ], [ 90.398536682128906, 38.049468994140625 ], [ 90.400741577148438, 38.046699523925781 ], [ 90.404106140136719, 38.044044494628906 ], [ 90.409439086914062, 38.037704467773438 ], [ 90.415786743164062, 38.030899047851562 ], [ 90.421646118164062, 38.025814056396484 ], [ 90.424850463867188, 38.022468566894531 ], [ 90.42791748046875, 38.019294738769531 ], [ 90.432624816894531, 38.014678955078125 ], [ 90.43646240234375, 38.010005950927734 ], [ 90.438453674316406, 38.007698059082031 ], [ 90.441886901855469, 38.004756927490234 ], [ 90.446929931640625, 38.0 ], [ 90.451141357421875, 37.994644165039062 ], [ 90.452919006347656, 37.99249267578125 ], [ 90.454261779785156, 37.990341186523438 ], [ 90.455604553222656, 37.988246917724609 ], [ 90.457534790039062, 37.985523223876953 ], [ 90.458953857421875, 37.983489990234375 ], [ 90.461929321289062, 37.979007720947266 ], [ 90.464889526367188, 37.975738525390625 ], [ 90.46673583984375, 37.973869323730469 ], [ 90.469161987304688, 37.971786499023438 ], [ 90.471000671386719, 37.969978332519531 ], [ 90.473808288574219, 37.966930389404297 ], [ 90.476097106933594, 37.964332580566406 ], [ 90.479339599609375, 37.961284637451172 ], [ 90.482574462890625, 37.958183288574219 ], [ 90.483634948730469, 37.956081390380859 ], [ 90.484390258789062, 37.954090118408203 ], [ 90.485015869140625, 37.952041625976562 ], [ 90.484909057617188, 37.949985504150391 ], [ 90.484451293945312, 37.947406768798828 ], [ 90.482841491699219, 37.944988250732422 ], [ 90.47900390625, 37.94207763671875 ], [ 90.476432800292969, 37.940563201904297 ], [ 90.472862243652344, 37.938800811767578 ], [ 90.47021484375, 37.937393188476562 ], [ 90.467506408691406, 37.935928344726562 ], [ 90.465293884277344, 37.934700012207031 ], [ 90.463363647460938, 37.93353271484375 ], [ 90.460723876953125, 37.932178497314453 ], [ 90.458297729492188, 37.930721282958984 ], [ 90.455802917480469, 37.929264068603516 ], [ 90.452674865722656, 37.92681884765625 ], [ 90.450538635253906, 37.925251007080078 ], [ 90.447677612304688, 37.924125671386719 ], [ 90.445098876953125, 37.923229217529297 ], [ 90.442428588867188, 37.923252105712891 ], [ 90.4407958984375, 37.921920776367188 ], [ 90.438873291015625, 37.920692443847656 ], [ 90.435073852539062, 37.919158935546875 ], [ 90.429779052734375, 37.916969299316406 ], [ 90.426490783691406, 37.915672302246094 ], [ 90.424484252929688, 37.914783477783203 ], [ 90.422714233398438, 37.913276672363281 ], [ 90.42205810546875, 37.910011291503906 ], [ 90.42181396484375, 37.908004760742188 ], [ 90.419937133789062, 37.904548645019531 ], [ 90.419692993164062, 37.902492523193359 ], [ 90.419166564941406, 37.900138854980469 ], [ 90.416145324707031, 37.896270751953125 ], [ 90.414520263671875, 37.894649505615234 ], [ 90.416244506835938, 37.891525268554688 ], [ 90.413261413574219, 37.889144897460938 ], [ 90.410324096679688, 37.888072967529297 ], [ 90.407821655273438, 37.887241363525391 ], [ 90.405860900878906, 37.884128570556641 ], [ 90.405807495117188, 37.880073547363281 ], [ 90.405708312988281, 37.877956390380859 ], [ 90.407264709472656, 37.872604370117188 ], [ 90.405593872070312, 37.869377136230469 ], [ 90.407546997070312, 37.865798950195312 ], [ 90.407623291015625, 37.862316131591797 ], [ 90.407882690429688, 37.860260009765625 ], [ 90.409004211425781, 37.858222961425781 ], [ 90.412040710449219, 37.854488372802734 ], [ 90.415321350097656, 37.852874755859375 ], [ 90.417869567871094, 37.851482391357422 ], [ 90.415184020996094, 37.848926544189453 ], [ 90.413253784179688, 37.848102569580078 ], [ 90.412429809570312, 37.846031188964844 ], [ 90.413093566894531, 37.84197998046875 ], [ 90.412345886230469, 37.839855194091797 ], [ 90.412712097167969, 37.836315155029297 ], [ 90.412124633789062, 37.833396911621094 ], [ 90.413764953613281, 37.830558776855469 ], [ 90.415733337402344, 37.829673767089844 ], [ 90.417770385742188, 37.828899383544922 ], [ 90.419731140136719, 37.828014373779297 ], [ 90.42156982421875, 37.826377868652344 ], [ 90.423591613769531, 37.822685241699219 ], [ 90.422935485839844, 37.819652557373047 ], [ 90.424880981445312, 37.816020965576172 ], [ 90.428031921386719, 37.813430786132812 ], [ 90.429595947265625, 37.811107635498047 ], [ 90.431350708007812, 37.80987548828125 ], [ 90.434181213378906, 37.808830261230469 ], [ 90.436363220214844, 37.808109283447266 ], [ 90.438255310058594, 37.807224273681641 ], [ 90.440910339355469, 37.803993225097656 ], [ 90.441497802734375, 37.799888610839844 ], [ 90.441192626953125, 37.797252655029297 ], [ 90.439590454101562, 37.794544219970703 ], [ 90.438255310058594, 37.793045043945312 ], [ 90.436569213867188, 37.790847778320312 ], [ 90.4351806640625, 37.788486480712891 ], [ 90.433792114257812, 37.785778045654297 ], [ 90.432479858398438, 37.783077239990234 ], [ 90.431022644042969, 37.780487060546875 ], [ 90.430061340332031, 37.778186798095703 ], [ 90.429756164550781, 37.775611877441406 ], [ 90.43145751953125, 37.773460388183594 ], [ 90.434768676757812, 37.7735595703125 ], [ 90.436515808105469, 37.772499084472656 ], [ 90.438201904296875, 37.771213531494141 ], [ 90.441734313964844, 37.770908355712891 ], [ 90.444389343261719, 37.771518707275391 ], [ 90.447265625, 37.771839141845703 ], [ 90.450729370117188, 37.771205902099609 ], [ 90.453048706054688, 37.770713806152344 ], [ 90.456008911132812, 37.770183563232422 ], [ 90.460494995117188, 37.769207000732422 ], [ 90.4625244140625, 37.768783569335938 ], [ 90.464996337890625, 37.767665863037109 ], [ 90.468246459960938, 37.767024993896484 ], [ 90.470268249511719, 37.766994476318359 ], [ 90.472702026367188, 37.767822265625 ], [ 90.475296020507812, 37.77105712890625 ], [ 90.47955322265625, 37.770942687988281 ], [ 90.48150634765625, 37.770336151123047 ], [ 90.485084533691406, 37.767925262451172 ], [ 90.488845825195312, 37.767005920410156 ], [ 90.490768432617188, 37.768173217773438 ], [ 90.494865417480469, 37.768909454345703 ], [ 90.496955871582031, 37.768764495849609 ], [ 90.49920654296875, 37.767585754394531 ], [ 90.499969482421875, 37.765659332275391 ], [ 90.49993896484375, 37.763595581054688 ], [ 90.49969482421875, 37.761020660400391 ], [ 90.502517700195312, 37.756938934326172 ], [ 90.504135131835938, 37.755020141601562 ], [ 90.504676818847656, 37.753028869628906 ], [ 90.504806518554688, 37.750339508056641 ], [ 90.5062255859375, 37.747611999511719 ], [ 90.507774353027344, 37.745861053466797 ], [ 90.508773803710938, 37.742443084716797 ], [ 90.508247375488281, 37.739864349365234 ], [ 90.509323120117188, 37.736789703369141 ], [ 90.513099670410156, 37.734725952148438 ], [ 90.514846801757812, 37.733718872070312 ], [ 90.516975402832031, 37.731914520263672 ], [ 90.518455505371094, 37.729759216308594 ], [ 90.521171569824219, 37.726825714111328 ], [ 90.525482177734375, 37.727561950683594 ], [ 90.527847290039062, 37.728046417236328 ], [ 90.529922485351562, 37.728649139404297 ], [ 90.534332275390625, 37.727729797363281 ], [ 90.537017822265625, 37.726615905761719 ], [ 90.538978576660156, 37.725559234619141 ], [ 90.542434692382812, 37.725711822509766 ], [ 90.545425415039062, 37.727294921875 ], [ 90.549667358398438, 37.727512359619141 ], [ 90.552268981933594, 37.726978302001953 ], [ 90.554374694824219, 37.726139068603516 ], [ 90.556564331054688, 37.724800109863281 ], [ 90.559165954589844, 37.723861694335938 ], [ 90.562629699707031, 37.723499298095703 ], [ 90.565078735351562, 37.723468780517578 ], [ 90.567901611328125, 37.722816467285156 ], [ 90.570503234863281, 37.72216796875 ], [ 90.573318481445312, 37.721794128417969 ], [ 90.575843811035156, 37.721538543701172 ], [ 90.578170776367188, 37.720138549804688 ], [ 90.578826904296875, 37.715801239013672 ], [ 90.57952880859375, 37.712841033935547 ], [ 90.580154418945312, 37.710334777832031 ], [ 90.580635070800781, 37.707767486572266 ], [ 90.582412719726562, 37.704875946044922 ], [ 90.584030151367188, 37.703231811523438 ], [ 90.587196350097656, 37.702930450439453 ], [ 90.590644836425781, 37.703422546386719 ], [ 90.593231201171875, 37.703567504882812 ], [ 90.597991943359375, 37.703166961669922 ], [ 90.601234436035156, 37.702808380126953 ], [ 90.6044921875, 37.701812744140625 ], [ 90.60784912109375, 37.699394226074219 ], [ 90.609878540039062, 37.698276519775391 ], [ 90.613578796386719, 37.696548461914062 ], [ 90.616905212402344, 37.695903778076172 ], [ 90.620201110839844, 37.696853637695312 ], [ 90.622337341308594, 37.697788238525391 ], [ 90.624839782714844, 37.698677062988281 ], [ 90.628501892089844, 37.699409484863281 ], [ 90.631446838378906, 37.699611663818359 ], [ 90.633674621582031, 37.699638366699219 ], [ 90.636199951171875, 37.699211120605469 ], [ 90.638374328613281, 37.698436737060547 ], [ 90.640556335449219, 37.697372436523438 ], [ 90.642791748046875, 37.696765899658203 ], [ 90.644874572753906, 37.697132110595703 ], [ 90.647712707519531, 37.699565887451172 ], [ 90.649993896484375, 37.700855255126953 ], [ 90.651695251464844, 37.702068328857422 ], [ 90.653556823730469, 37.702835083007812 ], [ 90.655632019042969, 37.703372955322266 ], [ 90.657966613769531, 37.701511383056641 ], [ 90.658370971679688, 37.698833465576172 ], [ 90.659698486328125, 37.697246551513672 ], [ 90.661895751953125, 37.695156097412109 ], [ 90.663848876953125, 37.694259643554688 ], [ 90.66766357421875, 37.694534301757812 ], [ 90.671394348144531, 37.695262908935547 ], [ 90.674018859863281, 37.692893981933594 ], [ 90.6754150390625, 37.691188812255859 ], [ 90.676742553710938, 37.689487457275391 ], [ 90.676422119140625, 37.687030792236328 ], [ 90.675521850585938, 37.684959411621094 ], [ 90.675643920898438, 37.682277679443359 ], [ 90.679481506347656, 37.681056976318359 ], [ 90.682144165039062, 37.681026458740234 ], [ 90.684585571289062, 37.681110382080078 ], [ 90.688323974609375, 37.681381225585938 ], [ 90.691085815429688, 37.679592132568359 ], [ 90.692771911621094, 37.677947998046875 ], [ 90.696029663085938, 37.676723480224609 ], [ 90.699546813964844, 37.676990509033203 ], [ 90.702674865722656, 37.674854278564453 ], [ 90.704208374023438, 37.673561096191406 ], [ 90.706733703613281, 37.673122406005859 ], [ 90.709114074707031, 37.672924041748047 ], [ 90.711563110351562, 37.672889709472656 ], [ 90.7139892578125, 37.673892974853516 ], [ 90.716438293457031, 37.673625946044922 ], [ 90.720352172851562, 37.672016143798828 ], [ 90.722312927246094, 37.671119689941406 ], [ 90.724342346191406, 37.669769287109375 ], [ 90.726020812988281, 37.66864013671875 ], [ 90.727981567382812, 37.667289733886719 ], [ 90.730232238769531, 37.666225433349609 ], [ 90.734123229980469, 37.66558837890625 ], [ 90.736297607421875, 37.664920806884766 ], [ 90.738609313964844, 37.664379119873047 ], [ 90.740837097167969, 37.664115905761719 ], [ 90.741462707519531, 37.661380767822266 ], [ 90.741020202636719, 37.657310485839844 ], [ 90.743438720703125, 37.654537200927734 ], [ 90.746269226074219, 37.653194427490234 ], [ 90.747665405273438, 37.651317596435547 ], [ 90.751411437988281, 37.650959014892578 ], [ 90.753494262695312, 37.651321411132812 ], [ 90.7554931640625, 37.651920318603516 ], [ 90.757568359375, 37.652572631835938 ], [ 90.761886596679688, 37.652446746826172 ], [ 90.764137268066406, 37.651382446289062 ], [ 90.766372680664062, 37.650711059570312 ], [ 90.768547058105469, 37.649997711181641 ], [ 90.770919799804688, 37.6500244140625 ], [ 90.774726867675781, 37.650005340576172 ], [ 90.776336669921875, 37.648303985595703 ], [ 90.778594970703125, 37.646385192871094 ], [ 90.780708312988281, 37.644973754882812 ], [ 90.783172607421875, 37.643398284912109 ], [ 90.785713195800781, 37.641933441162109 ], [ 90.787605285644531, 37.640583038330078 ], [ 90.789360046386719, 37.638946533203125 ], [ 90.790260314941406, 37.636550903320312 ], [ 90.791534423828125, 37.633079528808594 ], [ 90.79193115234375, 37.630851745605469 ], [ 90.793601989746094, 37.629615783691406 ], [ 90.79669189453125, 37.629932403564453 ], [ 90.800132751464844, 37.630302429199219 ], [ 90.803070068359375, 37.630908966064453 ], [ 90.805519104003906, 37.630935668945312 ], [ 90.807914733886719, 37.629123687744141 ], [ 90.810676574707031, 37.627265930175781 ], [ 90.812278747558594, 37.625972747802734 ], [ 90.813835144042969, 37.622837066650391 ], [ 90.814529418945312, 37.619869232177734 ], [ 90.815650939941406, 37.617313385009766 ], [ 90.817192077636719, 37.615272521972656 ], [ 90.818511962890625, 37.61334228515625 ], [ 90.820991516113281, 37.611186981201172 ], [ 90.82366943359375, 37.610012054443359 ], [ 90.826484680175781, 37.609298706054688 ], [ 90.829727172851562, 37.608413696289062 ], [ 90.832328796386719, 37.607757568359375 ], [ 90.835136413574219, 37.607555389404297 ], [ 90.838432312011719, 37.608104705810547 ], [ 90.842086791992188, 37.608592987060547 ], [ 90.845512390136719, 37.605766296386719 ], [ 90.848915100097656, 37.604141235351562 ], [ 90.850929260253906, 37.604160308837891 ], [ 90.853302001953125, 37.603729248046875 ], [ 90.854568481445312, 37.600704193115234 ], [ 90.85498046875, 37.597396850585938 ], [ 90.856094360351562, 37.594608306884766 ], [ 90.860298156738281, 37.592243194580078 ], [ 90.863471984863281, 37.591590881347656 ], [ 90.866523742675781, 37.589561462402344 ], [ 90.869148254394531, 37.586666107177734 ], [ 90.871109008789062, 37.585311889648438 ], [ 90.873420715332031, 37.584308624267578 ], [ 90.876182556152344, 37.582332611083984 ], [ 90.877799987792969, 37.57989501953125 ], [ 90.879570007324219, 37.576702117919922 ], [ 90.881309509277344, 37.575344085693359 ], [ 90.881141662597656, 37.572208404541016 ], [ 90.879371643066406, 37.570526123046875 ], [ 90.877815246582031, 37.569084167480469 ], [ 90.877487182617188, 37.566734313964844 ], [ 90.873924255371094, 37.564472198486328 ], [ 90.871925354003906, 37.563484191894531 ], [ 90.869346618652344, 37.558139801025391 ], [ 90.868072509765625, 37.552017211914062 ], [ 90.866233825683594, 37.549942016601562 ], [ 90.864418029785156, 37.546718597412109 ], [ 90.863807678222656, 37.544021606445312 ], [ 90.863494873046875, 37.540988922119141 ], [ 90.863021850585938, 37.53875732421875 ], [ 90.86248779296875, 37.53607177734375 ], [ 90.862663269042969, 37.533893585205078 ], [ 90.864723205566406, 37.530258178710938 ], [ 90.86724853515625, 37.529880523681641 ], [ 90.869903564453125, 37.52984619140625 ], [ 90.872268676757812, 37.530158996582031 ], [ 90.874565124511719, 37.530235290527344 ], [ 90.876861572265625, 37.530197143554688 ], [ 90.878875732421875, 37.529991149902344 ], [ 90.881683349609375, 37.529617309570312 ], [ 90.884284973144531, 37.528556823730469 ], [ 90.886093139648438, 37.527595520019531 ], [ 90.888336181640625, 37.526420593261719 ], [ 90.891014099121094, 37.524730682373047 ], [ 90.8931884765625, 37.523319244384766 ], [ 90.895515441894531, 37.521514892578125 ], [ 90.899482727050781, 37.519771575927734 ], [ 90.901649475097656, 37.51922607421875 ], [ 90.903877258300781, 37.518898010253906 ], [ 90.907890319824219, 37.519454956054688 ], [ 90.910552978515625, 37.519184112548828 ], [ 90.914108276367188, 37.516132354736328 ], [ 90.9163818359375, 37.512954711914062 ], [ 90.919464111328125, 37.508289337158203 ], [ 90.921279907226562, 37.506591796875 ], [ 90.924385070800781, 37.505134582519531 ], [ 90.926551818847656, 37.504299163818359 ], [ 90.929435729980469, 37.503520965576172 ], [ 90.931877136230469, 37.503139495849609 ], [ 90.93389892578125, 37.502590179443359 ], [ 90.9359130859375, 37.501976013183594 ], [ 90.937797546386719, 37.500965118408203 ], [ 90.939750671386719, 37.499557495117188 ], [ 90.941436767578125, 37.497226715087891 ], [ 90.941329956054688, 37.494537353515625 ], [ 90.940437316894531, 37.49127197265625 ], [ 90.939598083496094, 37.48931884765625 ], [ 90.937118530273438, 37.487411499023438 ], [ 90.936294555664062, 37.484603881835938 ], [ 90.937553405761719, 37.481807708740234 ], [ 90.939582824707031, 37.480060577392578 ], [ 90.94482421875, 37.479816436767578 ], [ 90.947196960449219, 37.479724884033203 ], [ 90.949432373046875, 37.478996276855469 ], [ 90.953323364257812, 37.477828979492188 ], [ 90.956626892089844, 37.477230072021484 ], [ 90.95855712890625, 37.477767944335938 ], [ 90.96240234375, 37.479850769042969 ], [ 90.9649658203125, 37.481704711914062 ], [ 90.967391967773438, 37.482757568359375 ], [ 90.969390869140625, 37.483234405517578 ], [ 90.972267150878906, 37.483310699462891 ], [ 90.973968505859375, 37.484527587890625 ], [ 90.975898742675781, 37.48529052734375 ], [ 90.9779052734375, 37.485530853271484 ], [ 90.9803466796875, 37.485557556152344 ], [ 90.984367370605469, 37.484958648681641 ], [ 90.987617492675781, 37.483669281005859 ], [ 90.98895263671875, 37.485511779785156 ], [ 90.990867614746094, 37.487644195556641 ], [ 90.993057250976562, 37.490058898925781 ], [ 90.994972229003906, 37.491847991943359 ], [ 90.997116088867188, 37.492958068847656 ], [ 90.998970031738281, 37.493999481201172 ], [ 91.001991271972656, 37.492996215820312 ], [ 91.004081726074219, 37.492500305175781 ], [ 91.006317138671875, 37.491996765136719 ], [ 91.00982666015625, 37.492256164550781 ], [ 91.013343811035156, 37.492340087890625 ], [ 91.015571594238281, 37.492359161376953 ], [ 91.017936706542969, 37.492263793945312 ], [ 91.020240783691406, 37.491943359375 ], [ 91.022903442382812, 37.491050720214844 ], [ 91.027008056640625, 37.489994049072266 ], [ 91.029098510742188, 37.48944091796875 ], [ 91.031112670898438, 37.488880157470703 ], [ 91.034286499023438, 37.487709045410156 ], [ 91.036956787109375, 37.486644744873047 ], [ 91.040054321289062, 37.485580444335938 ], [ 91.042709350585938, 37.485370635986328 ], [ 91.045372009277344, 37.484886169433594 ], [ 91.048248291015625, 37.484218597412109 ], [ 91.050918579101562, 37.483264923095703 ], [ 91.053215026855469, 37.483165740966797 ], [ 91.055366516113281, 37.483131408691406 ], [ 91.05767822265625, 37.482349395751953 ], [ 91.061141967773438, 37.480659484863281 ], [ 91.0643310546875, 37.478115081787109 ], [ 91.068145751953125, 37.476772308349609 ], [ 91.070526123046875, 37.475982666015625 ], [ 91.073127746582031, 37.474468231201172 ], [ 91.07452392578125, 37.471561431884766 ], [ 91.074409484863281, 37.468643188476562 ], [ 91.077301025390625, 37.466949462890625 ], [ 91.080146789550781, 37.463138580322266 ], [ 91.081390380859375, 37.461090087890625 ], [ 91.083274841308594, 37.459335327148438 ], [ 91.085594177246094, 37.457290649414062 ], [ 91.087333679199219, 37.455986022949219 ], [ 91.089210510253906, 37.454513549804688 ], [ 91.091163635253906, 37.453273773193359 ], [ 91.093841552734375, 37.451408386230469 ], [ 91.095870971679688, 37.449592590332031 ], [ 91.097908020019531, 37.447093963623047 ], [ 91.099006652832031, 37.444988250732422 ], [ 91.099960327148438, 37.443218231201172 ], [ 91.102516174316406, 37.439468383789062 ], [ 91.103538513183594, 37.437301635742188 ], [ 91.104934692382812, 37.434280395507812 ], [ 91.1058349609375, 37.431194305419922 ], [ 91.107383728027344, 37.426921844482422 ], [ 91.107658386230469, 37.422061920166016 ], [ 91.108406066894531, 37.419155120849609 ], [ 91.108505249023438, 37.4168701171875 ], [ 91.108314514160156, 37.414352416992188 ], [ 91.107635498046875, 37.410854339599609 ], [ 91.107978820800781, 37.406112670898438 ], [ 91.108299255371094, 37.403541564941406 ], [ 91.108261108398438, 37.400516510009766 ], [ 91.108436584472656, 37.397598266601562 ], [ 91.109481811523438, 37.393714904785156 ], [ 91.109725952148438, 37.391258239746094 ], [ 91.110832214355469, 37.388465881347656 ], [ 91.111930847167969, 37.386302947998047 ], [ 91.112953186035156, 37.384429931640625 ], [ 91.113975524902344, 37.382659912109375 ], [ 91.116004943847656, 37.380439758300781 ], [ 91.118904113769531, 37.377777099609375 ], [ 91.122299194335938, 37.375396728515625 ], [ 91.125038146972656, 37.373874664306641 ], [ 91.126502990722656, 37.371204376220703 ], [ 91.1248779296875, 37.368724822998047 ], [ 91.123748779296875, 37.367061614990234 ], [ 91.122062683105469, 37.364536285400391 ], [ 91.123092651367188, 37.361743927001953 ], [ 91.12603759765625, 37.3609619140625 ], [ 91.128707885742188, 37.359668731689453 ], [ 91.130508422851562, 37.358421325683594 ], [ 91.13275146484375, 37.356491088867188 ], [ 91.134201049804688, 37.354965209960938 ], [ 91.1353759765625, 37.352451324462891 ], [ 91.133255004882812, 37.349517822265625 ], [ 91.132003784179688, 37.346138000488281 ], [ 91.13360595703125, 37.343803405761719 ], [ 91.134918212890625, 37.341758728027344 ], [ 91.135116577148438, 37.336212158203125 ], [ 91.134811401367188, 37.332038879394531 ], [ 91.134613037109375, 37.330032348632812 ], [ 91.134140014648438, 37.327686309814453 ], [ 91.133514404296875, 37.325393676757812 ], [ 91.135284423828125, 37.321063995361328 ], [ 91.139373779296875, 37.320064544677734 ], [ 91.142829895019531, 37.318714141845703 ], [ 91.144638061523438, 37.316841125488281 ], [ 91.146377563476562, 37.314796447753906 ], [ 91.149757385253906, 37.313388824462891 ], [ 91.151908874511719, 37.313457489013672 ], [ 91.155494689941406, 37.3126220703125 ], [ 91.157646179199219, 37.312187194824219 ], [ 91.159591674804688, 37.311058044433594 ], [ 91.161705017089844, 37.308036804199219 ], [ 91.164375305175781, 37.305717468261719 ], [ 91.166107177734375, 37.304355621337891 ], [ 91.1690673828125, 37.301967620849609 ], [ 91.170967102050781, 37.298549652099609 ], [ 91.169921875, 37.295856475830078 ], [ 91.168724060058594, 37.293910980224609 ], [ 91.166656494140625, 37.292690277099609 ], [ 91.165977478027344, 37.289253234863281 ], [ 91.167442321777344, 37.286178588867188 ], [ 91.169387817382812, 37.284534454345703 ], [ 91.171195983886719, 37.282947540283203 ], [ 91.175369262695312, 37.281253814697266 ], [ 91.179252624511719, 37.279342651367188 ], [ 91.181266784667969, 37.278499603271484 ], [ 91.18377685546875, 37.277656555175781 ], [ 91.186355590820312, 37.277324676513672 ], [ 91.190437316894531, 37.277297973632812 ], [ 91.192611694335938, 37.274456024169922 ], [ 91.192420959472656, 37.271759033203125 ], [ 91.189239501953125, 37.268424987792969 ], [ 91.188682556152344, 37.266368865966797 ], [ 91.188575744628906, 37.263160705566406 ], [ 91.189834594726562, 37.258884429931641 ], [ 91.189010620117188, 37.255393981933594 ], [ 91.188201904296875, 37.250751495361328 ], [ 91.187446594238281, 37.247657775878906 ], [ 91.188400268554688, 37.244979858398438 ], [ 91.19036865234375, 37.241386413574219 ], [ 91.190460205078125, 37.238876342773438 ], [ 91.192436218261719, 37.235111236572266 ], [ 91.192459106445312, 37.232429504394531 ], [ 91.190780639648438, 37.228870391845703 ], [ 91.189659118652344, 37.22674560546875 ], [ 91.188888549804688, 37.224796295166016 ], [ 91.189582824707031, 37.219997406005859 ], [ 91.191596984863281, 37.218704223632812 ], [ 91.1943359375, 37.216655731201172 ], [ 91.195137023925781, 37.214603424072266 ], [ 91.195884704589844, 37.211921691894531 ], [ 91.194259643554688, 37.209506988525391 ], [ 91.19024658203125, 37.204753875732422 ], [ 91.185562133789062, 37.202075958251953 ], [ 91.182220458984375, 37.194721221923828 ], [ 91.168846130371094, 37.192714691162109 ], [ 91.155471801757812, 37.193386077880859 ], [ 91.136077880859375, 37.196060180664062 ], [ 91.114013671875, 37.201408386230469 ], [ 91.097969055175781, 37.204082489013672 ], [ 91.082588195800781, 37.207427978515625 ], [ 91.0692138671875, 37.210769653320312 ], [ 91.063194274902344, 37.210102081298828 ], [ 91.036445617675781, 37.211437225341797 ], [ 91.029090881347656, 37.205421447753906 ], [ 91.032432556152344, 37.188705444335938 ], [ 91.0384521484375, 37.167976379394531 ], [ 91.040458679199219, 37.153263092041016 ], [ 91.040458679199219, 37.136547088623047 ], [ 91.043800354003906, 37.125179290771484 ], [ 91.051155090332031, 37.120498657226562 ], [ 91.067878723144531, 37.112472534179688 ], [ 91.082588195800781, 37.106456756591797 ], [ 91.09930419921875, 37.09442138671875 ], [ 91.112007141113281, 37.081047058105469 ], [ 91.116691589355469, 37.067005157470703 ], [ 91.122703552246094, 37.035575866699219 ], [ 91.125381469726562, 37.022872924804688 ], [ 91.12872314453125, 37.000137329101562 ], [ 91.128166198730469, 36.989391326904297 ], [ 91.127700805664062, 36.984287261962891 ], [ 91.125381469726562, 36.97918701171875 ], [ 91.115737915039062, 36.971336364746094 ], [ 91.113807678222656, 36.970710754394531 ], [ 91.111312866210938, 36.970020294189453 ], [ 91.109107971191406, 36.969734191894531 ], [ 91.105545043945312, 36.969623565673828 ], [ 91.096061706542969, 36.969562530517578 ], [ 91.086433410644531, 36.969570159912109 ], [ 91.07659912109375, 36.969390869140625 ], [ 91.054428100585938, 36.967559814453125 ], [ 91.050079345703125, 36.966869354248047 ], [ 91.04730224609375, 36.966011047363281 ], [ 91.044662475585938, 36.963382720947266 ], [ 91.044029235839844, 36.959884643554688 ], [ 91.043037414550781, 36.956745147705078 ], [ 91.042404174804688, 36.949588775634766 ], [ 91.041763305664062, 36.945812225341797 ], [ 91.03857421875, 36.937858581542969 ], [ 91.036872863769531, 36.931110382080078 ], [ 91.035514831542969, 36.929168701171875 ], [ 91.031959533691406, 36.928768157958984 ], [ 91.029251098632812, 36.928478240966797 ], [ 91.026397705078125, 36.927791595458984 ], [ 91.024551391601562, 36.926868438720703 ], [ 91.020988464355469, 36.925216674804688 ], [ 91.014511108398438, 36.923324584960938 ], [ 91.003402709960938, 36.918739318847656 ], [ 90.997489929199219, 36.916675567626953 ], [ 90.992790222167969, 36.915355682373047 ], [ 90.987876892089844, 36.914207458496094 ], [ 90.982467651367188, 36.91351318359375 ], [ 90.979972839355469, 36.913570404052734 ], [ 90.976982116699219, 36.914192199707031 ], [ 90.974411010742188, 36.915103912353516 ], [ 90.971420288085938, 36.915962219238281 ], [ 90.969352722167969, 36.916595458984375 ], [ 90.96685791015625, 36.917560577392578 ], [ 90.957664489746094, 36.918636322021484 ], [ 90.952964782714844, 36.918403625488281 ], [ 90.948471069335938, 36.918514251708984 ], [ 90.94305419921875, 36.918567657470703 ], [ 90.938499450683594, 36.918674468994141 ], [ 90.933364868164062, 36.919929504394531 ], [ 90.928016662597656, 36.920600891113281 ], [ 90.922821044921875, 36.920879364013672 ], [ 90.917404174804688, 36.920940399169922 ], [ 90.897743225097656, 36.919872283935547 ], [ 90.893043518066406, 36.918777465820312 ], [ 90.889907836914062, 36.918716430664062 ], [ 90.878150939941406, 36.919559478759766 ], [ 90.872451782226562, 36.920467376708984 ], [ 90.868461608886719, 36.920223236083984 ], [ 90.865043640136719, 36.919593811035156 ], [ 90.859634399414062, 36.918144226074219 ], [ 90.852951049804688, 36.915447235107422 ], [ 90.8504638671875, 36.913951873779297 ], [ 90.848403930664062, 36.911781311035156 ], [ 90.843360900878906, 36.90765380859375 ], [ 90.839462280273438, 36.90386962890625 ], [ 90.833847045898438, 36.899562835693359 ], [ 90.827247619628906, 36.894115447998047 ], [ 90.820793151855469, 36.888557434082031 ], [ 90.815681457519531, 36.884307861328125 ], [ 90.813339233398438, 36.882869720458984 ], [ 90.811431884765625, 36.879726409912109 ], [ 90.810157775878906, 36.876686096191406 ], [ 90.80810546875, 36.874168395996094 ], [ 90.804702758789062, 36.871757507324219 ], [ 90.800941467285156, 36.869289398193359 ], [ 90.794700622558594, 36.863037109375 ], [ 90.793006896972656, 36.860916137695312 ], [ 90.791595458984375, 36.857486724853516 ], [ 90.790260314941406, 36.853702545166016 ], [ 90.790206909179688, 36.849693298339844 ], [ 90.789222717285156, 36.847404479980469 ], [ 90.787734985351562, 36.845512390136719 ], [ 90.78497314453125, 36.843109130859375 ], [ 90.78192138671875, 36.840873718261719 ], [ 90.776390075683594, 36.836048126220703 ], [ 90.773406982421875, 36.835472106933594 ], [ 90.770210266113281, 36.835060119628906 ], [ 90.767082214355469, 36.833965301513672 ], [ 90.764739990234375, 36.832588195800781 ], [ 90.762969970703125, 36.831039428710938 ], [ 90.761054992675781, 36.829086303710938 ], [ 90.759429931640625, 36.827369689941406 ], [ 90.755027770996094, 36.825008392333984 ], [ 90.752326965332031, 36.824661254882812 ], [ 90.748771667480469, 36.824474334716797 ], [ 90.745567321777344, 36.825046539306641 ], [ 90.743499755859375, 36.825717926025391 ], [ 90.737442016601562, 36.827133178710938 ], [ 90.733741760253906, 36.827404022216797 ], [ 90.730552673339844, 36.825454711914062 ], [ 90.730224609375, 36.820709228515625 ], [ 90.729171752929688, 36.818073272705078 ], [ 90.727340698242188, 36.814517974853516 ], [ 90.726921081542969, 36.812004089355469 ], [ 90.727371215820312, 36.80816650390625 ], [ 90.727249145507812, 36.804397583007812 ], [ 90.72271728515625, 36.801464080810547 ], [ 90.721023559570312, 36.798080444335938 ], [ 90.721343994140625, 36.792591094970703 ], [ 90.721595764160156, 36.784984588623047 ], [ 90.723220825195312, 36.773204803466797 ], [ 90.724090576171875, 36.771148681640625 ], [ 90.725730895996094, 36.769840240478516 ], [ 90.728157043457031, 36.768417358398438 ], [ 90.730300903320312, 36.766708374023438 ], [ 90.730247497558594, 36.763221740722656 ], [ 90.727920532226562, 36.759265899658203 ], [ 90.726295471191406, 36.757255554199219 ], [ 90.726318359375, 36.75347900390625 ], [ 90.728607177734375, 36.750225067138672 ], [ 90.730751037597656, 36.748691558837891 ], [ 90.733169555664062, 36.747386932373047 ], [ 90.7349853515625, 36.740070343017578 ], [ 90.737564086914062, 36.737442016601562 ], [ 90.7396240234375, 36.736930847167969 ], [ 90.746383666992188, 36.735637664794922 ], [ 90.751029968261719, 36.730155944824219 ], [ 90.753974914550781, 36.724277496337891 ], [ 90.753631591796875, 36.721126556396484 ], [ 90.750724792480469, 36.719459533691406 ], [ 90.748245239257812, 36.7181396484375 ], [ 90.74420166015625, 36.716693878173828 ], [ 90.741867065429688, 36.716236114501953 ], [ 90.738685607910156, 36.712787628173828 ], [ 90.731094360351562, 36.711166381835938 ], [ 90.723274230957031, 36.710575103759766 ], [ 90.720726013183594, 36.709995269775391 ], [ 90.71826171875, 36.705867767333984 ], [ 90.716728210449219, 36.699684143066406 ], [ 90.716812133789062, 36.697280883789062 ], [ 90.715301513671875, 36.687728881835938 ], [ 90.709991455078125, 36.685249328613281 ], [ 90.70672607421875, 36.684608459472656 ], [ 90.708808898925781, 36.680614471435547 ], [ 90.710380554199219, 36.678733825683594 ], [ 90.712242126464844, 36.676219940185547 ], [ 90.713043212890625, 36.673416137695312 ], [ 90.707832336425781, 36.664710998535156 ], [ 90.706001281738281, 36.662296295166016 ], [ 90.704742431640625, 36.659145355224609 ], [ 90.706802368164062, 36.658584594726562 ], [ 90.714881896972656, 36.660781860351562 ], [ 90.717369079589844, 36.661128997802734 ], [ 90.721694946289062, 36.661201477050781 ], [ 90.725479125976562, 36.658355712890625 ], [ 90.729537963867188, 36.655792236328125 ], [ 90.728279113769531, 36.652065277099609 ], [ 90.728729248046875, 36.646408081054688 ], [ 90.730751037597656, 36.641033172607422 ], [ 90.731895446777344, 36.639205932617188 ], [ 90.734123229980469, 36.633377075195312 ], [ 90.764511108398438, 36.587238311767578 ], [ 90.767349243164062, 36.586624145507812 ], [ 90.772392272949219, 36.585205078125 ], [ 90.77545166015625, 36.583152770996094 ], [ 90.779426574707031, 36.5826416015625 ], [ 90.784172058105469, 36.584434509277344 ], [ 90.786369323730469, 36.584663391113281 ], [ 90.794036865234375, 36.583824157714844 ], [ 90.79949951171875, 36.582977294921875 ], [ 90.803611755371094, 36.582416534423828 ], [ 90.809272766113281, 36.585456848144531 ], [ 90.813682556152344, 36.583869934082031 ], [ 90.816032409667969, 36.581581115722656 ], [ 90.817947387695312, 36.580848693847656 ], [ 90.824905395507812, 36.578857421875 ], [ 90.825271606445312, 36.576568603515625 ], [ 90.820037841796875, 36.572040557861328 ], [ 90.817710876464844, 36.569232940673828 ], [ 90.816238403320312, 36.565853118896484 ], [ 90.816596984863281, 36.563850402832031 ], [ 90.821075439453125, 36.562255859375 ], [ 90.824478149414062, 36.561805725097656 ], [ 90.829666137695312, 36.558216094970703 ], [ 90.83172607421875, 36.558162689208984 ], [ 90.835548400878906, 36.559890747070312 ], [ 90.843276977539062, 36.560985565185547 ], [ 90.849800109863281, 36.561111450195312 ], [ 90.858390808105469, 36.558330535888672 ], [ 90.860946655273438, 36.557014465332031 ], [ 90.86895751953125, 36.55731201171875 ], [ 90.870223999023438, 36.559207916259766 ], [ 90.874687194824219, 36.560070037841797 ], [ 90.883918762207031, 36.557792663574219 ], [ 90.886039733886719, 36.557914733886719 ], [ 90.888946533203125, 36.558143615722656 ], [ 90.895606994628906, 36.560272216796875 ], [ 90.903907775878906, 36.560455322265625 ], [ 90.909515380859375, 36.556514739990234 ], [ 90.918045043945312, 36.550350189208984 ], [ 90.921379089355469, 36.550579071044922 ], [ 90.929656982421875, 36.554714202880859 ], [ 90.931793212890625, 36.554374694824219 ], [ 90.946754455566406, 36.552272796630859 ], [ 90.960662841796875, 36.548851013183594 ], [ 90.9656982421875, 36.548450469970703 ], [ 90.970947265625, 36.547542572021484 ], [ 90.985061645507812, 36.543952941894531 ], [ 90.988250732421875, 36.543319702148438 ], [ 90.991157531738281, 36.54315185546875 ], [ 90.996055603027344, 36.542984008789062 ], [ 90.998748779296875, 36.542533874511719 ], [ 91.007896423339844, 36.54058837890625 ], [ 91.009956359863281, 36.539791107177734 ], [ 91.013153076171875, 36.535728454589844 ], [ 91.015777587890625, 36.533161163330078 ], [ 91.022796630859375, 36.533103942871094 ], [ 91.033576965332031, 36.530986785888672 ], [ 91.030960083007812, 36.523204803466797 ], [ 91.02813720703125, 36.516624450683594 ], [ 91.026649475097656, 36.513652801513672 ], [ 91.025588989257812, 36.510158538818359 ], [ 91.025665283203125, 36.507755279541016 ], [ 91.027938842773438, 36.503070831298828 ], [ 91.033401489257812, 36.498493194580078 ], [ 91.035171508789062, 36.496944427490234 ], [ 91.035812377929688, 36.494606018066406 ], [ 91.033973693847656, 36.491115570068359 ], [ 91.031997680664062, 36.488712310791016 ], [ 91.031501770019531, 36.486362457275391 ], [ 91.032638549804688, 36.483390808105469 ], [ 91.034133911132812, 36.480873107910156 ], [ 91.036186218261719, 36.479499816894531 ], [ 91.03973388671875, 36.475955963134766 ], [ 91.028678894042969, 36.471054077148438 ], [ 91.02996826171875, 36.469146728515625 ], [ 91.030677795410156, 36.464733123779297 ], [ 91.028846740722656, 36.459243774414062 ], [ 91.028427124023438, 36.455062866210938 ], [ 91.027023315429688, 36.44671630859375 ], [ 91.026809692382812, 36.443225860595703 ], [ 91.028587341308594, 36.439273834228516 ], [ 91.031333923339844, 36.396537780761719 ], [ 91.032394409179688, 36.393619537353516 ], [ 91.033531188964844, 36.391735076904297 ], [ 91.035301208496094, 36.389965057373047 ], [ 91.037284851074219, 36.389102935791016 ], [ 91.03955078125, 36.384014129638672 ], [ 91.038284301757812, 36.381778717041016 ], [ 91.037223815917969, 36.376461029052734 ], [ 91.031646728515625, 36.368560791015625 ], [ 91.030235290527344, 36.365589141845703 ], [ 91.027702331542969, 36.356887817382812 ], [ 91.028617858886719, 36.354713439941406 ], [ 91.028907775878906, 36.352313995361328 ], [ 91.031532287597656, 36.346141815185547 ], [ 91.033439636230469, 36.344081878662109 ], [ 91.035072326660156, 36.341728210449219 ], [ 91.028923034667969, 36.335727691650391 ], [ 91.027023315429688, 36.333263397216797 ], [ 91.025115966796875, 36.330574035644531 ], [ 91.024269104003906, 36.326225280761719 ], [ 91.024909973144531, 36.323703765869141 ], [ 91.027603149414062, 36.32159423828125 ], [ 91.0341796875, 36.318965911865234 ], [ 91.037506103515625, 36.317188262939453 ], [ 91.043373107910156, 36.312896728515625 ], [ 91.044929504394531, 36.311355590820312 ], [ 91.051300048828125, 36.307403564453125 ], [ 91.048469543457031, 36.305690765380859 ], [ 91.050811767578125, 36.300079345703125 ], [ 91.0528564453125, 36.299221038818359 ], [ 91.056182861328125, 36.298934936523438 ], [ 91.05999755859375, 36.299968719482422 ], [ 91.063812255859375, 36.300888061523438 ], [ 91.066078186035156, 36.300708770751953 ], [ 91.068550109863281, 36.300025939941406 ], [ 91.070808410644531, 36.298881530761719 ], [ 91.073921203613281, 36.295562744140625 ], [ 91.075057983398438, 36.293552398681641 ], [ 91.0751953125, 36.291332244873047 ], [ 91.074493408203125, 36.287662506103516 ], [ 91.0679931640625, 36.282115936279297 ], [ 91.060722351074219, 36.277023315429688 ], [ 91.053947448730469, 36.270156860351562 ], [ 91.052253723144531, 36.26763916015625 ], [ 91.050628662109375, 36.265010833740234 ], [ 91.048233032226562, 36.258377075195312 ], [ 91.04736328125, 36.253353118896484 ], [ 91.060737609863281, 36.248672485351562 ], [ 91.074783325195312, 36.245326995849609 ], [ 91.09283447265625, 36.2373046875 ], [ 91.10821533203125, 36.222591400146484 ], [ 91.116905212402344, 36.210556030273438 ], [ 91.117576599121094, 36.190494537353516 ], [ 91.120918273925781, 36.177120208740234 ], [ 91.118247985839844, 36.16107177734375 ], [ 91.106208801269531, 36.147701263427734 ], [ 91.103530883789062, 36.134994506835938 ], [ 91.10821533203125, 36.127639770507812 ], [ 91.12359619140625, 36.110923767089844 ], [ 91.118865966796875, 36.102672576904297 ], [ 91.1168212890625, 36.100494384765625 ], [ 91.114639282226562, 36.098495483398438 ], [ 91.112663269042969, 36.0965576171875 ], [ 91.110336303710938, 36.094951629638672 ], [ 91.103218078613281, 36.092380523681641 ], [ 91.098846435546875, 36.090839385986328 ], [ 91.094825744628906, 36.089748382568359 ], [ 91.09088134765625, 36.088775634765625 ], [ 91.087570190429688, 36.088779449462891 ], [ 91.082916259765625, 36.088443756103516 ], [ 91.079673767089844, 36.088382720947266 ], [ 91.075653076171875, 36.088840484619141 ], [ 91.066276550292969, 36.091365814208984 ], [ 91.060493469238281, 36.092559814453125 ], [ 91.055633544921875, 36.094047546386719 ], [ 91.050910949707031, 36.093647003173828 ], [ 91.046958923339844, 36.093196868896484 ], [ 91.041748046875, 36.093082427978516 ], [ 91.039772033691406, 36.093421936035156 ], [ 91.036880493164062, 36.095024108886719 ], [ 91.035255432128906, 36.0966796875 ], [ 91.033424377441406, 36.098514556884766 ], [ 91.031730651855469, 36.100059509277344 ], [ 91.026931762695312, 36.100173950195312 ], [ 91.022140502929688, 36.101943969726562 ], [ 91.018257141113281, 36.102916717529297 ], [ 91.01318359375, 36.103435516357422 ], [ 91.010223388671875, 36.103717803955078 ], [ 91.006065368652344, 36.102226257324219 ], [ 91.002326965332031, 36.100795745849609 ], [ 91.00042724609375, 36.101593017578125 ], [ 90.998588562011719, 36.103992462158203 ], [ 90.997177124023438, 36.106403350830078 ], [ 90.9954833984375, 36.107601165771484 ], [ 90.991035461425781, 36.107662200927734 ], [ 90.986885070800781, 36.105995178222656 ], [ 90.984413146972656, 36.104965209960938 ], [ 90.981597900390625, 36.105987548828125 ], [ 90.977928161621094, 36.107017517089844 ], [ 90.974967956542969, 36.105644226074219 ], [ 90.97320556640625, 36.104385375976562 ], [ 90.9722900390625, 36.102550506591797 ], [ 90.971450805664062, 36.099636077880859 ], [ 90.966941833496094, 36.097461700439453 ], [ 90.963279724121094, 36.095516204833984 ], [ 90.959770202636719, 36.090076446533203 ], [ 90.95654296875, 36.082633972167969 ], [ 90.955215454101562, 36.077430725097656 ], [ 90.953392028808594, 36.072792053222656 ], [ 90.952201843261719, 36.067924499511719 ], [ 90.951080322265625, 36.064491271972656 ], [ 90.948760986328125, 36.059459686279297 ], [ 90.945884704589844, 36.054878234863281 ], [ 90.942863464355469, 36.050125122070312 ], [ 90.940689086914062, 36.047435760498047 ], [ 90.939491271972656, 36.0457763671875 ], [ 90.937522888183594, 36.044570922851562 ], [ 90.935554504394531, 36.043941497802734 ], [ 90.933090209960938, 36.043540954589844 ], [ 90.931404113769531, 36.040618896484375 ], [ 90.92901611328125, 36.035575866699219 ], [ 90.926071166992188, 36.031631469726562 ], [ 90.923118591308594, 36.0299072265625 ], [ 90.91973876953125, 36.029388427734375 ], [ 90.917694091796875, 36.030017852783203 ], [ 90.91473388671875, 36.031105041503906 ], [ 90.909797668457031, 36.031730651855469 ], [ 90.904449462890625, 36.030979156494141 ], [ 90.899024963378906, 36.030170440673828 ], [ 90.893745422363281, 36.029014587402344 ], [ 90.8900146484375, 36.027645111083984 ], [ 90.887275695800781, 36.026325225830078 ], [ 90.883476257324219, 36.025230407714844 ], [ 90.87945556640625, 36.025737762451172 ], [ 90.876144409179688, 36.026477813720703 ], [ 90.873611450195312, 36.026760101318359 ], [ 90.871078491210938, 36.026760101318359 ], [ 90.868614196777344, 36.026237487792969 ], [ 90.86614990234375, 36.025264739990234 ], [ 90.863197326660156, 36.022968292236328 ], [ 90.860740661621094, 36.021080017089844 ], [ 90.8577880859375, 36.019584655761719 ], [ 90.854270935058594, 36.018440246582031 ], [ 90.851173400878906, 36.0174560546875 ], [ 90.848922729492188, 36.017108917236328 ], [ 90.845542907714844, 36.017166137695312 ], [ 90.842300415039062, 36.018070220947266 ], [ 90.839622497558594, 36.018924713134766 ], [ 90.837432861328125, 36.020065307617188 ], [ 90.836021423339844, 36.0216064453125 ], [ 90.833686828613281, 36.023834228515625 ], [ 90.831985473632812, 36.026752471923828 ], [ 90.829582214355469, 36.029319763183594 ], [ 90.82647705078125, 36.030635833740234 ], [ 90.823593139648438, 36.031257629394531 ], [ 90.820060729980469, 36.032680511474609 ], [ 90.816749572753906, 36.034160614013672 ], [ 90.814628601074219, 36.035987854003906 ], [ 90.817359924316406, 36.039199829101562 ], [ 90.81890869140625, 36.040515899658203 ], [ 90.816642761230469, 36.042747497558594 ], [ 90.814460754394531, 36.043544769287109 ], [ 90.811775207519531, 36.044502258300781 ], [ 90.805015563964844, 36.044326782226562 ], [ 90.803398132324219, 36.052520751953125 ], [ 90.793830871582031, 36.067298889160156 ], [ 90.783401489257812, 36.076862335205078 ], [ 90.7503662109375, 36.093379974365234 ], [ 90.724288940429688, 36.102073669433594 ], [ 90.710380554199219, 36.107288360595703 ], [ 90.68951416015625, 36.096855163574219 ], [ 90.673873901367188, 36.096855163574219 ], [ 90.673004150390625, 36.08294677734375 ], [ 90.673873901367188, 36.074253082275391 ], [ 90.668655395507812, 36.067298889160156 ], [ 90.658226013183594, 36.052520751953125 ], [ 90.651268005371094, 36.040351867675781 ], [ 90.652137756347656, 36.027313232421875 ], [ 90.646049499511719, 36.016010284423828 ], [ 90.631271362304688, 36.009056091308594 ], [ 90.626930236816406, 36.002971649169922 ], [ 90.619972229003906, 36.002101898193359 ], [ 90.607803344726562, 36.007316589355469 ], [ 90.594764709472656, 36.019489288330078 ], [ 90.565208435058594, 36.041221618652344 ], [ 90.540000915527344, 36.040351867675781 ], [ 90.526962280273438, 36.030788421630859 ], [ 90.505226135253906, 36.023834228515625 ], [ 90.440895080566406, 36.039482116699219 ], [ 90.428726196289062, 36.05426025390625 ], [ 90.396560668945312, 36.070777893066406 ], [ 90.378311157226562, 36.096855163574219 ], [ 90.360054016113281, 36.104679107666016 ], [ 90.33831787109375, 36.141189575195312 ], [ 90.315719604492188, 36.158576965332031 ], [ 90.283554077148438, 36.156837463378906 ], [ 90.270515441894531, 36.162052154541016 ], [ 90.25921630859375, 36.166400909423828 ], [ 90.236610412597656, 36.164661407470703 ], [ 90.221832275390625, 36.176830291748047 ], [ 90.188796997070312, 36.194217681884766 ], [ 90.168807983398438, 36.200302124023438 ], [ 90.140121459960938, 36.206386566162109 ], [ 90.12554931640625, 36.212554931640625 ], [ 90.127998352050781, 36.220237731933594 ], [ 90.1300048828125, 36.223400115966797 ], [ 90.131645202636719, 36.227241516113281 ], [ 90.134147644042969, 36.230411529541016 ], [ 90.136093139648438, 36.232826232910156 ], [ 90.138328552246094, 36.234725952148438 ], [ 90.140220642089844, 36.236400604248047 ], [ 90.142745971679688, 36.23773193359375 ], [ 90.142570495605469, 36.240077972412109 ], [ 90.140518188476562, 36.240806579589844 ], [ 90.137184143066406, 36.241580963134766 ], [ 90.131874084472656, 36.243255615234375 ], [ 90.129951477050781, 36.244155883789062 ], [ 90.128028869628906, 36.245918273925781 ], [ 90.124267578125, 36.247261047363281 ], [ 90.12158203125, 36.247585296630859 ], [ 90.1175537109375, 36.247837066650391 ], [ 90.112960815429688, 36.248023986816406 ], [ 90.110420227050781, 36.247611999511719 ], [ 90.1051025390625, 36.249736785888672 ], [ 90.095771789550781, 36.250175476074219 ], [ 90.088996887207031, 36.250064849853516 ], [ 90.084396362304688, 36.250888824462891 ], [ 90.081947326660156, 36.254756927490234 ], [ 90.077911376953125, 36.255588531494141 ], [ 90.073448181152344, 36.256290435791016 ], [ 90.070419311523438, 36.256320953369141 ], [ 90.067253112792969, 36.255325317382812 ], [ 90.0654296875, 36.254108428955078 ], [ 90.06219482421875, 36.253509521484375 ], [ 90.060134887695312, 36.254062652587891 ], [ 90.056373596191406, 36.255519866943359 ], [ 90.054237365722656, 36.257041931152344 ], [ 90.051666259765625, 36.259365081787109 ], [ 90.048736572265625, 36.261573791503906 ], [ 90.047294616699219, 36.263565063476562 ], [ 90.04571533203125, 36.265434265136719 ], [ 90.044906616210938, 36.267772674560547 ], [ 90.044242858886719, 36.269775390625 ], [ 90.043296813964844, 36.272220611572266 ], [ 90.042625427246094, 36.274673461914062 ], [ 90.041465759277344, 36.276607513427734 ], [ 90.032295227050781, 36.275848388671875 ], [ 90.027435302734375, 36.275348663330078 ], [ 90.023834228515625, 36.275142669677734 ], [ 90.015068054199219, 36.275753021240234 ], [ 90.011100769042969, 36.276348114013672 ], [ 90.00628662109375, 36.277278900146484 ], [ 90.003044128417969, 36.276741027832031 ], [ 90.003166198730469, 36.273021697998047 ], [ 90.003921508789062, 36.2696533203125 ], [ 90.005287170410156, 36.268177032470703 ], [ 90.008705139160156, 36.266323089599609 ], [ 90.012306213378906, 36.265892028808594 ], [ 90.01690673828125, 36.265537261962891 ], [ 90.019454956054688, 36.264755249023438 ], [ 90.021377563476562, 36.263801574707031 ], [ 90.024948120117188, 36.261028289794922 ], [ 90.026115417480469, 36.258407592773438 ], [ 90.025917053222656, 36.251998901367188 ], [ 90.025382995605469, 36.2498779296875 ], [ 90.024642944335938, 36.247524261474609 ], [ 90.022712707519531, 36.244083404541016 ], [ 90.020988464355469, 36.241317749023438 ], [ 90.020004272460938, 36.236106872558594 ], [ 90.020401000976562, 36.233024597167969 ], [ 90.020439147949219, 36.229934692382812 ], [ 90.019622802734375, 36.227817535400391 ], [ 90.018417358398438, 36.223400115966797 ], [ 90.018684387207031, 36.219280242919922 ], [ 90.017982482910156, 36.213787078857422 ], [ 90.017166137695312, 36.211551666259766 ], [ 90.015792846679688, 36.209136962890625 ], [ 90.014480590820312, 36.207004547119141 ], [ 90.012886047363281, 36.204704284667969 ], [ 90.010528564453125, 36.202060699462891 ], [ 90.008163452148438, 36.199802398681641 ], [ 90.006919860839844, 36.197566986083984 ], [ 90.006011962890625, 36.191947937011719 ], [ 90.007820129394531, 36.188652038574219 ], [ 90.007865905761719, 36.18585205078125 ], [ 90.0, 36.174182891845703 ], [ 89.9951171875, 36.167320251464844 ], [ 89.992485046386719, 36.164817810058594 ], [ 89.990272521972656, 36.162548065185547 ], [ 89.987998962402344, 36.160614013671875 ], [ 89.986358642578125, 36.159252166748047 ], [ 89.983451843261719, 36.157268524169922 ], [ 89.979118347167969, 36.154613494873047 ], [ 89.976997375488281, 36.153816223144531 ], [ 89.972251892089844, 36.152133941650391 ], [ 89.969345092773438, 36.151126861572266 ], [ 89.966018676757812, 36.150001525878906 ], [ 89.96368408203125, 36.149093627929688 ], [ 89.961555480957031, 36.147914886474609 ], [ 89.957656860351562, 36.146099090576172 ], [ 89.953834533691406, 36.1444091796875 ], [ 89.950439453125, 36.143341064453125 ], [ 89.947608947753906, 36.142620086669922 ], [ 89.943855285644531, 36.141204833984375 ], [ 89.93994140625, 36.136772155761719 ], [ 89.938850402832031, 36.133346557617188 ], [ 89.938682556152344, 36.129749298095703 ], [ 89.936614990234375, 36.126773834228516 ], [ 89.938835144042969, 36.119575500488281 ], [ 89.93914794921875, 36.116424560546875 ], [ 89.940826416015625, 36.115310668945312 ], [ 89.943634033203125, 36.11285400390625 ], [ 89.94476318359375, 36.110618591308594 ], [ 89.944252014160156, 36.107009887695312 ], [ 89.945571899414062, 36.101978302001953 ], [ 89.946037292480469, 36.099056243896484 ], [ 89.9444580078125, 36.095230102539062 ], [ 89.943092346191406, 36.091987609863281 ], [ 89.9425048828125, 36.089927673339844 ], [ 89.942543029785156, 36.085811614990234 ], [ 89.942939758300781, 36.082324981689453 ], [ 89.945030212402344, 36.079795837402344 ], [ 89.945785522460938, 36.077507019042969 ], [ 89.945915222167969, 36.075386047363281 ], [ 89.945960998535156, 36.072978973388672 ], [ 89.945030212402344, 36.070877075195312 ], [ 89.942962646484375, 36.068424224853516 ], [ 89.940132141113281, 36.067356109619141 ], [ 89.937606811523438, 36.068859100341797 ], [ 89.935646057128906, 36.070701599121094 ], [ 89.93115234375, 36.073127746582031 ], [ 89.928985595703125, 36.074790954589844 ], [ 89.926589965820312, 36.075435638427734 ], [ 89.924484252929688, 36.076309204101562 ], [ 89.920822143554688, 36.076953887939453 ], [ 89.918708801269531, 36.077312469482422 ], [ 89.916389465332031, 36.078693389892578 ], [ 89.9130859375, 36.07940673828125 ], [ 89.910614013671875, 36.079185485839844 ], [ 89.908836364746094, 36.076850891113281 ], [ 89.905448913574219, 36.076301574707031 ], [ 89.902992248535156, 36.078201293945312 ], [ 89.899681091308594, 36.078964233398438 ], [ 89.8963623046875, 36.078350067138672 ], [ 89.893402099609375, 36.077739715576172 ], [ 89.891136169433594, 36.077289581298828 ], [ 89.888175964355469, 36.077476501464844 ], [ 89.885711669921875, 36.078067779541016 ], [ 89.882682800292969, 36.078590393066406 ], [ 89.8790283203125, 36.079471588134766 ], [ 89.876983642578125, 36.080169677734375 ], [ 89.874374389648438, 36.080070495605469 ], [ 89.868461608886719, 36.081184387207031 ], [ 89.866340637207031, 36.080848693847656 ], [ 89.864089965820312, 36.080867767333984 ], [ 89.861831665039062, 36.081218719482422 ], [ 89.857742309570312, 36.081241607666016 ], [ 89.854568481445312, 36.081203460693359 ], [ 89.851455688476562, 36.079898834228516 ], [ 89.849746704101562, 36.078018188476562 ], [ 89.848045349121094, 36.076427459716797 ], [ 89.843818664550781, 36.076618194580078 ], [ 89.840583801269531, 36.077724456787109 ], [ 89.837196350097656, 36.078083038330078 ], [ 89.83282470703125, 36.078159332275391 ], [ 89.827743530273438, 36.077560424804688 ], [ 89.824150085449219, 36.077915191650391 ], [ 89.821548461914062, 36.079010009765625 ], [ 89.819442749023438, 36.080051422119141 ], [ 89.81591796875, 36.080360412597656 ], [ 89.813522338867188, 36.0802001953125 ], [ 89.81097412109375, 36.079006195068359 ], [ 89.809478759765625, 36.077186584472656 ], [ 89.805160522460938, 36.074802398681641 ], [ 89.802406311035156, 36.074245452880859 ], [ 89.798881530761719, 36.073516845703125 ], [ 89.795913696289062, 36.073070526123047 ], [ 89.792732238769531, 36.072002410888672 ], [ 89.78857421875, 36.071792602539062 ], [ 89.785118103027344, 36.072261810302734 ], [ 89.781173706054688, 36.072856903076172 ], [ 89.777236938476562, 36.074352264404297 ], [ 89.774147033691406, 36.076595306396484 ], [ 89.7733154296875, 36.078723907470703 ], [ 89.770713806152344, 36.079704284667969 ], [ 89.767890930175781, 36.079254150390625 ], [ 89.765975952148438, 36.077892303466797 ], [ 89.765464782714844, 36.075832366943359 ], [ 89.764610290527344, 36.073898315429688 ], [ 89.762283325195312, 36.073337554931641 ], [ 89.759819030761719, 36.074089050292969 ], [ 89.756439208984375, 36.07598876953125 ], [ 89.755043029785156, 36.077541351318359 ], [ 89.752235412597656, 36.079498291015625 ], [ 89.749557495117188, 36.080425262451172 ], [ 89.746109008789062, 36.081008911132812 ], [ 89.743927001953125, 36.081707000732422 ], [ 89.736099243164062, 36.08282470703125 ], [ 89.732650756835938, 36.083065032958984 ], [ 89.729339599609375, 36.083995819091797 ], [ 89.727378845214844, 36.0860595703125 ], [ 89.725265502929688, 36.087612152099609 ], [ 89.722808837890625, 36.089225769042969 ], [ 89.7120361328125, 36.092296600341797 ], [ 89.70880126953125, 36.093849182128906 ], [ 89.705772399902344, 36.094375610351562 ], [ 89.702804565429688, 36.09478759765625 ], [ 89.700767517089844, 36.095481872558594 ], [ 89.698585510253906, 36.096576690673828 ], [ 89.695907592773438, 36.097328186035156 ], [ 89.693374633789062, 36.097972869873047 ], [ 89.690269470214844, 36.098670959472656 ], [ 89.684844970703125, 36.099945068359375 ], [ 89.682594299316406, 36.100872039794922 ], [ 89.679847717285156, 36.101627349853516 ], [ 89.675971984863281, 36.102378845214844 ], [ 89.673294067382812, 36.102386474609375 ], [ 89.671318054199219, 36.102970123291016 ], [ 89.667938232421875, 36.103549957275391 ], [ 89.658912658691406, 36.105525970458984 ], [ 89.654335021972656, 36.107204437255859 ], [ 89.651451110839844, 36.107780456542969 ], [ 89.649337768554688, 36.108592987060547 ], [ 89.646163940429688, 36.109519958496094 ], [ 89.642921447753906, 36.110610961914062 ], [ 89.640876770019531, 36.110843658447266 ], [ 89.638336181640625, 36.111366271972656 ], [ 89.636161804199219, 36.112289428710938 ], [ 89.63397216796875, 36.113330841064453 ], [ 89.630523681640625, 36.114082336425781 ], [ 89.627983093261719, 36.114776611328125 ], [ 89.625030517578125, 36.115932464599609 ], [ 89.622489929199219, 36.117023468017578 ], [ 89.618263244628906, 36.118240356445312 ], [ 89.614036560058594, 36.119621276855469 ], [ 89.611564636230469, 36.120487213134766 ], [ 89.608818054199219, 36.12158203125 ], [ 89.604949951171875, 36.123252868652344 ], [ 89.601852416992188, 36.125267028808594 ], [ 89.598960876464844, 36.126247406005859 ], [ 89.595367431640625, 36.127975463867188 ], [ 89.590652465820312, 36.130050659179688 ], [ 89.587127685546875, 36.131431579589844 ], [ 89.584022521972656, 36.132293701171875 ], [ 89.578102111816406, 36.134769439697266 ], [ 89.575218200683594, 36.135868072509766 ], [ 89.573028564453125, 36.136268615722656 ], [ 89.569854736328125, 36.137310028076172 ], [ 89.567604064941406, 36.137771606445312 ], [ 89.563575744628906, 36.138298034667969 ], [ 89.559341430664062, 36.137966156005859 ], [ 89.556167602539062, 36.138034820556641 ], [ 89.553909301757812, 36.138038635253906 ], [ 89.5506591796875, 36.138107299804688 ], [ 89.547409057617188, 36.137363433837891 ], [ 89.543106079101562, 36.137203216552734 ], [ 89.535629272460938, 36.137336730957031 ], [ 89.530616760253906, 36.137809753417969 ], [ 89.528358459472656, 36.138328552246094 ], [ 89.525047302246094, 36.139308929443359 ], [ 89.521095275878906, 36.140228271484375 ], [ 89.517852783203125, 36.141494750976562 ], [ 89.514892578125, 36.1427001953125 ], [ 89.511505126953125, 36.144023895263672 ], [ 89.508476257324219, 36.145233154296875 ], [ 89.50445556640625, 36.146903991699219 ], [ 89.50128173828125, 36.148113250732422 ], [ 89.499313354492188, 36.149829864501953 ], [ 89.494377136230469, 36.15252685546875 ], [ 89.490570068359375, 36.154136657714844 ], [ 89.486976623535156, 36.155746459960938 ], [ 89.484085083007812, 36.157012939453125 ], [ 89.481544494628906, 36.157703399658203 ], [ 89.477806091308594, 36.15948486328125 ], [ 89.472869873046875, 36.161605834960938 ], [ 89.468635559082031, 36.163726806640625 ], [ 89.464408874511719, 36.165679931640625 ], [ 89.461517333984375, 36.168037414550781 ], [ 89.45721435546875, 36.170097351074219 ], [ 89.454391479492188, 36.172454833984375 ], [ 89.450164794921875, 36.175434112548828 ], [ 89.447418212890625, 36.17755126953125 ], [ 89.445228576660156, 36.179958343505859 ], [ 89.443466186523438, 36.181442260742188 ], [ 89.441001892089844, 36.182998657226562 ], [ 89.439376831054688, 36.1842041015625 ], [ 89.43719482421875, 36.185291290283203 ], [ 89.430068969726562, 36.189365386962891 ], [ 89.42816162109375, 36.190853118896484 ], [ 89.426048278808594, 36.192916870117188 ], [ 89.424636840820312, 36.195087432861328 ], [ 89.424079895019531, 36.197498321533203 ], [ 89.423728942871094, 36.199493408203125 ], [ 89.42266845703125, 36.201381683349609 ], [ 89.420272827148438, 36.203845977783203 ], [ 89.416816711425781, 36.206825256347656 ], [ 89.413009643554688, 36.208892822265625 ], [ 89.409690856933594, 36.209976196289062 ], [ 89.406723022460938, 36.210441589355469 ], [ 89.403755187988281, 36.2113037109375 ], [ 89.401069641113281, 36.21234130859375 ], [ 89.397537231445312, 36.212970733642578 ], [ 89.393798828125, 36.213718414306641 ], [ 89.389915466308594, 36.213779449462891 ], [ 89.386665344238281, 36.214134216308594 ], [ 89.383552551269531, 36.214817047119141 ], [ 89.381439208984375, 36.216075897216797 ], [ 89.379249572753906, 36.217685699462891 ], [ 89.376777648925781, 36.219284057617188 ], [ 89.375152587890625, 36.221290588378906 ], [ 89.372756958007812, 36.223186492919922 ], [ 89.370216369628906, 36.225299835205078 ], [ 89.367385864257812, 36.228389739990234 ], [ 89.364776611328125, 36.23016357421875 ], [ 89.3623046875, 36.231201171875 ], [ 89.359481811523438, 36.231548309326172 ], [ 89.355377197265625, 36.231952667236328 ], [ 89.353401184082031, 36.232521057128906 ], [ 89.35064697265625, 36.232692718505859 ], [ 89.348594665527344, 36.232753753662109 ], [ 89.345558166503906, 36.232929229736328 ], [ 89.340751647949219, 36.233734130859375 ], [ 89.337081909179688, 36.235111236572266 ], [ 89.334747314453125, 36.235626220703125 ], [ 89.331428527832031, 36.236549377441406 ], [ 89.326972961425781, 36.237751007080078 ], [ 89.32330322265625, 36.239643096923828 ], [ 89.321182250976562, 36.24078369140625 ], [ 89.3175048828125, 36.242450714111328 ], [ 89.314254760742188, 36.243476867675781 ], [ 89.310157775878906, 36.245590209960938 ], [ 89.306266784667969, 36.24725341796875 ], [ 89.301956176757812, 36.249263763427734 ], [ 89.296943664550781, 36.251838684082031 ], [ 89.293052673339844, 36.253894805908203 ], [ 89.290084838867188, 36.256015777587891 ], [ 89.286056518554688, 36.257732391357422 ], [ 89.283721923828125, 36.258876800537109 ], [ 89.279693603515625, 36.260536193847656 ], [ 89.277076721191406, 36.261623382568359 ], [ 89.272834777832031, 36.263912200927734 ], [ 89.268592834472656, 36.266029357910156 ], [ 89.264846801757812, 36.267749786376953 ], [ 89.262649536132812, 36.269123077392578 ], [ 89.2607421875, 36.270717620849609 ], [ 89.258338928222656, 36.272609710693359 ], [ 89.25494384765625, 36.274440765380859 ], [ 89.251052856445312, 36.276847839355469 ], [ 89.249076843261719, 36.278217315673828 ], [ 89.242210388183594, 36.283077239990234 ], [ 89.238319396972656, 36.286853790283203 ], [ 89.236198425292969, 36.289253234863281 ], [ 89.234077453613281, 36.291889190673828 ], [ 89.231033325195312, 36.292919158935547 ], [ 89.228981018066406, 36.291542053222656 ], [ 89.226791381835938, 36.290058135986328 ], [ 89.224601745605469, 36.288345336914062 ], [ 89.222763061523438, 36.286159515380859 ], [ 89.220359802246094, 36.282276153564453 ], [ 89.219085693359375, 36.2802734375 ], [ 89.216972351074219, 36.277702331542969 ], [ 89.214210510253906, 36.274265289306641 ], [ 89.211456298828125, 36.271404266357422 ], [ 89.210113525390625, 36.269630432128906 ], [ 89.207572937011719, 36.267578125 ], [ 89.20404052734375, 36.265110015869141 ], [ 89.200645446777344, 36.263450622558594 ], [ 89.196830749511719, 36.261161804199219 ], [ 89.192939758300781, 36.260189056396484 ], [ 89.189971923828125, 36.258647918701172 ], [ 89.186088562011719, 36.257610321044922 ], [ 89.18255615234375, 36.256233215332031 ], [ 89.179656982421875, 36.255149841308594 ], [ 89.175628662109375, 36.254287719726562 ], [ 89.170677185058594, 36.253261566162109 ], [ 89.165237426757812, 36.252620697021484 ], [ 89.161491394042969, 36.252334594726562 ], [ 89.157249450683594, 36.251476287841797 ], [ 89.152587890625, 36.251182556152344 ], [ 89.148277282714844, 36.250320434570312 ], [ 89.144737243652344, 36.250152587890625 ], [ 89.14141845703125, 36.250320434570312 ], [ 89.138023376464844, 36.250316619873047 ], [ 89.134559631347656, 36.250827789306641 ], [ 89.131942749023438, 36.251453399658203 ], [ 89.129043579101562, 36.252079010009766 ], [ 89.125221252441406, 36.253047943115234 ], [ 89.120338439941406, 36.255218505859375 ], [ 89.117790222167969, 36.256298065185547 ], [ 89.115104675292969, 36.257381439208984 ], [ 89.111564636230469, 36.259616851806641 ], [ 89.108802795410156, 36.261726379394531 ], [ 89.106605529785156, 36.263099670410156 ], [ 89.105117797851562, 36.264522552490234 ], [ 89.103347778320312, 36.266410827636719 ], [ 89.100868225097656, 36.268695831298828 ], [ 89.098388671875, 36.270866394042969 ], [ 89.096260070800781, 36.272579193115234 ], [ 89.093994140625, 36.274574279785156 ], [ 89.091941833496094, 36.276519775390625 ], [ 89.088043212890625, 36.280292510986328 ], [ 89.0860595703125, 36.281608581542969 ], [ 89.083717346191406, 36.283550262451172 ], [ 89.081520080566406, 36.285884857177734 ], [ 89.078330993652344, 36.288516998291016 ], [ 89.076210021972656, 36.289543151855469 ], [ 89.073158264160156, 36.291542053222656 ], [ 89.070465087890625, 36.293418884277344 ], [ 89.067489624023438, 36.295417785644531 ], [ 89.064300537109375, 36.297645568847656 ], [ 89.061820983886719, 36.298904418945312 ], [ 89.058921813964844, 36.300502777099609 ], [ 89.055160522460938, 36.303756713867188 ], [ 89.053031921386719, 36.305522918701172 ], [ 89.049491882324219, 36.308322906494141 ], [ 89.047218322753906, 36.309974670410156 ], [ 89.044380187988281, 36.311916351318359 ], [ 89.037796020507812, 36.315162658691406 ], [ 89.035598754882812, 36.315677642822266 ], [ 89.033195495605469, 36.315727233886719 ], [ 89.030998229980469, 36.315494537353516 ], [ 89.02838134765625, 36.315441131591797 ], [ 89.025833129882812, 36.315376281738281 ], [ 89.0203857421875, 36.316108703613281 ], [ 89.017059326171875, 36.316219329833984 ], [ 89.012809753417969, 36.316379547119141 ], [ 89.008712768554688, 36.316375732421875 ], [ 89.004890441894531, 36.316478729248047 ], [ 89.001495361328125, 36.316181182861328 ], [ 88.994842529296875, 36.315258026123047 ], [ 88.991096496582031, 36.313995361328125 ], [ 88.988128662109375, 36.313243865966797 ], [ 88.984519958496094, 36.312782287597656 ], [ 88.980278015136719, 36.312255859375 ], [ 88.976387023925781, 36.312301635742188 ], [ 88.974334716796875, 36.312065124511719 ], [ 88.971855163574219, 36.312351226806641 ], [ 88.969169616699219, 36.312854766845703 ], [ 88.965126037597656, 36.314109802246094 ], [ 88.963218688964844, 36.315250396728516 ], [ 88.96044921875, 36.317413330078125 ], [ 88.957893371582031, 36.319751739501953 ], [ 88.955757141113281, 36.321922302246094 ], [ 88.953765869140625, 36.324146270751953 ], [ 88.950714111328125, 36.326889038085938 ], [ 88.947944641113281, 36.329338073730469 ], [ 88.9444580078125, 36.333396911621094 ], [ 88.943107604980469, 36.335048675537109 ], [ 88.941329956054688, 36.337791442871094 ], [ 88.939407348632812, 36.340072631835938 ], [ 88.936561584472656, 36.344131469726562 ], [ 88.934288024902344, 36.346183776855469 ], [ 88.930938720703125, 36.350517272949219 ], [ 88.928092956542969, 36.353889465332031 ], [ 88.926383972167969, 36.356575012207031 ], [ 88.923538208007812, 36.359935760498047 ], [ 88.921188354492188, 36.36273193359375 ], [ 88.918563842773438, 36.363475799560547 ], [ 88.916297912597656, 36.362781524658203 ], [ 88.913047790527344, 36.361457824707031 ], [ 88.910858154296875, 36.36151123046875 ], [ 88.905471801757812, 36.361839294433594 ], [ 88.902572631835938, 36.361598968505859 ], [ 88.899955749511719, 36.361080169677734 ], [ 88.896766662597656, 36.360382080078125 ], [ 88.893447875976562, 36.359687805175781 ], [ 88.890266418457031, 36.358757019042969 ], [ 88.887649536132812, 36.357318878173828 ], [ 88.884971618652344, 36.355369567871094 ], [ 88.881576538085938, 36.354217529296875 ], [ 88.8785400390625, 36.353004455566406 ], [ 88.876205444335938, 36.352020263671875 ], [ 88.871971130371094, 36.350349426269531 ], [ 88.868927001953125, 36.349830627441406 ], [ 88.865318298339844, 36.348957061767578 ], [ 88.862350463867188, 36.349002838134766 ], [ 88.85894775390625, 36.349796295166016 ], [ 88.856742858886719, 36.351108551025391 ], [ 88.852836608886719, 36.353900909423828 ], [ 88.850204467773438, 36.356174468994141 ], [ 88.847862243652344, 36.357826232910156 ], [ 88.846153259277344, 36.359428405761719 ], [ 88.843307495117188, 36.361076354980469 ], [ 88.840545654296875, 36.361984252929688 ], [ 88.837928771972656, 36.361625671386719 ], [ 88.835174560546875, 36.359561920166016 ], [ 88.83355712890625, 36.357784271240234 ], [ 88.829681396484375, 36.353996276855469 ], [ 88.827781677246094, 36.352439880371094 ], [ 88.824966430664062, 36.348941802978516 ], [ 88.822647094726562, 36.346878051757812 ], [ 88.820182800292969, 36.34417724609375 ], [ 88.817153930664062, 36.342105865478516 ], [ 88.815742492675781, 36.340152740478516 ], [ 88.812286376953125, 36.338088989257812 ], [ 88.809196472167969, 36.334980010986328 ], [ 88.805747985839844, 36.331535339355469 ], [ 88.802581787109375, 36.328269958496094 ], [ 88.800544738769531, 36.325450897216797 ], [ 88.797515869140625, 36.322643280029297 ], [ 88.794631958007812, 36.3199462890625 ], [ 88.792243957519531, 36.317478179931641 ], [ 88.789077758789062, 36.314029693603516 ], [ 88.785133361816406, 36.310466766357422 ], [ 88.782318115234375, 36.308162689208984 ], [ 88.779571533203125, 36.30621337890625 ], [ 88.777099609375, 36.305629730224609 ], [ 88.773277282714844, 36.306308746337891 ], [ 88.771072387695312, 36.307384490966797 ], [ 88.768951416015625, 36.308174133300781 ], [ 88.765678405761719, 36.310157775878906 ], [ 88.763191223144531, 36.312267303466797 ], [ 88.757438659667969, 36.3157958984375 ], [ 88.752677917480469, 36.318695068359375 ], [ 88.750473022460938, 36.31982421875 ], [ 88.7445068359375, 36.323410034179688 ], [ 88.741798400878906, 36.325511932373047 ], [ 88.7393798828125, 36.327735900878906 ], [ 88.737030029296875, 36.330184936523438 ], [ 88.735313415527344, 36.332290649414062 ], [ 88.732963562011719, 36.334342956542969 ], [ 88.730972290039062, 36.336219787597656 ], [ 88.728828430175781, 36.338783264160156 ], [ 88.726264953613281, 36.341182708740234 ], [ 88.723625183105469, 36.343570709228516 ], [ 88.721488952636719, 36.345222473144531 ], [ 88.719070434570312, 36.347332000732422 ], [ 88.716720581054688, 36.349544525146484 ], [ 88.713737487792969, 36.35107421875 ], [ 88.711036682128906, 36.352043151855469 ], [ 88.708473205566406, 36.353630065917969 ], [ 88.705558776855469, 36.355564117431641 ], [ 88.70257568359375, 36.357326507568359 ], [ 88.700302124023438, 36.358745574951172 ], [ 88.696609497070312, 36.359580993652344 ], [ 88.694854736328125, 36.357860565185547 ], [ 88.692031860351562, 36.356475830078125 ], [ 88.689262390136719, 36.357036590576172 ], [ 88.687118530273438, 36.359825134277344 ], [ 88.685554504394531, 36.361251831054688 ], [ 88.683059692382812, 36.362667083740234 ], [ 88.678443908691406, 36.364479064941406 ], [ 88.6763916015625, 36.364814758300781 ], [ 88.672203063964844, 36.365646362304688 ], [ 88.66986083984375, 36.366844177246094 ], [ 88.667518615722656, 36.367633819580078 ], [ 88.6641845703125, 36.368419647216797 ], [ 88.662124633789062, 36.369438171386719 ], [ 88.661109924316406, 36.372516632080078 ], [ 88.660308837890625, 36.374916076660156 ], [ 88.659294128417969, 36.377658843994141 ], [ 88.658218383789062, 36.379486083984375 ], [ 88.656715393066406, 36.381542205810547 ], [ 88.654304504394531, 36.382045745849609 ], [ 88.652175903320312, 36.382541656494141 ], [ 88.6485595703125, 36.382816314697266 ], [ 88.645660400390625, 36.382568359375 ], [ 88.64154052734375, 36.383579254150391 ], [ 88.638626098632812, 36.385223388671875 ], [ 88.635780334472656, 36.386470794677734 ], [ 88.633659362792969, 36.386348724365234 ], [ 88.630180358886719, 36.387187957763672 ], [ 88.62762451171875, 36.387680053710938 ], [ 88.624931335449219, 36.388069152832031 ], [ 88.621383666992188, 36.388343811035156 ], [ 88.616912841796875, 36.389919281005859 ], [ 88.615188598632812, 36.392482757568359 ], [ 88.614669799804688, 36.395454406738281 ], [ 88.614646911621094, 36.398662567138672 ], [ 88.614891052246094, 36.403182983398438 ], [ 88.614082336425781, 36.406383514404297 ], [ 88.61370849609375, 36.409008026123047 ], [ 88.613975524902344, 36.4111328125 ], [ 88.613243103027344, 36.414043426513672 ], [ 88.613357543945312, 36.416736602783203 ], [ 88.614044189453125, 36.419536590576172 ], [ 88.612960815429688, 36.422283172607422 ], [ 88.611518859863281, 36.424564361572266 ], [ 88.611358642578125, 36.427135467529297 ], [ 88.611053466796875, 36.429363250732422 ], [ 88.609626770019531, 36.430961608886719 ], [ 88.608047485351562, 36.433124542236328 ], [ 88.606056213378906, 36.434261322021484 ], [ 88.603630065917969, 36.435501098632812 ], [ 88.60198974609375, 36.436756134033203 ], [ 88.600341796875, 36.439094543457031 ], [ 88.59820556640625, 36.440170288085938 ], [ 88.595497131347656, 36.442043304443359 ], [ 88.594062805175781, 36.443981170654297 ], [ 88.591644287109375, 36.445457458496094 ], [ 88.590202331542969, 36.448131561279297 ], [ 88.589614868164062, 36.450592041015625 ], [ 88.587600708007812, 36.453151702880859 ], [ 88.585952758789062, 36.455379486083984 ], [ 88.585075378417969, 36.458465576171875 ], [ 88.583503723144531, 36.459999084472656 ], [ 88.580947875976562, 36.460674285888672 ], [ 88.578529357910156, 36.461227416992188 ], [ 88.575477600097656, 36.461845397949219 ], [ 88.571998596191406, 36.461818695068359 ], [ 88.569168090820312, 36.461811065673828 ], [ 88.566543579101562, 36.461395263671875 ], [ 88.563209533691406, 36.461311340332031 ], [ 88.560455322265625, 36.460895538330078 ], [ 88.555572509765625, 36.459728240966797 ], [ 88.553604125976562, 36.4578857421875 ], [ 88.552352905273438, 36.455192565917969 ], [ 88.551094055175781, 36.453010559082031 ], [ 88.549629211425781, 36.450424194335938 ], [ 88.547531127929688, 36.447441101074219 ], [ 88.545387268066406, 36.448856353759766 ], [ 88.543243408203125, 36.450786590576172 ], [ 88.540679931640625, 36.452377319335938 ], [ 88.537986755371094, 36.452304840087891 ], [ 88.535087585449219, 36.4515380859375 ], [ 88.531410217285156, 36.450603485107422 ], [ 88.528434753417969, 36.450416564941406 ], [ 88.525375366210938, 36.451484680175781 ], [ 88.523086547851562, 36.453243255615234 ], [ 88.520599365234375, 36.454147338867188 ], [ 88.517539978027344, 36.454818725585938 ], [ 88.515548706054688, 36.455547332763672 ], [ 88.512786865234375, 36.455474853515625 ], [ 88.511093139648438, 36.454315185546875 ], [ 88.508987426757812, 36.452701568603516 ], [ 88.506446838378906, 36.451320648193359 ], [ 88.504386901855469, 36.451362609863281 ], [ 88.502540588378906, 36.452152252197266 ], [ 88.5, 36.452938079833984 ], [ 88.495231628417969, 36.452793121337891 ], [ 88.488037109375, 36.453975677490234 ], [ 88.482948303222656, 36.454597473144531 ], [ 88.481155395507812, 36.456058502197266 ], [ 88.478530883789062, 36.458408355712891 ], [ 88.476310729980469, 36.459941864013672 ], [ 88.4766845703125, 36.462791442871094 ], [ 88.4771728515625, 36.464958190917969 ], [ 88.477264404296875, 36.467876434326172 ], [ 88.477699279785156, 36.472682952880859 ], [ 88.478561401367188, 36.475410461425781 ], [ 88.476348876953125, 36.477058410644531 ], [ 88.473526000976562, 36.477634429931641 ], [ 88.471389770507812, 36.482021331787109 ], [ 88.469779968261719, 36.485034942626953 ], [ 88.466079711914062, 36.484539031982422 ], [ 88.462577819824219, 36.483688354492188 ], [ 88.460075378417969, 36.483055114746094 ], [ 88.457084655761719, 36.48260498046875 ], [ 88.451515197753906, 36.481571197509766 ], [ 88.4478759765625, 36.480842590332031 ], [ 88.445716857910156, 36.479911804199219 ], [ 88.443435668945312, 36.479446411132812 ], [ 88.44036865234375, 36.478931427001953 ], [ 88.436317443847656, 36.478664398193359 ], [ 88.433380126953125, 36.477756500244141 ], [ 88.43023681640625, 36.476955413818359 ], [ 88.427108764648438, 36.476795196533203 ], [ 88.42364501953125, 36.477088928222656 ], [ 88.419593811035156, 36.477001190185547 ], [ 88.41729736328125, 36.476127624511719 ], [ 88.415328979492188, 36.474330902099609 ], [ 88.4139404296875, 36.472869873046875 ], [ 88.411849975585938, 36.471767425537109 ], [ 88.409286499023438, 36.471420288085938 ], [ 88.404838562011719, 36.472190856933594 ], [ 88.401649475097656, 36.472255706787109 ], [ 88.398765563964844, 36.475238800048828 ], [ 88.395683288574219, 36.476787567138672 ], [ 88.393440246582031, 36.477516174316406 ], [ 88.391326904296875, 36.477954864501953 ], [ 88.386810302734375, 36.478847503662109 ], [ 88.385101318359375, 36.481056213378906 ], [ 88.383171081542969, 36.482872009277344 ], [ 88.380622863769531, 36.483036041259766 ], [ 88.377304077148438, 36.483615875244141 ], [ 88.374626159667969, 36.484123229980469 ], [ 88.370826721191406, 36.480419158935547 ], [ 88.36968994140625, 36.478096008300781 ], [ 88.366279602050781, 36.477874755859375 ], [ 88.363182067871094, 36.478561401367188 ], [ 88.359825134277344, 36.480228424072266 ], [ 88.357742309570312, 36.479297637939453 ], [ 88.35565185546875, 36.478076934814453 ], [ 88.354248046875, 36.476390838623047 ], [ 88.3533935546875, 36.473770141601562 ], [ 88.352378845214844, 36.470752716064453 ], [ 88.349578857421875, 36.469379425048828 ], [ 88.347633361816406, 36.468502044677734 ], [ 88.345085144042969, 36.466312408447266 ], [ 88.342018127441406, 36.465633392333984 ], [ 88.338241577148438, 36.464900970458984 ], [ 88.335052490234375, 36.462730407714844 ], [ 88.332664489746094, 36.461170196533203 ], [ 88.327499389648438, 36.461444854736328 ], [ 88.324737548828125, 36.461727142333984 ], [ 88.322265625, 36.462062835693359 ], [ 88.318771362304688, 36.463729858398438 ], [ 88.316619873046875, 36.465312957763672 ], [ 88.314643859863281, 36.465812683105469 ], [ 88.310226440429688, 36.464981079101562 ], [ 88.307807922363281, 36.464797973632812 ], [ 88.303253173828125, 36.464305877685547 ], [ 88.300483703613281, 36.464195251464844 ], [ 88.29779052734375, 36.464069366455078 ], [ 88.295661926269531, 36.464046478271484 ], [ 88.291496276855469, 36.464706420898438 ], [ 88.288337707519531, 36.466018676757812 ], [ 88.283988952636719, 36.465011596679688 ], [ 88.281562805175781, 36.464542388916016 ], [ 88.279441833496094, 36.464870452880859 ], [ 88.276412963867188, 36.465499877929688 ], [ 88.273948669433594, 36.466236114501953 ], [ 88.270233154296875, 36.467674255371094 ], [ 88.267219543457031, 36.468929290771484 ], [ 88.265121459960938, 36.469944000244141 ], [ 88.26153564453125, 36.471218109130859 ], [ 88.257705688476562, 36.471057891845703 ], [ 88.253776550292969, 36.470218658447266 ], [ 88.25164794921875, 36.470085144042969 ], [ 88.249229431152344, 36.469841003417969 ], [ 88.245758056640625, 36.469905853271484 ], [ 88.243003845214844, 36.470355987548828 ], [ 88.239212036132812, 36.469226837158203 ], [ 88.234153747558594, 36.465995788574219 ], [ 88.233078002929688, 36.462928771972656 ], [ 88.229377746582031, 36.45989990234375 ], [ 88.2279052734375, 36.458034515380859 ], [ 88.22607421875, 36.456005096435547 ], [ 88.224510192871094, 36.453292846679688 ], [ 88.222633361816406, 36.449489593505859 ], [ 88.220832824707031, 36.448490142822266 ], [ 88.217399597167969, 36.447517395019531 ], [ 88.214469909667969, 36.446548461914062 ], [ 88.211685180664062, 36.445907592773438 ], [ 88.208290100097656, 36.446258544921875 ], [ 88.204795837402344, 36.447978973388672 ], [ 88.202728271484375, 36.450252532958984 ], [ 88.201499938964844, 36.451930999755859 ], [ 88.199180603027344, 36.452827453613281 ], [ 88.196311950683594, 36.451568603515625 ], [ 88.193672180175781, 36.450927734375 ], [ 88.1904296875, 36.45184326171875 ], [ 88.186248779296875, 36.454380035400391 ], [ 88.184074401855469, 36.455223083496094 ], [ 88.180801391601562, 36.454940795898438 ], [ 88.177383422851562, 36.451728820800781 ], [ 88.174652099609375, 36.450298309326172 ], [ 88.172714233398438, 36.449417114257812 ], [ 88.170455932617188, 36.447273254394531 ], [ 88.170639038085938, 36.443668365478516 ], [ 88.1693115234375, 36.441745758056641 ], [ 88.165771484375, 36.439346313476562 ], [ 88.1614990234375, 36.438674926757812 ], [ 88.158309936523438, 36.438732147216797 ], [ 88.157325744628906, 36.436229705810547 ], [ 88.156257629394531, 36.433555603027344 ], [ 88.153617858886719, 36.433029174804688 ], [ 88.149726867675781, 36.433330535888672 ], [ 88.146896362304688, 36.433437347412109 ], [ 88.144142150878906, 36.433887481689453 ], [ 88.141914367675781, 36.432666778564453 ], [ 88.14093017578125, 36.430278778076172 ], [ 88.138397216796875, 36.428428649902344 ], [ 88.135627746582031, 36.428138732910156 ], [ 88.133140563964844, 36.427955627441406 ], [ 88.129402160644531, 36.428531646728516 ], [ 88.126014709472656, 36.429164886474609 ], [ 88.123512268066406, 36.428577423095703 ], [ 88.120315551757812, 36.428291320800781 ], [ 88.116851806640625, 36.428695678710938 ], [ 88.112388610839844, 36.42877197265625 ], [ 88.109916687011719, 36.429100036621094 ], [ 88.1065673828125, 36.428295135498047 ], [ 88.103660583496094, 36.428466796875 ], [ 88.100120544433594, 36.428642272949219 ], [ 88.096733093261719, 36.429042816162109 ], [ 88.09405517578125, 36.429718017578125 ], [ 88.090599060058594, 36.430522918701172 ], [ 88.087348937988281, 36.430686950683594 ], [ 88.084373474121094, 36.430797576904297 ], [ 88.078575134277344, 36.431587219238281 ], [ 88.074142456054688, 36.432743072509766 ], [ 88.072166442871094, 36.433120727539062 ], [ 88.069259643554688, 36.433113098144531 ], [ 88.066207885742188, 36.432880401611328 ], [ 88.062850952148438, 36.432079315185547 ], [ 88.060081481933594, 36.431724548339844 ], [ 88.057586669921875, 36.431198120117188 ], [ 88.055305480957031, 36.430606842041016 ], [ 88.052452087402344, 36.430080413818359 ], [ 88.049407958984375, 36.4302978515625 ], [ 88.046310424804688, 36.430980682373047 ], [ 88.044158935546875, 36.430046081542969 ], [ 88.042228698730469, 36.42950439453125 ], [ 88.038619995117188, 36.429851531982422 ], [ 88.035453796386719, 36.430706024169922 ], [ 88.032752990722656, 36.430461883544922 ], [ 88.027236938476562, 36.430839538574219 ], [ 88.022842407226562, 36.430862426757812 ], [ 88.019371032714844, 36.430919647216797 ], [ 88.016738891601562, 36.430561065673828 ], [ 88.012969970703125, 36.430213928222656 ], [ 88.010032653808594, 36.428951263427734 ], [ 88.00787353515625, 36.427608489990234 ], [ 88.004386901855469, 36.427150726318359 ], [ 88.001274108886719, 36.427600860595703 ], [ 87.996696472167969, 36.428539276123047 ], [ 87.994087219238281, 36.429264068603516 ], [ 87.989906311035156, 36.429283142089844 ], [ 87.986358642578125, 36.429222106933594 ], [ 87.984016418457031, 36.429035186767578 ], [ 87.980117797851562, 36.429092407226562 ], [ 87.977218627929688, 36.42926025390625 ], [ 87.9742431640625, 36.429367065429688 ], [ 87.972251892089844, 36.429111480712891 ], [ 87.97021484375, 36.427021026611328 ], [ 87.968231201171875, 36.424079895019531 ], [ 87.968353271484375, 36.420581817626953 ], [ 87.968971252441406, 36.416912078857422 ], [ 87.96954345703125, 36.414150238037109 ], [ 87.968429565429688, 36.412101745605469 ], [ 87.967109680175781, 36.410121917724609 ], [ 87.967262268066406, 36.407833099365234 ], [ 87.966293334960938, 36.405956268310547 ], [ 87.964195251464844, 36.403984069824219 ], [ 87.961128234863281, 36.403125762939453 ], [ 87.958564758300781, 36.402873992919922 ], [ 87.95452880859375, 36.402824401855469 ], [ 87.952590942382812, 36.401939392089844 ], [ 87.950294494628906, 36.400833129882812 ], [ 87.947158813476562, 36.400016784667969 ], [ 87.944534301757812, 36.400001525878906 ], [ 87.941848754882812, 36.400276184082031 ], [ 87.938957214355469, 36.400840759277344 ], [ 87.936355590820312, 36.401626586914062 ], [ 87.934104919433594, 36.402400970458984 ], [ 87.93109130859375, 36.403766632080078 ], [ 87.929161071777344, 36.402881622314453 ], [ 87.927207946777344, 36.401256561279297 ], [ 87.92596435546875, 36.399616241455078 ], [ 87.924507141113281, 36.398033142089844 ], [ 87.921127319335938, 36.396076202392578 ], [ 87.917182922363281, 36.393970489501953 ], [ 87.914909362792969, 36.393825531005859 ], [ 87.910865783691406, 36.393669128417969 ], [ 87.907814025878906, 36.393428802490234 ], [ 87.903907775878906, 36.393028259277344 ], [ 87.900787353515625, 36.392852783203125 ], [ 87.897796630859375, 36.392036437988281 ], [ 87.895294189453125, 36.391445159912109 ], [ 87.893157958984375, 36.390792846679688 ], [ 87.890884399414062, 36.390483856201172 ], [ 87.885200500488281, 36.389888763427734 ], [ 87.882080078125, 36.389820098876953 ], [ 87.879592895507812, 36.38934326171875 ], [ 87.87646484375, 36.388988494873047 ], [ 87.873085021972656, 36.389724731445312 ], [ 87.870712280273438, 36.391597747802734 ], [ 87.867546081542969, 36.392440795898438 ], [ 87.86456298828125, 36.392265319824219 ], [ 87.862014770507812, 36.392238616943359 ], [ 87.858543395996094, 36.392063140869141 ], [ 87.856185913085938, 36.391586303710938 ], [ 87.852409362792969, 36.390495300292969 ], [ 87.850189208984375, 36.389503479003906 ], [ 87.847679138183594, 36.388275146484375 ], [ 87.843803405761719, 36.385932922363281 ], [ 87.841804504394531, 36.385334014892578 ], [ 87.839668273925781, 36.384845733642578 ], [ 87.835968017578125, 36.38427734375 ], [ 87.833511352539062, 36.384998321533203 ], [ 87.829551696777344, 36.385627746582031 ], [ 87.827537536621094, 36.387435913085938 ], [ 87.827308654785156, 36.389789581298828 ], [ 87.82586669921875, 36.391635894775391 ], [ 87.823745727539062, 36.391960144042969 ], [ 87.822219848632812, 36.390266418457031 ], [ 87.821174621582031, 36.387813568115234 ], [ 87.818428039550781, 36.385623931884766 ], [ 87.815788269042969, 36.384750366210938 ], [ 87.813179016113281, 36.385246276855469 ], [ 87.811294555664062, 36.386302947998047 ], [ 87.807586669921875, 36.388534545898438 ], [ 87.805633544921875, 36.390052795410156 ], [ 87.803672790527344, 36.390941619873047 ], [ 87.801811218261719, 36.389991760253906 ], [ 87.802383422851562, 36.387119293212891 ], [ 87.801826477050781, 36.384384155273438 ], [ 87.799110412597656, 36.380184173583984 ], [ 87.79681396484375, 36.379013061523438 ], [ 87.794532775878906, 36.378360748291016 ], [ 87.790191650390625, 36.377506256103516 ], [ 87.788139343261719, 36.377536773681641 ], [ 87.78472900390625, 36.376956939697266 ], [ 87.782234191894531, 36.376422882080078 ], [ 87.779388427734375, 36.375720977783203 ], [ 87.775772094726562, 36.375717163085938 ], [ 87.7720947265625, 36.375991821289062 ], [ 87.769691467285156, 36.375972747802734 ], [ 87.766975402832031, 36.375099182128906 ], [ 87.764503479003906, 36.375419616699219 ], [ 87.763053894042969, 36.377159118652344 ], [ 87.760749816894531, 36.378623962402344 ], [ 87.758537292480469, 36.378025054931641 ], [ 87.755989074707031, 36.37811279296875 ], [ 87.753044128417969, 36.379592895507812 ], [ 87.751152038574219, 36.380416870117188 ], [ 87.748115539550781, 36.380748748779297 ], [ 87.745353698730469, 36.380901336669922 ], [ 87.741958618164062, 36.381004333496094 ], [ 87.739486694335938, 36.381324768066406 ], [ 87.734779357910156, 36.383399963378906 ], [ 87.729644775390625, 36.384845733642578 ], [ 87.726028442382812, 36.384841918945312 ], [ 87.723968505859375, 36.384639739990234 ], [ 87.719207763671875, 36.384082794189453 ], [ 87.714309692382812, 36.383399963378906 ], [ 87.712081909179688, 36.381996154785156 ], [ 87.709587097167969, 36.381343841552734 ], [ 87.707389831542969, 36.381378173828125 ], [ 87.704620361328125, 36.381076812744141 ], [ 87.702606201171875, 36.379440307617188 ], [ 87.702056884765625, 36.377101898193359 ], [ 87.699905395507812, 36.375934600830078 ], [ 87.697273254394531, 36.375164031982422 ], [ 87.695533752441406, 36.373355865478516 ], [ 87.693740844726562, 36.372291564941406 ], [ 87.690879821777344, 36.370903015136719 ], [ 87.685958862304688, 36.369480133056641 ], [ 87.684028625488281, 36.368705749511719 ], [ 87.681617736816406, 36.368278503417969 ], [ 87.677375793457031, 36.368801116943359 ], [ 87.673835754394531, 36.3690185546875 ], [ 87.671432495117188, 36.369274139404297 ], [ 87.66900634765625, 36.368396759033203 ], [ 87.666374206542969, 36.367572784423828 ], [ 87.663963317871094, 36.367603302001953 ], [ 87.661842346191406, 36.367752075195312 ], [ 87.659317016601562, 36.369152069091797 ], [ 87.6580810546875, 36.370773315429688 ], [ 87.655914306640625, 36.372406005859375 ], [ 87.654396057128906, 36.370883941650391 ], [ 87.651893615722656, 36.369823455810547 ], [ 87.649337768554688, 36.369575500488281 ], [ 87.645072937011719, 36.368770599365234 ], [ 87.643890380859375, 36.366497039794922 ], [ 87.64306640625, 36.364105224609375 ], [ 87.641685485839844, 36.362346649169922 ], [ 87.639457702636719, 36.3607177734375 ], [ 87.636955261230469, 36.359722137451172 ], [ 87.634246826171875, 36.358779907226562 ], [ 87.628776550292969, 36.358051300048828 ], [ 87.626083374023438, 36.357807159423828 ], [ 87.623497009277344, 36.359439849853516 ], [ 87.620773315429688, 36.361484527587891 ], [ 87.618019104003906, 36.361919403076172 ], [ 87.615669250488281, 36.361030578613281 ], [ 87.61407470703125, 36.359336853027344 ], [ 87.611976623535156, 36.357357025146484 ], [ 87.609855651855469, 36.357215881347656 ], [ 87.607864379882812, 36.356845855712891 ], [ 87.605026245117188, 36.356590270996094 ], [ 87.601760864257812, 36.356235504150391 ], [ 87.599349975585938, 36.356266021728516 ], [ 87.597282409667969, 36.355663299560547 ], [ 87.594627380371094, 36.353694915771484 ], [ 87.592247009277344, 36.351436614990234 ], [ 87.590713500976562, 36.349334716796875 ], [ 87.585853576660156, 36.346881866455078 ], [ 87.583343505859375, 36.345478057861328 ], [ 87.580940246582031, 36.345455169677734 ], [ 87.5782470703125, 36.345485687255859 ], [ 87.575210571289062, 36.345813751220703 ], [ 87.5721435546875, 36.344764709472656 ], [ 87.569915771484375, 36.342903137207031 ], [ 87.568450927734375, 36.340629577636719 ], [ 87.566802978515625, 36.339447021484375 ], [ 87.564804077148438, 36.338558197021484 ], [ 87.562179565429688, 36.338424682617188 ], [ 87.559501647949219, 36.338970184326172 ], [ 87.557395935058594, 36.340194702148438 ], [ 87.554794311523438, 36.341144561767578 ], [ 87.552337646484375, 36.342266082763672 ], [ 87.547782897949219, 36.344612121582031 ], [ 87.545181274414062, 36.345558166503906 ], [ 87.543060302734375, 36.345588684082031 ], [ 87.538467407226562, 36.346164703369141 ], [ 87.536949157714844, 36.348300933837891 ], [ 87.538070678710938, 36.351493835449219 ], [ 87.538002014160156, 36.355216979980469 ], [ 87.537040710449219, 36.357059478759766 ], [ 87.533615112304688, 36.359390258789062 ], [ 87.530975341796875, 36.362007141113281 ], [ 87.529296875, 36.363113403320312 ], [ 87.526138305664062, 36.364578247070312 ], [ 87.524169921875, 36.365524291992188 ], [ 87.522811889648438, 36.368404388427734 ], [ 87.5230712890625, 36.371036529541016 ], [ 87.5235595703125, 36.374347686767578 ], [ 87.523406982421875, 36.377666473388672 ], [ 87.522804260253906, 36.379623413085938 ], [ 87.522438049316406, 36.382545471191406 ], [ 87.521484375, 36.384567260742188 ], [ 87.520393371582031, 36.387042999267578 ], [ 87.519676208496094, 36.390144348144531 ], [ 87.519371032714844, 36.392894744873047 ], [ 87.518722534179688, 36.396106719970703 ], [ 87.51806640625, 36.398975372314453 ], [ 87.516838073730469, 36.401340484619141 ], [ 87.516036987304688, 36.403865814208984 ], [ 87.515388488769531, 36.407142639160156 ], [ 87.516441345214844, 36.410335540771484 ], [ 87.516136169433594, 36.413032531738281 ], [ 87.515174865722656, 36.414875030517578 ], [ 87.512802124023438, 36.416793823242188 ], [ 87.509773254394531, 36.417572021484375 ], [ 87.505989074707031, 36.420192718505859 ], [ 87.503837585449219, 36.422454833984375 ], [ 87.501663208007812, 36.423572540283203 ], [ 87.498985290527344, 36.424457550048828 ], [ 87.495933532714844, 36.424560546875 ], [ 87.491302490234375, 36.423122406005859 ], [ 87.489089965820312, 36.422119140625 ], [ 87.486297607421875, 36.4208984375 ], [ 87.481674194335938, 36.419746398925781 ], [ 87.477813720703125, 36.418128967285156 ], [ 87.476425170898438, 36.415744781494141 ], [ 87.475120544433594, 36.414157867431641 ], [ 87.472679138183594, 36.412471771240234 ], [ 87.470260620117188, 36.411869049072266 ], [ 87.467185974121094, 36.410648345947266 ], [ 87.463851928710938, 36.410110473632812 ], [ 87.461502075195312, 36.409858703613281 ], [ 87.457908630371094, 36.410701751708984 ], [ 87.45489501953125, 36.412849426269531 ], [ 87.452705383300781, 36.413280487060547 ], [ 87.449813842773438, 36.413715362548828 ], [ 87.446975708007812, 36.413516998291016 ], [ 87.444206237792969, 36.413490295410156 ], [ 87.43988037109375, 36.413425445556641 ], [ 87.435218811035156, 36.414112091064453 ], [ 87.430641174316406, 36.415828704833984 ], [ 87.428916931152344, 36.418540954589844 ], [ 87.427772521972656, 36.422210693359375 ], [ 87.426177978515625, 36.424236297607422 ], [ 87.424087524414062, 36.425865173339844 ], [ 87.421249389648438, 36.425838470458984 ], [ 87.4188232421875, 36.425182342529297 ], [ 87.416610717773438, 36.424232482910156 ], [ 87.414398193359375, 36.423458099365234 ], [ 87.412612915039062, 36.422389984130859 ], [ 87.408966064453125, 36.420600891113281 ], [ 87.406600952148438, 36.4193115234375 ], [ 87.402519226074219, 36.416946411132812 ], [ 87.39996337890625, 36.416641235351562 ], [ 87.397056579589844, 36.416206359863281 ], [ 87.394355773925781, 36.416179656982422 ], [ 87.39129638671875, 36.415363311767578 ], [ 87.388999938964844, 36.413612365722656 ], [ 87.38629150390625, 36.412548065185547 ], [ 87.381599426269531, 36.414360046386719 ], [ 87.365653991699219, 36.420516967773438 ], [ 87.363388061523438, 36.420597076416016 ], [ 87.360977172851562, 36.420566558837891 ], [ 87.359184265136719, 36.419094085693359 ], [ 87.360389709472656, 36.415073394775391 ], [ 87.359039306640625, 36.410678863525391 ], [ 87.357505798339844, 36.408004760742188 ], [ 87.355186462402344, 36.404651641845703 ], [ 87.349769592285156, 36.402713775634766 ], [ 87.34649658203125, 36.402053833007812 ], [ 87.343925476074219, 36.4010009765625 ], [ 87.34197998046875, 36.398895263671875 ], [ 87.344474792480469, 36.395267486572266 ], [ 87.345504760742188, 36.393306732177734 ], [ 87.344337463378906, 36.391372680664062 ], [ 87.341911315917969, 36.390308380126953 ], [ 87.339630126953125, 36.389530181884766 ], [ 87.337554931640625, 36.388408660888672 ], [ 87.335044860839844, 36.386489868164062 ], [ 87.333045959472656, 36.385540008544922 ], [ 87.329483032226562, 36.384494781494141 ], [ 87.324638366699219, 36.382713317871094 ], [ 87.322418212890625, 36.381015777587891 ], [ 87.321037292480469, 36.379199981689453 ], [ 87.319267272949219, 36.374584197998047 ], [ 87.316513061523438, 36.370941162109375 ], [ 87.314498901367188, 36.369132995605469 ], [ 87.311569213867188, 36.367446899414062 ], [ 87.308540344238281, 36.363815307617188 ], [ 87.303466796875, 36.361351013183594 ], [ 87.300315856933594, 36.359203338623047 ], [ 87.298164367675781, 36.357227325439453 ], [ 87.295883178710938, 36.3565673828125 ], [ 87.293777465820312, 36.357444763183594 ], [ 87.291610717773438, 36.359413146972656 ], [ 87.289726257324219, 36.361034393310547 ], [ 87.2840576171875, 36.365676879882812 ], [ 87.281784057617188, 36.365009307861328 ], [ 87.279487609863281, 36.363372802734375 ], [ 87.275436401367188, 36.362274169921875 ], [ 87.273651123046875, 36.361259460449219 ], [ 87.272628784179688, 36.359432220458984 ], [ 87.271324157714844, 36.357334136962891 ], [ 87.268486022949219, 36.357017517089844 ], [ 87.263015747070312, 36.355930328369141 ], [ 87.259811401367188, 36.354812622070312 ], [ 87.255081176757812, 36.356010437011719 ], [ 87.252532958984375, 36.360385894775391 ], [ 87.250282287597656, 36.361671447753906 ], [ 87.24725341796875, 36.36273193359375 ], [ 87.244705200195312, 36.362926483154297 ], [ 87.238883972167969, 36.362064361572266 ], [ 87.236198425292969, 36.362213134765625 ], [ 87.233657836914062, 36.362632751464844 ], [ 87.230537414550781, 36.362495422363281 ], [ 87.228538513183594, 36.361713409423828 ], [ 87.226104736328125, 36.359737396240234 ], [ 87.223594665527344, 36.357471466064453 ], [ 87.222572326660156, 36.355533599853516 ], [ 87.220481872558594, 36.353034973144531 ], [ 87.218208312988281, 36.35247802734375 ], [ 87.215873718261719, 36.352672576904297 ], [ 87.213462829589844, 36.352813720703125 ], [ 87.210281372070312, 36.353080749511719 ], [ 87.206924438476562, 36.351219177246094 ], [ 87.202827453613281, 36.351776123046875 ], [ 87.2000732421875, 36.352428436279297 ], [ 87.19744873046875, 36.3521728515625 ], [ 87.193801879882812, 36.349746704101562 ], [ 87.192359924316406, 36.347866058349609 ], [ 87.189933776855469, 36.346282958984375 ], [ 87.187995910644531, 36.344871520996094 ], [ 87.186485290527344, 36.343223571777344 ], [ 87.185104370117188, 36.340892791748047 ], [ 87.182571411132812, 36.336742401123047 ], [ 87.178863525390625, 36.335052490234375 ], [ 87.175430297851562, 36.332798004150391 ], [ 87.173210144042969, 36.331096649169922 ], [ 87.170280456542969, 36.329128265380859 ], [ 87.168632507324219, 36.327598571777344 ], [ 87.166046142578125, 36.324924468994141 ], [ 87.163619995117188, 36.323520660400391 ], [ 87.160202026367188, 36.322174072265625 ], [ 87.156356811523438, 36.320720672607422 ], [ 87.152816772460938, 36.315319061279297 ], [ 87.152778625488281, 36.313083648681641 ], [ 87.154533386230469, 36.311691284179688 ], [ 87.156570434570312, 36.310474395751953 ], [ 87.160003662109375, 36.308376312255859 ], [ 87.16131591796875, 36.306079864501953 ], [ 87.160713195800781, 36.303104400634766 ], [ 87.158584594726562, 36.302955627441406 ], [ 87.155807495117188, 36.301776885986328 ], [ 87.154067993164062, 36.298931121826172 ], [ 87.149253845214844, 36.298633575439453 ], [ 87.146232604980469, 36.299980163574219 ], [ 87.1439208984375, 36.296909332275391 ], [ 87.143463134765625, 36.294448852539062 ], [ 87.139404296875, 36.292823791503906 ], [ 87.13665771484375, 36.29376220703125 ], [ 87.13433837890625, 36.294818878173828 ], [ 87.130668640136719, 36.295310974121094 ], [ 87.127967834472656, 36.294872283935547 ], [ 87.123725891113281, 36.294857025146484 ], [ 87.119850158691406, 36.296268463134766 ], [ 87.117103576660156, 36.297145843505859 ], [ 87.112022399902344, 36.298168182373047 ], [ 87.109886169433594, 36.297096252441406 ], [ 87.104148864746094, 36.297031402587891 ], [ 87.101249694824219, 36.297115325927734 ], [ 87.098648071289062, 36.297946929931641 ], [ 87.098640441894531, 36.302810668945312 ], [ 87.097038269042969, 36.304542541503906 ], [ 87.094047546386719, 36.303249359130859 ], [ 87.09112548828125, 36.302188873291016 ], [ 87.086891174316406, 36.30279541015625 ], [ 87.084014892578125, 36.304943084716797 ], [ 87.0809326171875, 36.306854248046875 ], [ 87.078262329101562, 36.308540344238281 ], [ 87.076148986816406, 36.309299468994141 ], [ 87.073883056640625, 36.309497833251953 ], [ 87.074127197265625, 36.306514739990234 ], [ 87.072532653808594, 36.303550720214844 ], [ 87.065933227539062, 36.301887512207031 ], [ 87.061393737792969, 36.301124572753906 ], [ 87.057075500488281, 36.301216125488281 ], [ 87.055023193359375, 36.301406860351562 ], [ 87.052963256835938, 36.300571441650391 ], [ 87.052001953125, 36.297660827636719 ], [ 87.050979614257812, 36.294921875 ], [ 87.0501708984375, 36.292289733886719 ], [ 87.047401428222656, 36.291912078857422 ], [ 87.044288635253906, 36.291938781738281 ], [ 87.042030334472656, 36.292015075683594 ], [ 87.037376403808594, 36.293716430664062 ], [ 87.035285949707031, 36.295963287353516 ], [ 87.029434204101562, 36.297615051269531 ], [ 87.027511596679688, 36.296829223632812 ], [ 87.0250244140625, 36.296108245849609 ], [ 87.021690368652344, 36.295677185058594 ], [ 87.018516540527344, 36.296443939208984 ], [ 87.016258239746094, 36.297039031982422 ], [ 87.013092041015625, 36.298038482666016 ], [ 87.009078979492188, 36.299896240234375 ], [ 87.006752014160156, 36.300662994384766 ], [ 87.004356384277344, 36.301258087158203 ], [ 87.001876831054688, 36.301502227783203 ], [ 87.0, 36.299667358398438 ], [ 86.990676879882812, 36.293968200683594 ], [ 86.982887268066406, 36.295425415039062 ], [ 86.97509765625, 36.297374725341797 ], [ 86.972175598144531, 36.292018890380859 ], [ 86.966331481933594, 36.288608551025391 ], [ 86.954643249511719, 36.290069580078125 ], [ 86.947341918945312, 36.289096832275391 ], [ 86.941986083984375, 36.284713745117188 ], [ 86.936630249023438, 36.282279968261719 ], [ 86.933219909667969, 36.273025512695312 ], [ 86.9288330078125, 36.265235900878906 ], [ 86.917259216308594, 36.267002105712891 ], [ 86.914299011230469, 36.267368316650391 ], [ 86.91082763671875, 36.267230987548828 ], [ 86.907844543457031, 36.266914367675781 ], [ 86.904823303222656, 36.265857696533203 ], [ 86.902946472167969, 36.264991760253906 ], [ 86.900787353515625, 36.264080047607422 ], [ 86.897850036621094, 36.263301849365234 ], [ 86.895835876464844, 36.262435913085938 ], [ 86.893333435058594, 36.261821746826172 ], [ 86.88958740234375, 36.261871337890625 ], [ 86.887413024902344, 36.262382507324219 ], [ 86.885292053222656, 36.264045715332031 ], [ 86.884788513183594, 36.2672119140625 ], [ 86.884078979492188, 36.270614624023438 ], [ 86.881546020507812, 36.272632598876953 ], [ 86.878440856933594, 36.272773742675781 ], [ 86.876274108886719, 36.273410797119141 ], [ 86.874137878417969, 36.274787902832031 ], [ 86.872947692871094, 36.276821136474609 ], [ 86.871475219726562, 36.282192230224609 ], [ 86.869438171386719, 36.284198760986328 ], [ 86.86444091796875, 36.28668212890625 ], [ 86.864097595214844, 36.290302276611328 ], [ 86.86407470703125, 36.293113708496094 ], [ 86.861839294433594, 36.2972412109375 ], [ 86.862144470214844, 36.299411773681641 ], [ 86.858123779296875, 36.2998046875 ], [ 86.8560791015625, 36.299972534179688 ], [ 86.853317260742188, 36.299880981445312 ], [ 86.851036071777344, 36.299598693847656 ], [ 86.848953247070312, 36.298793792724609 ], [ 86.846633911132812, 36.297599792480469 ], [ 86.844436645507812, 36.29571533203125 ], [ 86.841682434082031, 36.294178009033203 ], [ 86.838333129882812, 36.293758392333984 ], [ 86.835952758789062, 36.292564392089844 ], [ 86.832992553710938, 36.291263580322266 ], [ 86.828071594238281, 36.290309906005859 ], [ 86.825920104980469, 36.289688110351562 ], [ 86.823860168457031, 36.289512634277344 ], [ 86.81927490234375, 36.289802551269531 ], [ 86.816963195800781, 36.290439605712891 ], [ 86.814796447753906, 36.291183471679688 ], [ 86.812393188476562, 36.292800903320312 ], [ 86.809585571289062, 36.293563842773438 ], [ 86.806694030761719, 36.293811798095703 ], [ 86.804435729980469, 36.293933868408203 ], [ 86.801834106445312, 36.294288635253906 ], [ 86.799095153808594, 36.294761657714844 ], [ 86.796409606933594, 36.294895172119141 ], [ 86.793312072753906, 36.295375823974609 ], [ 86.790069580078125, 36.295810699462891 ], [ 86.787185668945312, 36.296112060546875 ], [ 86.783927917480469, 36.296089172363281 ], [ 86.782173156738281, 36.294815063476562 ], [ 86.780624389648438, 36.293308258056641 ], [ 86.778068542480469, 36.294807434082031 ], [ 86.775428771972656, 36.296028137207031 ], [ 86.772148132324219, 36.297203063964844 ], [ 86.768775939941406, 36.297752380371094 ], [ 86.765945434570312, 36.297767639160156 ], [ 86.763862609863281, 36.297023773193359 ], [ 86.762199401855469, 36.294551849365234 ], [ 86.760848999023438, 36.292636871337891 ], [ 86.758369445800781, 36.290813446044922 ], [ 86.756118774414062, 36.289382934570312 ], [ 86.753753662109375, 36.28875732421875 ], [ 86.750442504882812, 36.289073944091797 ], [ 86.747917175292969, 36.289653778076172 ], [ 86.744728088378906, 36.289451599121094 ], [ 86.741806030273438, 36.288955688476562 ], [ 86.738883972167969, 36.288516998291016 ], [ 86.736213684082031, 36.287162780761719 ], [ 86.734107971191406, 36.285839080810547 ], [ 86.733078002929688, 36.283226013183594 ], [ 86.733345031738281, 36.280990600585938 ], [ 86.733467102050781, 36.27880859375 ], [ 86.7335205078125, 36.276576995849609 ], [ 86.73321533203125, 36.27423095703125 ], [ 86.73382568359375, 36.271862030029297 ], [ 86.732337951660156, 36.270065307617188 ], [ 86.73126220703125, 36.267982482910156 ], [ 86.72906494140625, 36.266082763671875 ], [ 86.726875305175781, 36.264366149902344 ], [ 86.725181579589844, 36.262866973876953 ], [ 86.721672058105469, 36.261760711669922 ], [ 86.718017578125, 36.262363433837891 ], [ 86.715850830078125, 36.262943267822266 ], [ 86.711166381835938, 36.262718200683594 ], [ 86.70635986328125, 36.264453887939453 ], [ 86.704673767089844, 36.263114929199219 ], [ 86.704811096191406, 36.259330749511719 ], [ 86.703140258789062, 36.256515502929688 ], [ 86.701919555664062, 36.254249572753906 ], [ 86.703407287597656, 36.252605438232422 ], [ 86.704612731933594, 36.250804901123047 ], [ 86.701004028320312, 36.247398376464844 ], [ 86.69952392578125, 36.24566650390625 ], [ 86.696708679199219, 36.244361877441406 ], [ 86.692695617675781, 36.244808197021484 ], [ 86.687812805175781, 36.246543884277344 ], [ 86.684738159179688, 36.245590209960938 ], [ 86.681640625, 36.244293212890625 ], [ 86.677154541015625, 36.243434906005859 ], [ 86.674400329589844, 36.243679046630859 ], [ 86.67144775390625, 36.244106292724609 ], [ 86.669654846191406, 36.245235443115234 ], [ 86.666603088378906, 36.246856689453125 ], [ 86.663612365722656, 36.246253967285156 ], [ 86.660934448242188, 36.246490478515625 ], [ 86.658035278320312, 36.246627807617188 ], [ 86.654678344726562, 36.245735168457031 ], [ 86.653045654296875, 36.243888854980469 ], [ 86.654060363769531, 36.240764617919922 ], [ 86.654090881347656, 36.237964630126953 ], [ 86.651901245117188, 36.236183166503906 ], [ 86.650901794433594, 36.234207153320312 ], [ 86.6497802734375, 36.230850219726562 ], [ 86.647491455078125, 36.23028564453125 ], [ 86.644607543945312, 36.230636596679688 ], [ 86.6422119140625, 36.230754852294922 ], [ 86.640151977539062, 36.230693817138672 ], [ 86.635696411132812, 36.228805541992188 ], [ 86.632713317871094, 36.228427886962891 ], [ 86.630134582519531, 36.227691650390625 ], [ 86.628387451171875, 36.226360321044922 ], [ 86.626968383789062, 36.224327087402344 ], [ 86.622596740722656, 36.224674224853516 ], [ 86.619422912597656, 36.22503662109375 ], [ 86.618782043457031, 36.223102569580078 ], [ 86.618072509765625, 36.221065521240234 ], [ 86.616378784179688, 36.219329833984375 ], [ 86.611251831054688, 36.220375061035156 ], [ 86.608833312988281, 36.221755981445312 ], [ 86.606979370117188, 36.223289489746094 ], [ 86.604377746582031, 36.225418090820312 ], [ 86.601844787597656, 36.225826263427734 ], [ 86.599739074707031, 36.224277496337891 ], [ 86.598472595214844, 36.222587585449219 ], [ 86.597267150878906, 36.220672607421875 ], [ 86.594871520996094, 36.219131469726562 ], [ 86.592254638671875, 36.219196319580078 ], [ 86.590194702148438, 36.220737457275391 ], [ 86.588424682617188, 36.222499847412109 ], [ 86.586219787597656, 36.222156524658203 ], [ 86.584022521972656, 36.220203399658203 ], [ 86.581771850585938, 36.218719482421875 ], [ 86.579002380371094, 36.218330383300781 ], [ 86.576629638671875, 36.219131469726562 ], [ 86.573478698730469, 36.220012664794922 ], [ 86.571044921875, 36.221103668212891 ], [ 86.566795349121094, 36.222702026367188 ], [ 86.564109802246094, 36.222763061523438 ], [ 86.561553955078125, 36.222484588623047 ], [ 86.556648254394531, 36.221927642822266 ], [ 86.554046630859375, 36.222332000732422 ], [ 86.551055908203125, 36.223438262939453 ], [ 86.548103332519531, 36.224021911621094 ], [ 86.545372009277344, 36.224777221679688 ], [ 86.540565490722656, 36.226615905761719 ], [ 86.535858154296875, 36.22747802734375 ], [ 86.532150268554688, 36.228427886962891 ], [ 86.528053283691406, 36.228591918945312 ], [ 86.526161193847656, 36.227313995361328 ], [ 86.523651123046875, 36.222457885742188 ], [ 86.523147583007812, 36.220462799072266 ], [ 86.521804809570312, 36.218601226806641 ], [ 86.522178649902344, 36.215385437011719 ], [ 86.523483276367188, 36.212318420410156 ], [ 86.520912170410156, 36.211631774902344 ], [ 86.518722534179688, 36.211803436279297 ], [ 86.516365051269531, 36.211116790771484 ], [ 86.513946533203125, 36.208946228027344 ], [ 86.516342163085938, 36.206703186035156 ], [ 86.520027160644531, 36.205066680908203 ], [ 86.523445129394531, 36.203838348388672 ], [ 86.521797180175781, 36.201362609863281 ], [ 86.519523620605469, 36.201183319091797 ], [ 86.516166687011719, 36.200241088867188 ], [ 86.511985778808594, 36.199878692626953 ], [ 86.508270263671875, 36.200656890869141 ], [ 86.504196166992188, 36.199615478515625 ], [ 86.500480651855469, 36.198383331298828 ], [ 86.496498107910156, 36.199691772460938 ], [ 86.493484497070312, 36.200508117675781 ], [ 86.490913391113281, 36.201595306396484 ], [ 86.486259460449219, 36.203945159912109 ], [ 86.483970642089844, 36.205089569091797 ], [ 86.480827331542969, 36.206085205078125 ], [ 86.477210998535156, 36.207717895507812 ], [ 86.474021911621094, 36.209400177001953 ], [ 86.471443176269531, 36.210323333740234 ], [ 86.466629028320312, 36.212379455566406 ], [ 86.465141296386719, 36.213973999023438 ], [ 86.462371826171875, 36.215530395507812 ], [ 86.458267211914062, 36.215564727783203 ], [ 86.455146789550781, 36.215297698974609 ], [ 86.455574035644531, 36.217353820800781 ], [ 86.455062866210938, 36.220687866210938 ], [ 86.452003479003906, 36.222076416015625 ], [ 86.447097778320312, 36.223281860351562 ], [ 86.444534301757812, 36.224773406982422 ], [ 86.441886901855469, 36.225753784179688 ], [ 86.43902587890625, 36.226856231689453 ], [ 86.437019348144531, 36.226047515869141 ], [ 86.436408996582031, 36.222969055175781 ], [ 86.435569763183594, 36.219379425048828 ], [ 86.434272766113281, 36.216659545898438 ], [ 86.433837890625, 36.214603424072266 ], [ 86.433029174804688, 36.211814880371094 ], [ 86.432113647460938, 36.209892272949219 ], [ 86.429611206054688, 36.207256317138672 ], [ 86.427536010742188, 36.206562042236328 ], [ 86.42095947265625, 36.206493377685547 ], [ 86.411323547363281, 36.205863952636719 ], [ 86.408065795898438, 36.205711364746094 ], [ 86.404747009277344, 36.205848693847656 ], [ 86.401222229003906, 36.206100463867188 ], [ 86.397758483886719, 36.206012725830078 ], [ 86.393775939941406, 36.205413818359375 ], [ 86.391746520996094, 36.204032897949219 ], [ 86.3896484375, 36.202644348144531 ], [ 86.387893676757812, 36.201084136962891 ], [ 86.385566711425781, 36.199306488037109 ], [ 86.38409423828125, 36.197677612304688 ], [ 86.382743835449219, 36.195480346679688 ], [ 86.381546020507812, 36.193500518798828 ], [ 86.379981994628906, 36.191356658935547 ], [ 86.378074645996094, 36.189453125 ], [ 86.375923156738281, 36.186531066894531 ], [ 86.374778747558594, 36.184146881103516 ], [ 86.3726806640625, 36.180755615234375 ], [ 86.371047973632812, 36.178623199462891 ], [ 86.368301391601562, 36.174850463867188 ], [ 86.366744995117188, 36.172821044921875 ], [ 86.363807678222656, 36.169853210449219 ], [ 86.36126708984375, 36.167854309082031 ], [ 86.359519958496094, 36.166404724121094 ], [ 86.357421875, 36.165023803710938 ], [ 86.354850769042969, 36.164215087890625 ], [ 86.349998474121094, 36.16290283203125 ], [ 86.343673706054688, 36.161956787109375 ], [ 86.340118408203125, 36.161125183105469 ], [ 86.336708068847656, 36.160575866699219 ], [ 86.333152770996094, 36.160079956054688 ], [ 86.330047607421875, 36.160152435302734 ], [ 86.327346801757812, 36.159755706787109 ], [ 86.324676513671875, 36.160102844238281 ], [ 86.32025146484375, 36.160724639892578 ], [ 86.315887451171875, 36.161396026611328 ], [ 86.3115234375, 36.161838531494141 ], [ 86.308723449707031, 36.162418365478516 ], [ 86.303024291992188, 36.163177490234375 ], [ 86.30047607421875, 36.163127899169922 ], [ 86.297019958496094, 36.163261413574219 ], [ 86.293769836425781, 36.163330078125 ], [ 86.290023803710938, 36.163192749023438 ], [ 86.286125183105469, 36.162879943847656 ], [ 86.283432006835938, 36.162540435791016 ], [ 86.280952453613281, 36.162425994873047 ], [ 86.278396606445312, 36.162021636962891 ], [ 86.276260375976562, 36.161495208740234 ], [ 86.27276611328125, 36.160655975341797 ], [ 86.26934814453125, 36.159877777099609 ], [ 86.266868591308594, 36.159526824951172 ], [ 86.263336181640625, 36.159614562988281 ], [ 86.260635375976562, 36.159275054931641 ], [ 86.257156372070312, 36.158550262451172 ], [ 86.252883911132812, 36.157611846923828 ], [ 86.249397277832031, 36.156833648681641 ], [ 86.246818542480469, 36.155853271484375 ], [ 86.243804931640625, 36.154544830322266 ], [ 86.239486694335938, 36.152122497558594 ], [ 86.236381530761719, 36.150127410888672 ], [ 86.234062194824219, 36.148517608642578 ], [ 86.231452941894531, 36.146400451660156 ], [ 86.228828430175781, 36.144115447998047 ], [ 86.223983764648438, 36.140838623046875 ], [ 86.221809387207031, 36.139057159423828 ], [ 86.219223022460938, 36.137733459472656 ], [ 86.2158203125, 36.135234832763672 ], [ 86.213851928710938, 36.133617401123047 ], [ 86.211097717285156, 36.131446838378906 ], [ 86.208786010742188, 36.129779815673828 ], [ 86.206619262695312, 36.128395080566406 ], [ 86.205215454101562, 36.12664794921875 ], [ 86.203819274902344, 36.124961853027344 ], [ 86.202964782714844, 36.122684478759766 ], [ 86.201934814453125, 36.119216918945312 ], [ 86.201286315917969, 36.116764068603516 ], [ 86.201210021972656, 36.114418029785156 ], [ 86.201377868652344, 36.110977172851562 ], [ 86.201255798339844, 36.107372283935547 ], [ 86.200645446777344, 36.101825714111328 ], [ 86.200225830078125, 36.097766876220703 ], [ 86.1995849609375, 36.095375061035156 ], [ 86.199165344238281, 36.093379974365234 ], [ 86.1988525390625, 36.086116790771484 ], [ 86.198532104492188, 36.080905914306641 ], [ 86.197776794433594, 36.077140808105469 ], [ 86.197021484375, 36.073665618896484 ], [ 86.196586608886719, 36.069095611572266 ], [ 86.195991516113281, 36.063838958740234 ], [ 86.1956787109375, 36.060752868652344 ], [ 86.194602966308594, 36.056133270263672 ], [ 86.194038391113281, 36.051849365234375 ], [ 86.193313598632812, 36.049175262451172 ], [ 86.192008972167969, 36.046112060546875 ], [ 86.191009521484375, 36.041435241699219 ], [ 86.189994812011719, 36.038417816162109 ], [ 86.188560485839844, 36.03564453125 ], [ 86.186660766601562, 36.031448364257812 ], [ 86.185523986816406, 36.029125213623047 ], [ 86.184539794921875, 36.027252197265625 ], [ 86.182846069335938, 36.024997711181641 ], [ 86.181427001953125, 36.022510528564453 ], [ 86.179878234863281, 36.020599365234375 ], [ 86.178184509277344, 36.018394470214844 ], [ 86.176788330078125, 36.016593933105469 ], [ 86.174957275390625, 36.014743804931641 ], [ 86.172782897949219, 36.012790679931641 ], [ 86.170127868652344, 36.011356353759766 ], [ 86.167488098144531, 36.010608673095703 ], [ 86.164649963378906, 36.010047912597656 ], [ 86.162101745605469, 36.009815216064453 ], [ 86.156753540039062, 36.009929656982422 ], [ 86.150894165039062, 36.00982666015625 ], [ 86.144744873046875, 36.009437561035156 ], [ 86.142646789550781, 36.008060455322266 ], [ 86.142120361328125, 36.004608154296875 ], [ 86.143844604492188, 36.001636505126953 ], [ 86.144378662109375, 35.999019622802734 ], [ 86.143501281738281, 35.996891021728516 ], [ 86.143257141113281, 35.994770050048828 ], [ 86.1419677734375, 35.992462158203125 ], [ 86.140029907226562, 35.990436553955078 ], [ 86.138298034667969, 35.989097595214844 ], [ 86.136917114257812, 35.987476348876953 ], [ 86.135223388671875, 35.984359741210938 ], [ 86.133628845214844, 35.982967376708984 ], [ 86.131904602050781, 35.980884552001953 ], [ 86.130088806152344, 35.976680755615234 ], [ 86.129592895507812, 35.973182678222656 ], [ 86.128852844238281, 35.971111297607422 ], [ 86.129142761230469, 35.966995239257812 ], [ 86.12884521484375, 35.964412689208984 ], [ 86.12847900390625, 35.961433410644531 ], [ 86.128189086914062, 35.958049774169922 ], [ 86.128463745117188, 35.954677581787109 ], [ 86.128364562988281, 35.952671051025391 ], [ 86.127311706542969, 35.949050903320312 ], [ 86.127212524414062, 35.946701049804688 ], [ 86.126220703125, 35.943256378173828 ], [ 86.124412536621094, 35.938423156738281 ], [ 86.124122619628906, 35.935211181640625 ], [ 86.122329711914062, 35.933586120605469 ], [ 86.119560241699219, 35.931144714355469 ], [ 86.117347717285156, 35.929283142089844 ], [ 86.114913940429688, 35.927536010742188 ], [ 86.1112060546875, 35.926631927490234 ], [ 86.107437133789062, 35.9248046875 ], [ 86.105278015136719, 35.923633575439453 ], [ 86.10284423828125, 35.922283172607422 ], [ 86.100761413574219, 35.920883178710938 ], [ 86.099357604980469, 35.917201995849609 ], [ 86.098442077636719, 35.913410186767578 ], [ 86.096778869628906, 35.912185668945312 ], [ 86.094841003417969, 35.910732269287109 ], [ 86.092758178710938, 35.909156799316406 ], [ 86.0908203125, 35.907642364501953 ], [ 86.088813781738281, 35.905784606933594 ], [ 86.085792541503906, 35.902194976806641 ], [ 86.085136413574219, 35.899665832519531 ], [ 86.084693908691406, 35.897312164306641 ], [ 86.0845947265625, 35.895309448242188 ], [ 86.086891174316406, 35.892818450927734 ], [ 86.08978271484375, 35.892570495605469 ], [ 86.092178344726562, 35.892086029052734 ], [ 86.093017578125, 35.888950347900391 ], [ 86.09051513671875, 35.883705139160156 ], [ 86.090133666992188, 35.881526947021484 ], [ 86.089424133300781, 35.878597259521484 ], [ 86.087783813476562, 35.876228332519531 ], [ 86.086204528808594, 35.874259948730469 ], [ 86.084823608398438, 35.872638702392578 ], [ 86.082740783691406, 35.871410369873047 ], [ 86.080657958984375, 35.869953155517578 ], [ 86.0792236328125, 35.868099212646484 ], [ 86.079071044921875, 35.865119934082031 ], [ 86.07666015625, 35.862342834472656 ], [ 86.073295593261719, 35.861892700195312 ], [ 86.071113586425781, 35.862209320068359 ], [ 86.067909240722656, 35.860679626464844 ], [ 86.066390991210938, 35.859226226806641 ], [ 86.064186096191406, 35.856853485107422 ], [ 86.061996459960938, 35.853843688964844 ], [ 86.060768127441406, 35.852222442626953 ], [ 86.059539794921875, 35.850376129150391 ], [ 86.058601379394531, 35.848133087158203 ], [ 86.057655334472656, 35.846057891845703 ], [ 86.055580139160156, 35.844482421875 ], [ 86.053207397460938, 35.843708038330078 ], [ 86.049270629882812, 35.843711853027344 ], [ 86.047142028808594, 35.844657897949219 ], [ 86.044639587402344, 35.846569061279297 ], [ 86.042160034179688, 35.847679138183594 ], [ 86.038780212402344, 35.847805023193359 ], [ 86.035972595214844, 35.847541809082031 ], [ 86.031578063964844, 35.845935821533203 ], [ 86.029571533203125, 35.8443603515625 ], [ 86.028785705566406, 35.841716766357422 ], [ 86.027626037597656, 35.839984893798828 ], [ 86.025825500488281, 35.838699340820312 ], [ 86.02227783203125, 35.836875915527344 ], [ 86.0189208984375, 35.835857391357422 ], [ 86.016059875488281, 35.835071563720703 ], [ 86.01361083984375, 35.8343505859375 ], [ 86.00958251953125, 35.832122802734375 ], [ 86.008720397949219, 35.829818725585938 ], [ 86.006996154785156, 35.828075408935547 ], [ 86.005271911621094, 35.826393127441406 ], [ 86.003547668457031, 35.824878692626953 ], [ 86.002044677734375, 35.822742462158203 ], [ 86.000335693359375, 35.820484161376953 ], [ 85.997299194335938, 35.817981719970703 ], [ 85.994705200195312, 35.817771911621094 ], [ 85.991432189941406, 35.816295623779297 ], [ 85.989273071289062, 35.815120697021484 ], [ 85.986160278320312, 35.812843322753906 ], [ 85.985160827636719, 35.810367584228516 ], [ 85.984153747558594, 35.808238983154297 ], [ 85.983070373535156, 35.8062744140625 ], [ 85.981765747070312, 35.804710388183594 ], [ 85.978164672851562, 35.802253723144531 ], [ 85.976142883300781, 35.801654815673828 ], [ 85.972236633300781, 35.799995422363281 ], [ 85.9698486328125, 35.79681396484375 ], [ 85.968475341796875, 35.795249938964844 ], [ 85.9678955078125, 35.792835235595703 ], [ 85.966407775878906, 35.790122985839844 ], [ 85.962539672851562, 35.787204742431641 ], [ 85.958541870117188, 35.786861419677734 ], [ 85.956298828125, 35.786544799804688 ], [ 85.95281982421875, 35.784950256347656 ], [ 85.950485229492188, 35.782451629638672 ], [ 85.948829650878906, 35.780941009521484 ], [ 85.945915222167969, 35.779354095458984 ], [ 85.943038940429688, 35.779312133789062 ], [ 85.940132141113281, 35.780590057373047 ], [ 85.938697814941406, 35.781997680664062 ], [ 85.935585021972656, 35.783157348632812 ], [ 85.931800842285156, 35.78253173828125 ], [ 85.929702758789062, 35.782215118408203 ], [ 85.926620483398438, 35.781826019287109 ], [ 85.923728942871094, 35.782184600830078 ], [ 85.921478271484375, 35.782379150390625 ], [ 85.919075012207031, 35.783317565917969 ], [ 85.915908813476562, 35.783500671386719 ], [ 85.910629272460938, 35.783882141113281 ], [ 85.907943725585938, 35.784816741943359 ], [ 85.904640197753906, 35.784881591796875 ], [ 85.902107238769531, 35.784957885742188 ], [ 85.899673461914062, 35.784122467041016 ], [ 85.896942138671875, 35.783737182617188 ], [ 85.893653869628906, 35.783119201660156 ], [ 85.889739990234375, 35.782314300537109 ], [ 85.885337829589844, 35.781162261962891 ], [ 85.881843566894531, 35.780307769775391 ], [ 85.879447937011719, 35.780788421630859 ], [ 85.876358032226562, 35.780570983886719 ], [ 85.873268127441406, 35.780582427978516 ], [ 85.86962890625, 35.780185699462891 ], [ 85.865982055664062, 35.779899597167969 ], [ 85.862899780273438, 35.779510498046875 ], [ 85.860107421875, 35.778781890869141 ], [ 85.856941223144531, 35.779022216796875 ], [ 85.854263305664062, 35.779323577880859 ], [ 85.852310180664062, 35.778778076171875 ], [ 85.849937438964844, 35.778053283691406 ], [ 85.847442626953125, 35.776702880859375 ], [ 85.844154357910156, 35.776020050048828 ], [ 85.841781616210938, 35.775470733642578 ], [ 85.839546203613281, 35.774749755859375 ], [ 85.836700439453125, 35.773445129394531 ], [ 85.833488464355469, 35.772708892822266 ], [ 85.830879211425781, 35.7730712890625 ], [ 85.827850341796875, 35.773654937744141 ], [ 85.823196411132812, 35.774269104003906 ], [ 85.820304870605469, 35.775028228759766 ], [ 85.817596435546875, 35.776760101318359 ], [ 85.8148193359375, 35.778205871582031 ], [ 85.811508178710938, 35.778842926025391 ], [ 85.809181213378906, 35.779266357421875 ], [ 85.805320739746094, 35.779087066650391 ], [ 85.801116943359375, 35.778678894042969 ], [ 85.797195434570312, 35.776145935058594 ], [ 85.7952880859375, 35.774837493896484 ], [ 85.79345703125, 35.773757934570312 ], [ 85.791206359863281, 35.772510528564453 ], [ 85.787826538085938, 35.770977020263672 ], [ 85.7838134765625, 35.769508361816406 ], [ 85.780014038085938, 35.768836975097656 ], [ 85.777420043945312, 35.769077301025391 ], [ 85.774261474609375, 35.769664764404297 ], [ 85.771247863769531, 35.769790649414062 ], [ 85.767677307128906, 35.770198822021484 ], [ 85.764976501464844, 35.769706726074219 ], [ 85.761444091796875, 35.769603729248047 ], [ 85.756149291992188, 35.769615173339844 ], [ 85.754112243652344, 35.769157409667969 ], [ 85.750244140625, 35.767501831054688 ], [ 85.748138427734375, 35.766704559326172 ], [ 85.745330810546875, 35.765964508056641 ], [ 85.742729187011719, 35.765796661376953 ], [ 85.738372802734375, 35.764541625976562 ], [ 85.736541748046875, 35.763282775878906 ], [ 85.734786987304688, 35.761913299560547 ], [ 85.732887268066406, 35.760257720947266 ], [ 85.731338500976562, 35.758941650390625 ], [ 85.729019165039062, 35.757625579833984 ], [ 85.72613525390625, 35.755912780761719 ], [ 85.723678588867188, 35.755001068115234 ], [ 85.721221923828125, 35.754486083984375 ], [ 85.719184875488281, 35.754261016845703 ], [ 85.714622497558594, 35.754035949707031 ], [ 85.711952209472656, 35.753868103027344 ], [ 85.709632873535156, 35.753582000732422 ], [ 85.70745849609375, 35.752956390380859 ], [ 85.705001831054688, 35.751926422119141 ], [ 85.702468872070312, 35.751644134521484 ], [ 85.699592590332031, 35.751762390136719 ], [ 85.695594787597656, 35.752109527587891 ], [ 85.692291259765625, 35.752685546875 ], [ 85.689765930175781, 35.752170562744141 ], [ 85.6868896484375, 35.751483917236328 ], [ 85.683441162109375, 35.748798370361328 ], [ 85.680557250976562, 35.746170043945312 ], [ 85.678802490234375, 35.744625091552734 ], [ 85.675636291503906, 35.742393493652344 ], [ 85.673316955566406, 35.739704132080078 ], [ 85.67022705078125, 35.736328125 ], [ 85.667068481445312, 35.734901428222656 ], [ 85.664962768554688, 35.734500885009766 ], [ 85.662712097167969, 35.734786987304688 ], [ 85.660331726074219, 35.734561920166016 ], [ 85.658149719238281, 35.733760833740234 ], [ 85.6552734375, 35.732963562011719 ], [ 85.653236389160156, 35.732677459716797 ], [ 85.651268005371094, 35.731761932373047 ], [ 85.649024963378906, 35.728843688964844 ], [ 85.648948669433594, 35.72552490234375 ], [ 85.648101806640625, 35.722259521484375 ], [ 85.645088195800781, 35.721576690673828 ], [ 85.643119812011719, 35.719573974609375 ], [ 85.642555236816406, 35.716140747070312 ], [ 85.641708374023438, 35.712760925292969 ], [ 85.640792846679688, 35.710590362548828 ], [ 85.638267517089844, 35.707267761230469 ], [ 85.636085510253906, 35.705097198486328 ], [ 85.6339111328125, 35.703895568847656 ], [ 85.631591796875, 35.702522277832031 ], [ 85.6287841796875, 35.700462341308594 ], [ 85.627311706542969, 35.698173522949219 ], [ 85.627235412597656, 35.695537567138672 ], [ 85.627517700195312, 35.692047119140625 ], [ 85.627090454101562, 35.689586639404297 ], [ 85.627235412597656, 35.687183380126953 ], [ 85.627090454101562, 35.684322357177734 ], [ 85.62744140625, 35.682090759277344 ], [ 85.627296447753906, 35.679855346679688 ], [ 85.625259399414062, 35.677852630615234 ], [ 85.622314453125, 35.676425933837891 ], [ 85.620697021484375, 35.675220489501953 ], [ 85.618942260742188, 35.673679351806641 ], [ 85.617889404296875, 35.671844482421875 ], [ 85.617958068847656, 35.669212341308594 ], [ 85.617958068847656, 35.666065216064453 ], [ 85.617469787597656, 35.664005279541016 ], [ 85.61578369140625, 35.6622314453125 ], [ 85.613746643066406, 35.661258697509766 ], [ 85.611991882324219, 35.659999847412109 ], [ 85.611358642578125, 35.657539367675781 ], [ 85.611778259277344, 35.6549072265625 ], [ 85.610870361328125, 35.652271270751953 ], [ 85.608268737792969, 35.651985168457031 ], [ 85.604560852050781, 35.652446746826172 ], [ 85.600837707519531, 35.65118408203125 ], [ 85.599296569824219, 35.649642944335938 ], [ 85.597824096679688, 35.647468566894531 ], [ 85.596138000488281, 35.645290374755859 ], [ 85.593193054199219, 35.644775390625 ], [ 85.590248107910156, 35.644603729248047 ], [ 85.588150024414062, 35.644660949707031 ], [ 85.584434509277344, 35.645118713378906 ], [ 85.581771850585938, 35.645462036132812 ], [ 85.577842712402344, 35.645061492919922 ], [ 85.575531005859375, 35.643688201904297 ], [ 85.573562622070312, 35.641742706298828 ], [ 85.571464538574219, 35.640541076660156 ], [ 85.568305969238281, 35.640022277832031 ], [ 85.565361022949219, 35.640537261962891 ], [ 85.562980651855469, 35.641853332519531 ], [ 85.561363220214844, 35.643115997314453 ], [ 85.558700561523438, 35.645858764648438 ], [ 85.55645751953125, 35.647575378417969 ], [ 85.553375244140625, 35.648548126220703 ], [ 85.549797058105469, 35.649349212646484 ], [ 85.548187255859375, 35.651695251464844 ], [ 85.545730590820312, 35.653926849365234 ], [ 85.542434692382812, 35.655185699462891 ], [ 85.538932800292969, 35.655872344970703 ], [ 85.536407470703125, 35.656269073486328 ], [ 85.533882141113281, 35.656955718994141 ], [ 85.529319763183594, 35.658439636230469 ], [ 85.526657104492188, 35.659812927246094 ], [ 85.524833679199219, 35.660728454589844 ], [ 85.521888732910156, 35.662960052490234 ], [ 85.52020263671875, 35.665420532226562 ], [ 85.518943786621094, 35.667079925537109 ], [ 85.518028259277344, 35.668964385986328 ], [ 85.516975402832031, 35.672000885009766 ], [ 85.516830444335938, 35.675148010253906 ], [ 85.516693115234375, 35.677608489990234 ], [ 85.517181396484375, 35.679611206054688 ], [ 85.518936157226562, 35.680587768554688 ], [ 85.52166748046875, 35.681102752685547 ], [ 85.523773193359375, 35.681735992431641 ], [ 85.525596618652344, 35.682651519775391 ], [ 85.528472900390625, 35.682937622070312 ], [ 85.531349182128906, 35.683109283447266 ], [ 85.533447265625, 35.683914184570312 ], [ 85.534996032714844, 35.685573577880859 ], [ 85.535621643066406, 35.6878662109375 ], [ 85.535202026367188, 35.690212249755859 ], [ 85.534713745117188, 35.692157745361328 ], [ 85.535690307617188, 35.694446563720703 ], [ 85.537162780761719, 35.696506500244141 ], [ 85.538986206054688, 35.698741912841797 ], [ 85.54052734375, 35.700115203857422 ], [ 85.540603637695312, 35.702690124511719 ], [ 85.538002014160156, 35.703662872314453 ], [ 85.535690307617188, 35.703376770019531 ], [ 85.532814025878906, 35.703773498535156 ], [ 85.532318115234375, 35.706405639648438 ], [ 85.533302307128906, 35.708183288574219 ], [ 85.533790588378906, 35.710872650146484 ], [ 85.531402587890625, 35.711559295654297 ], [ 85.529159545898438, 35.711330413818359 ], [ 85.526985168457031, 35.711498260498047 ], [ 85.523689270019531, 35.712070465087891 ], [ 85.520668029785156, 35.713325500488281 ], [ 85.518424987792969, 35.71343994140625 ], [ 85.515830993652344, 35.713382720947266 ], [ 85.513023376464844, 35.714179992675781 ], [ 85.511474609375, 35.715953826904297 ], [ 85.509788513183594, 35.717727661132812 ], [ 85.507827758789062, 35.718753814697266 ], [ 85.5, 35.718090057373047 ], [ 85.497817993164062, 35.71722412109375 ], [ 85.495201110839844, 35.715957641601562 ], [ 85.493141174316406, 35.714981079101562 ], [ 85.490730285644531, 35.714168548583984 ], [ 85.486663818359375, 35.712944030761719 ], [ 85.484039306640625, 35.712749481201172 ], [ 85.481277465820312, 35.712497711181641 ], [ 85.478225708007812, 35.712863922119141 ], [ 85.47552490234375, 35.713062286376953 ], [ 85.472053527832031, 35.713764190673828 ], [ 85.469207763671875, 35.714298248291016 ], [ 85.465538024902344, 35.714488983154297 ], [ 85.46337890625, 35.715595245361328 ], [ 85.461135864257812, 35.717323303222656 ], [ 85.458404541015625, 35.719551086425781 ], [ 85.454719543457031, 35.720699310302734 ], [ 85.451591491699219, 35.721851348876953 ], [ 85.448471069335938, 35.722332000732422 ], [ 85.446113586425781, 35.722644805908203 ], [ 85.442779541015625, 35.723289489746094 ], [ 85.440406799316406, 35.724674224853516 ], [ 85.43768310546875, 35.726112365722656 ], [ 85.435447692871094, 35.727615356445312 ], [ 85.432647705078125, 35.7296142578125 ], [ 85.430473327636719, 35.731735229492188 ], [ 85.427398681640625, 35.733566284179688 ], [ 85.424896240234375, 35.734333038330078 ], [ 85.420585632324219, 35.735397338867188 ], [ 85.418525695800781, 35.736091613769531 ], [ 85.415184020996094, 35.736881256103516 ], [ 85.412574768066406, 35.736156463623047 ], [ 85.410453796386719, 35.73504638671875 ], [ 85.40765380859375, 35.733814239501953 ], [ 85.404495239257812, 35.732856750488281 ], [ 85.40106201171875, 35.731834411621094 ], [ 85.397148132324219, 35.730808258056641 ], [ 85.394874572753906, 35.730426788330078 ], [ 85.392868041992188, 35.730335235595703 ], [ 85.390663146972656, 35.730068206787109 ], [ 85.388656616210938, 35.72991943359375 ], [ 85.385536193847656, 35.730258941650391 ], [ 85.383079528808594, 35.731513977050781 ], [ 85.380195617675781, 35.733097076416016 ], [ 85.376785278320312, 35.733989715576172 ], [ 85.374504089355469, 35.73394775390625 ], [ 85.372146606445312, 35.734020233154297 ], [ 85.367660522460938, 35.734138488769531 ], [ 85.365646362304688, 35.734737396240234 ], [ 85.363273620605469, 35.735782623291016 ], [ 85.360191345214844, 35.738006591796875 ], [ 85.356834411621094, 35.740394592285156 ], [ 85.354034423828125, 35.742507934570312 ], [ 85.351097106933594, 35.744338989257812 ], [ 85.348075866699219, 35.747013092041016 ], [ 85.343727111816406, 35.750350952148438 ], [ 85.342041015625, 35.751686096191406 ], [ 85.338897705078125, 35.753738403320312 ], [ 85.335830688476562, 35.754833221435547 ], [ 85.332839965820312, 35.755928039550781 ], [ 85.330947875976562, 35.756923675537109 ], [ 85.329063415527344, 35.758029937744141 ], [ 85.326622009277344, 35.759243011474609 ], [ 85.324104309082031, 35.760570526123047 ], [ 85.320549011230469, 35.762222290039062 ], [ 85.316856384277344, 35.763759613037109 ], [ 85.314537048339844, 35.765483856201172 ], [ 85.310577392578125, 35.766624450683594 ], [ 85.308006286621094, 35.767162322998047 ], [ 85.305511474609375, 35.767189025878906 ], [ 85.302108764648438, 35.767658233642578 ], [ 85.299606323242188, 35.768253326416016 ], [ 85.297447204589844, 35.768848419189453 ], [ 85.293815612792969, 35.770950317382812 ], [ 85.291236877441406, 35.772106170654297 ], [ 85.28857421875, 35.773540496826172 ], [ 85.286346435546875, 35.774360656738281 ], [ 85.28411865234375, 35.775070190429688 ], [ 85.281333923339844, 35.775997161865234 ], [ 85.27862548828125, 35.776363372802734 ], [ 85.275161743164062, 35.776718139648438 ], [ 85.272804260253906, 35.776691436767578 ], [ 85.270645141601562, 35.77734375 ], [ 85.268539428710938, 35.778953552246094 ], [ 85.266998291015625, 35.780349731445312 ], [ 85.264823913574219, 35.781845092773438 ], [ 85.262237548828125, 35.783000946044922 ], [ 85.259391784667969, 35.783531188964844 ], [ 85.257095336914062, 35.784126281738281 ], [ 85.255088806152344, 35.783878326416016 ], [ 85.252822875976562, 35.783004760742188 ], [ 85.249519348144531, 35.781669616699219 ], [ 85.246833801269531, 35.780906677246094 ], [ 85.244834899902344, 35.780261993408203 ], [ 85.241584777832031, 35.779941558837891 ], [ 85.238960266113281, 35.779800415039062 ], [ 85.235633850097656, 35.779987335205078 ], [ 85.230087280273438, 35.780315399169922 ], [ 85.228012084960938, 35.780181884765625 ], [ 85.22552490234375, 35.779811859130859 ], [ 85.222465515136719, 35.780620574951172 ], [ 85.2197265625, 35.778785705566406 ], [ 85.221420288085938, 35.776889801025391 ], [ 85.224311828613281, 35.773933410644531 ], [ 85.224029541015625, 35.770603179931641 ], [ 85.221572875976562, 35.768264770507812 ], [ 85.218833923339844, 35.766765594482422 ], [ 85.216018676757812, 35.765548706054688 ], [ 85.213821411132812, 35.764617919921875 ], [ 85.210578918457031, 35.76373291015625 ], [ 85.208297729492188, 35.763481140136719 ], [ 85.205467224121094, 35.762996673583984 ], [ 85.203475952148438, 35.762184143066406 ], [ 85.201286315917969, 35.76080322265625 ], [ 85.197784423828125, 35.759071350097656 ], [ 85.19427490234375, 35.757957458496094 ], [ 85.191444396972656, 35.757640838623047 ], [ 85.186470031738281, 35.756904602050781 ], [ 85.184066772460938, 35.756198883056641 ], [ 85.181297302246094, 35.755996704101562 ], [ 85.178535461425781, 35.755569458007812 ], [ 85.174957275390625, 35.754680633544922 ], [ 85.172607421875, 35.754032135009766 ], [ 85.17041015625, 35.753273010253906 ], [ 85.167671203613281, 35.751491546630859 ], [ 85.165626525878906, 35.750110626220703 ], [ 85.162879943847656, 35.748783111572266 ], [ 85.161102294921875, 35.747688293457031 ], [ 85.156913757324219, 35.745777130126953 ], [ 85.153327941894531, 35.74505615234375 ], [ 85.149742126464844, 35.744449615478516 ], [ 85.146369934082031, 35.743278503417969 ], [ 85.143814086914062, 35.7427978515625 ], [ 85.138290405273438, 35.742389678955078 ], [ 85.135719299316406, 35.742694854736328 ], [ 85.132797241210938, 35.743560791015625 ], [ 85.128005981445312, 35.744346618652344 ], [ 85.125175476074219, 35.743972778320312 ], [ 85.122352600097656, 35.743316650390625 ], [ 85.115180969238281, 35.742099761962891 ], [ 85.112472534179688, 35.742347717285156 ], [ 85.110313415527344, 35.742996215820312 ], [ 85.105934143066406, 35.74395751953125 ], [ 85.103080749511719, 35.744819641113281 ], [ 85.100166320800781, 35.745346069335938 ], [ 85.097114562988281, 35.745704650878906 ], [ 85.094123840332031, 35.746231079101562 ], [ 85.090255737304688, 35.745899200439453 ], [ 85.087356567382812, 35.745521545410156 ], [ 85.085075378417969, 35.745155334472656 ], [ 85.08197021484375, 35.744945526123047 ], [ 85.078987121582031, 35.745132446289062 ], [ 85.072601318359375, 35.745952606201172 ], [ 85.070526123046875, 35.74609375 ], [ 85.066780090332031, 35.746383666992188 ], [ 85.062698364257812, 35.746498107910156 ], [ 85.059165954589844, 35.746623992919922 ], [ 85.055557250976562, 35.746856689453125 ], [ 85.052375793457031, 35.7467041015625 ], [ 85.048477172851562, 35.747779846191406 ], [ 85.044464111328125, 35.747951507568359 ], [ 85.041412353515625, 35.748138427734375 ], [ 85.03851318359375, 35.747928619384766 ], [ 85.035400390625, 35.747776031494141 ], [ 85.031883239746094, 35.747219085693359 ], [ 85.028709411621094, 35.746559143066406 ], [ 85.025543212890625, 35.745613098144531 ], [ 85.021766662597656, 35.744041442871094 ], [ 85.019561767578125, 35.743843078613281 ], [ 85.015823364257812, 35.743789672851562 ], [ 85.011268615722656, 35.743053436279297 ], [ 85.006507873535156, 35.742256164550781 ], [ 85.002456665039062, 35.740962982177734 ], [ 85.0001220703125, 35.739860534667969 ], [ 84.998519897460938, 35.737186431884766 ], [ 84.996551513671875, 35.735130310058594 ], [ 84.994522094726562, 35.7327880859375 ], [ 84.990921020507812, 35.729640960693359 ], [ 84.988288879394531, 35.726558685302734 ], [ 84.986351013183594, 35.723091125488281 ], [ 84.986122131347656, 35.720779418945312 ], [ 84.984527587890625, 35.717597961425781 ], [ 84.982368469238281, 35.715087890625 ], [ 84.980598449707031, 35.713596343994141 ], [ 84.977996826171875, 35.712490081787109 ], [ 84.975181579589844, 35.711212158203125 ], [ 84.97100830078125, 35.709236145019531 ], [ 84.968818664550781, 35.708133697509766 ], [ 84.965377807617188, 35.706958770751953 ], [ 84.962699890136719, 35.706192016601562 ], [ 84.960708618164062, 35.705486297607422 ], [ 84.954719543457031, 35.703880310058594 ], [ 84.9471435546875, 35.702590942382812 ], [ 84.943977355957031, 35.701869964599609 ], [ 84.940315246582031, 35.70147705078125 ], [ 84.9376220703125, 35.701271057128906 ], [ 84.932952880859375, 35.699684143066406 ], [ 84.930145263671875, 35.698234558105469 ], [ 84.927734375, 35.697864532470703 ], [ 84.925384521484375, 35.697658538818359 ], [ 84.918045043945312, 35.6968994140625 ], [ 84.915946960449219, 35.695835113525391 ], [ 84.911430358886719, 35.69390869140625 ], [ 84.907302856445312, 35.692722320556641 ], [ 84.904693603515625, 35.691669464111328 ], [ 84.901679992675781, 35.690330505371094 ], [ 84.898399353027344, 35.688705444335938 ], [ 84.895660400390625, 35.687366485595703 ], [ 84.892997741699219, 35.685806274414062 ], [ 84.891090393066406, 35.684535980224609 ], [ 84.8895263671875, 35.683273315429688 ], [ 84.887275695800781, 35.681720733642578 ], [ 84.884811401367188, 35.680667877197266 ], [ 84.882888793945312, 35.680076599121094 ], [ 84.880630493164062, 35.679084777832031 ], [ 84.878364562988281, 35.678432464599609 ], [ 84.875, 35.677143096923828 ], [ 84.872474670410156, 35.675754547119141 ], [ 84.869461059570312, 35.674301147460938 ], [ 84.865982055664062, 35.672328948974609 ], [ 84.864418029785156, 35.6708984375 ], [ 84.8623046875, 35.669570922851562 ], [ 84.85833740234375, 35.667877197265625 ], [ 84.854026794433594, 35.665672302246094 ], [ 84.850914001464844, 35.662864685058594 ], [ 84.849998474121094, 35.660423278808594 ], [ 84.848945617675781, 35.657985687255859 ], [ 84.847061157226562, 35.65570068359375 ], [ 84.843788146972656, 35.653678894042969 ], [ 84.841888427734375, 35.652015686035156 ], [ 84.840476989746094, 35.650302886962891 ], [ 84.838043212890625, 35.647842407226562 ], [ 84.836708068847656, 35.645679473876953 ], [ 84.8349609375, 35.643566131591797 ], [ 84.833694458007812, 35.641407012939453 ], [ 84.83209228515625, 35.638900756835938 ], [ 84.829856872558594, 35.636947631835938 ], [ 84.827415466308594, 35.634883880615234 ], [ 84.824043273925781, 35.634326934814453 ], [ 84.821952819824219, 35.634971618652344 ], [ 84.818359375, 35.635086059570312 ], [ 84.814857482910156, 35.633960723876953 ], [ 84.8123779296875, 35.633701324462891 ], [ 84.809951782226562, 35.633831024169922 ], [ 84.806838989257812, 35.633895874023438 ], [ 84.804237365722656, 35.632953643798828 ], [ 84.802543640136719, 35.631576538085938 ], [ 84.799118041992188, 35.630283355712891 ], [ 84.797126770019531, 35.629745483398438 ], [ 84.793426513671875, 35.628337860107422 ], [ 84.791587829589844, 35.627124786376953 ], [ 84.788848876953125, 35.626068115234375 ], [ 84.786247253417969, 35.624786376953125 ], [ 84.7835693359375, 35.624294281005859 ], [ 84.781059265136719, 35.625213623046875 ], [ 84.778915405273438, 35.625068664550781 ], [ 84.77587890625, 35.625022888183594 ], [ 84.772857666015625, 35.624244689941406 ], [ 84.768417358398438, 35.621807098388672 ], [ 84.76611328125, 35.620021820068359 ], [ 84.764625549316406, 35.618534088134766 ], [ 84.761711120605469, 35.616176605224609 ], [ 84.757369995117188, 35.615825653076172 ], [ 84.75323486328125, 35.615421295166016 ], [ 84.7510986328125, 35.61505126953125 ], [ 84.747100830078125, 35.614707946777344 ], [ 84.741600036621094, 35.613609313964844 ], [ 84.737991333007812, 35.614002227783203 ], [ 84.735496520996094, 35.614356994628906 ], [ 84.73321533203125, 35.614490509033203 ], [ 84.730522155761719, 35.614448547363281 ], [ 84.726791381835938, 35.614330291748047 ], [ 84.7242431640625, 35.614009857177734 ], [ 84.722236633300781, 35.614147186279297 ], [ 84.718704223632812, 35.614540100097656 ], [ 84.715736389160156, 35.614383697509766 ], [ 84.711860656738281, 35.614715576171875 ], [ 84.708389282226562, 35.615447998046875 ], [ 84.704704284667969, 35.616348266601562 ], [ 84.700729370117188, 35.617637634277344 ], [ 84.698326110839844, 35.617259979248047 ], [ 84.695091247558594, 35.616474151611328 ], [ 84.691864013671875, 35.615859985351562 ], [ 84.689651489257812, 35.615768432617188 ], [ 84.686691284179688, 35.615436553955078 ], [ 84.683540344238281, 35.614147186279297 ], [ 84.681571960449219, 35.612705230712891 ], [ 84.679656982421875, 35.611942291259766 ], [ 84.677375793457031, 35.612071990966797 ], [ 84.67413330078125, 35.611965179443359 ], [ 84.671958923339844, 35.6103515625 ], [ 84.668464660644531, 35.609336853027344 ], [ 84.666465759277344, 35.608966827392578 ], [ 84.664405822753906, 35.608367919921875 ], [ 84.662002563476562, 35.607765197753906 ], [ 84.657745361328125, 35.606960296630859 ], [ 84.654998779296875, 35.606296539306641 ], [ 84.6513671875, 35.605052947998047 ], [ 84.647514343261719, 35.604255676269531 ], [ 84.645187377929688, 35.603427886962891 ], [ 84.642791748046875, 35.602428436279297 ], [ 84.639930725097656, 35.601032257080078 ], [ 84.637939453125, 35.600265502929688 ], [ 84.635894775390625, 35.599216461181641 ], [ 84.631858825683594, 35.597572326660156 ], [ 84.628494262695312, 35.596893310546875 ], [ 84.626029968261719, 35.595893859863281 ], [ 84.623359680175781, 35.595172882080078 ], [ 84.616622924804688, 35.593593597412109 ], [ 84.610084533691406, 35.592750549316406 ], [ 84.605903625488281, 35.591609954833984 ], [ 84.601943969726562, 35.589794158935547 ], [ 84.599342346191406, 35.588905334472656 ], [ 84.596923828125, 35.588695526123047 ], [ 84.593963623046875, 35.588367462158203 ], [ 84.590667724609375, 35.587802886962891 ], [ 84.587699890136719, 35.587471008300781 ], [ 84.5850830078125, 35.587200164794922 ], [ 84.5814208984375, 35.587417602539062 ], [ 84.578163146972656, 35.587703704833984 ], [ 84.575416564941406, 35.587146759033203 ], [ 84.572463989257812, 35.58636474609375 ], [ 84.569740295410156, 35.585075378417969 ], [ 84.566246032714844, 35.583778381347656 ], [ 84.563629150390625, 35.583564758300781 ], [ 84.561431884765625, 35.583015441894531 ], [ 84.559303283691406, 35.582756042480469 ], [ 84.557319641113281, 35.581817626953125 ], [ 84.554801940917969, 35.580535888671875 ], [ 84.552886962890625, 35.579826354980469 ], [ 84.550148010253906, 35.578762054443359 ], [ 84.547416687011719, 35.577476501464844 ], [ 84.545158386230469, 35.576927185058594 ], [ 84.542198181152344, 35.576484680175781 ], [ 84.539031982421875, 35.575977325439453 ], [ 84.536079406738281, 35.575473785400391 ], [ 84.532569885253906, 35.574794769287109 ], [ 84.529151916503906, 35.573604583740234 ], [ 84.525642395019531, 35.573093414306641 ], [ 84.523368835449219, 35.572940826416016 ], [ 84.520545959472656, 35.572608947753906 ], [ 84.518402099609375, 35.572628021240234 ], [ 84.515090942382812, 35.572685241699219 ], [ 84.512825012207031, 35.57208251953125 ], [ 84.508857727050781, 35.570545196533203 ], [ 84.504951477050781, 35.569629669189453 ], [ 84.499725341796875, 35.568862915039062 ], [ 84.496078491210938, 35.568347930908203 ], [ 84.491981506347656, 35.566524505615234 ], [ 84.489715576171875, 35.563552856445312 ], [ 84.487876892089844, 35.562618255615234 ], [ 84.485610961914062, 35.56207275390625 ], [ 84.482528686523438, 35.561168670654297 ], [ 84.479957580566406, 35.559150695800781 ], [ 84.476951599121094, 35.557968139648438 ], [ 84.4727783203125, 35.556709289550781 ], [ 84.469757080078125, 35.555923461914062 ], [ 84.466316223144531, 35.555412292480469 ], [ 84.463760375976562, 35.555477142333984 ], [ 84.457870483398438, 35.553962707519531 ], [ 84.455337524414062, 35.552955627441406 ], [ 84.452743530273438, 35.552009582519531 ], [ 84.446769714355469, 35.550716400146484 ], [ 84.444877624511719, 35.549331665039062 ], [ 84.443984985351562, 35.546661376953125 ], [ 84.44488525390625, 35.544086456298828 ], [ 84.445152282714844, 35.541778564453125 ], [ 84.444793701171875, 35.539798736572266 ], [ 84.444557189941406, 35.535793304443359 ], [ 84.446769714355469, 35.533012390136719 ], [ 84.448410034179688, 35.531238555908203 ], [ 84.451530456542969, 35.528026580810547 ], [ 84.453964233398438, 35.524909973144531 ], [ 84.457603454589844, 35.52294921875 ], [ 84.4608154296875, 35.521766662597656 ], [ 84.463722229003906, 35.521480560302734 ], [ 84.466896057128906, 35.521255493164062 ], [ 84.470802307128906, 35.519748687744141 ], [ 84.474388122558594, 35.517387390136719 ], [ 84.473991394042969, 35.51422119140625 ], [ 84.472084045410156, 35.513229370117188 ], [ 84.468994140625, 35.512554168701172 ], [ 84.464744567871094, 35.511745452880859 ], [ 84.462455749511719, 35.509506225585938 ], [ 84.46173095703125, 35.505844116210938 ], [ 84.462234497070312, 35.501956939697266 ], [ 84.4625244140625, 35.499252319335938 ], [ 84.461509704589844, 35.495864868164062 ], [ 84.460212707519531, 35.493942260742188 ], [ 84.458702087402344, 35.492412567138672 ], [ 84.457267761230469, 35.490940093994141 ], [ 84.456459045410156, 35.488929748535156 ], [ 84.454788208007812, 35.487041473388672 ], [ 84.453125, 35.484699249267578 ], [ 84.450088500976562, 35.482387542724609 ], [ 84.447364807128906, 35.480987548828125 ], [ 84.442451477050781, 35.479038238525391 ], [ 84.439926147460938, 35.477977752685547 ], [ 84.437965393066406, 35.476757049560547 ], [ 84.435935974121094, 35.475196838378906 ], [ 84.434532165527344, 35.473537445068359 ], [ 84.433753967285156, 35.471660614013672 ], [ 84.432350158691406, 35.470226287841797 ], [ 84.429214477539062, 35.468761444091797 ], [ 84.427230834960938, 35.468105316162109 ], [ 84.42510986328125, 35.467613220214844 ], [ 84.422233581542969, 35.466770172119141 ], [ 84.418350219726562, 35.465068817138672 ], [ 84.416099548339844, 35.464065551757812 ], [ 84.4140625, 35.463180541992188 ], [ 84.410865783691406, 35.461376190185547 ], [ 84.407745361328125, 35.459571838378906 ], [ 84.4044189453125, 35.457706451416016 ], [ 84.40203857421875, 35.456478118896484 ], [ 84.399826049804688, 35.454349517822266 ], [ 84.397048950195312, 35.452381134033203 ], [ 84.393424987792969, 35.448764801025391 ], [ 84.391593933105469, 35.447826385498047 ], [ 84.389015197753906, 35.446369171142578 ], [ 84.387054443359375, 35.445037841796875 ], [ 84.383506774902344, 35.443729400634766 ], [ 84.381103515625, 35.443290710449219 ], [ 84.379135131835938, 35.442237854003906 ], [ 84.375389099121094, 35.440422058105469 ], [ 84.371498107910156, 35.439167022705078 ], [ 84.366722106933594, 35.437328338623047 ], [ 84.36474609375, 35.436557769775391 ], [ 84.362220764160156, 35.435554504394531 ], [ 84.358970642089844, 35.433631896972656 ], [ 84.3563232421875, 35.432113647460938 ], [ 84.353805541992188, 35.430938720703125 ], [ 84.351783752441406, 35.429435729980469 ], [ 84.348587036132812, 35.42779541015625 ], [ 84.343009948730469, 35.425155639648438 ], [ 84.340606689453125, 35.422573089599609 ], [ 84.339622497558594, 35.420749664306641 ], [ 84.338363647460938, 35.418807983398438 ], [ 84.334922790527344, 35.416263580322266 ], [ 84.333030700683594, 35.41510009765625 ], [ 84.330703735351562, 35.41448974609375 ], [ 84.327888488769531, 35.414100646972656 ], [ 84.325210571289062, 35.413764953613281 ], [ 84.321846008300781, 35.413421630859375 ], [ 84.319168090820312, 35.4130859375 ], [ 84.315597534179688, 35.412456512451172 ], [ 84.312713623046875, 35.412227630615234 ], [ 84.308784484863281, 35.412097930908203 ], [ 84.30584716796875, 35.411251068115234 ], [ 84.303031921386719, 35.410858154296875 ], [ 84.300857543945312, 35.409915924072266 ], [ 84.295097351074219, 35.409015655517578 ], [ 84.29180908203125, 35.40838623046875 ], [ 84.286964416503906, 35.406715393066406 ], [ 84.284278869628906, 35.406661987304688 ], [ 84.28131103515625, 35.406719207763672 ], [ 84.278495788574219, 35.406494140625 ], [ 84.274673461914062, 35.405178070068359 ], [ 84.272407531738281, 35.404796600341797 ], [ 84.269866943359375, 35.404632568359375 ], [ 84.267730712890625, 35.404647827148438 ], [ 84.262893676757812, 35.404891967773438 ], [ 84.260208129882812, 35.404895782470703 ], [ 84.257453918457031, 35.404953002929688 ], [ 84.255035400390625, 35.405021667480469 ], [ 84.252655029296875, 35.404067993164062 ], [ 84.250473022460938, 35.403182983398438 ], [ 84.247169494628906, 35.400917053222656 ], [ 84.24505615234375, 35.397773742675781 ], [ 84.242233276367188, 35.395294189453125 ], [ 84.239006042480469, 35.39483642578125 ], [ 84.236732482910156, 35.395072937011719 ], [ 84.234275817871094, 35.396320343017578 ], [ 84.231666564941406, 35.396099090576172 ], [ 84.228759765625, 35.394237518310547 ], [ 84.227241516113281, 35.392066955566406 ], [ 84.224494934082031, 35.389530181884766 ], [ 84.222259521484375, 35.388301849365234 ], [ 84.219596862792969, 35.387405395507812 ], [ 84.217536926269531, 35.387138366699219 ], [ 84.214920043945312, 35.3870849609375 ], [ 84.212928771972656, 35.386821746826172 ], [ 84.210685729980469, 35.385871887207031 ], [ 84.206581115722656, 35.385002136230469 ], [ 84.203094482421875, 35.384086608886719 ], [ 84.19976806640625, 35.382442474365234 ], [ 84.19769287109375, 35.380535125732422 ], [ 84.195640563964844, 35.377792358398438 ], [ 84.193977355957031, 35.37567138671875 ], [ 84.19134521484375, 35.373813629150391 ], [ 84.189216613769531, 35.371345520019531 ], [ 84.187103271484375, 35.368373870849609 ], [ 84.185020446777344, 35.366695404052734 ], [ 84.183425903320312, 35.364860534667969 ], [ 84.181411743164062, 35.363071441650391 ], [ 84.178718566894531, 35.360984802246094 ], [ 84.176063537597656, 35.360031127929688 ], [ 84.172462463378906, 35.358604431152344 ], [ 84.168601989746094, 35.358524322509766 ], [ 84.165069580078125, 35.359188079833984 ], [ 84.161285400390625, 35.359222412109375 ], [ 84.159278869628906, 35.359519958496094 ], [ 84.157440185546875, 35.361114501953125 ], [ 84.156600952148438, 35.363693237304688 ], [ 84.154640197753906, 35.367088317871094 ], [ 84.152816772460938, 35.368122100830078 ], [ 84.150360107421875, 35.369651794433594 ], [ 84.147392272949219, 35.371959686279297 ], [ 84.145118713378906, 35.374168395996094 ], [ 84.143135070800781, 35.376045227050781 ], [ 84.14044189453125, 35.37835693359375 ], [ 84.137237548828125, 35.37969970703125 ], [ 84.134849548339844, 35.378803253173828 ], [ 84.132621765136719, 35.377349853515625 ], [ 84.1307373046875, 35.375957489013672 ], [ 84.127861022949219, 35.375560760498047 ], [ 84.124954223632812, 35.375782012939453 ], [ 84.122123718261719, 35.376060485839844 ], [ 84.119789123535156, 35.375843048095703 ], [ 84.116317749023438, 35.374530792236328 ], [ 84.113883972167969, 35.373012542724609 ], [ 84.110786437988281, 35.370750427246094 ], [ 84.108421325683594, 35.369403839111328 ], [ 84.106391906738281, 35.368179321289062 ], [ 84.104042053222656, 35.3662109375 ], [ 84.098358154296875, 35.362934112548828 ], [ 84.095199584960938, 35.362701416015625 ], [ 84.092811584472656, 35.364231109619141 ], [ 84.0914306640625, 35.366455078125 ], [ 84.090805053710938, 35.368808746337891 ], [ 84.089797973632812, 35.372509002685547 ], [ 84.089241027832031, 35.374866485595703 ], [ 84.088577270507812, 35.378345489501953 ], [ 84.087600708007812, 35.380916595458984 ], [ 84.085357666015625, 35.384311676025391 ], [ 84.083839416503906, 35.38653564453125 ], [ 84.081291198730469, 35.388847351074219 ], [ 84.079643249511719, 35.390785217285156 ], [ 84.077545166015625, 35.393955230712891 ], [ 84.076080322265625, 35.396629333496094 ], [ 84.0753173828125, 35.398868560791016 ], [ 84.074012756347656, 35.401092529296875 ], [ 84.072319030761719, 35.402240753173828 ], [ 84.069770812988281, 35.404331207275391 ], [ 84.06622314453125, 35.405498504638672 ], [ 84.063270568847656, 35.407180786132812 ], [ 84.0611572265625, 35.410858154296875 ], [ 84.058502197265625, 35.412094116210938 ], [ 84.056076049804688, 35.412441253662109 ], [ 84.05426025390625, 35.413360595703125 ], [ 84.052154541015625, 35.414554595947266 ], [ 84.049468994140625, 35.416412353515625 ], [ 84.046218872070312, 35.416797637939453 ], [ 84.040199279785156, 35.413394927978516 ], [ 84.037063598632812, 35.412258148193359 ], [ 84.034812927246094, 35.411647796630859 ], [ 84.031608581542969, 35.410507202148438 ], [ 84.028511047363281, 35.410400390625 ], [ 84.02740478515625, 35.412685394287109 ], [ 84.025070190429688, 35.414554595947266 ], [ 84.022079467773438, 35.415336608886719 ], [ 84.018943786621094, 35.414257049560547 ], [ 84.016288757324219, 35.413352966308594 ], [ 84.014167785644531, 35.412803649902344 ], [ 84.011878967285156, 35.41314697265625 ], [ 84.010292053222656, 35.415477752685547 ], [ 84.010086059570312, 35.417503356933594 ], [ 84.0079345703125, 35.420108795166016 ], [ 84.006370544433594, 35.421535491943359 ], [ 84.003639221191406, 35.422996520996094 ], [ 84.0, 35.422222137451172 ], [ 83.997482299804688, 35.420879364013672 ], [ 83.994171142578125, 35.419891357421875 ], [ 83.991264343261719, 35.419189453125 ], [ 83.987747192382812, 35.418430328369141 ], [ 83.984222412109375, 35.417728424072266 ], [ 83.980972290039062, 35.416629791259766 ], [ 83.97515869140625, 35.414150238037109 ], [ 83.97100830078125, 35.412830352783203 ], [ 83.968391418457031, 35.412631988525391 ], [ 83.965293884277344, 35.412769317626953 ], [ 83.962059020996094, 35.412631988525391 ], [ 83.9586181640625, 35.413051605224609 ], [ 83.955947875976562, 35.413978576660156 ], [ 83.952377319335938, 35.414798736572266 ], [ 83.9503173828125, 35.415153503417969 ], [ 83.946189880371094, 35.415245056152344 ], [ 83.946640014648438, 35.412933349609375 ], [ 83.946128845214844, 35.410514831542969 ], [ 83.944046020507812, 35.409461975097656 ], [ 83.940658569335938, 35.408420562744141 ], [ 83.937004089355469, 35.40777587890625 ], [ 83.934799194335938, 35.407402038574219 ], [ 83.932182312011719, 35.407253265380859 ], [ 83.928474426269531, 35.407962799072266 ], [ 83.92669677734375, 35.409103393554688 ], [ 83.924995422363281, 35.410526275634766 ], [ 83.923080444335938, 35.411384582519531 ], [ 83.920738220214844, 35.411460876464844 ], [ 83.918106079101562, 35.410526275634766 ], [ 83.9158935546875, 35.409587860107422 ], [ 83.912918090820312, 35.408145904541016 ], [ 83.910430908203125, 35.407604217529297 ], [ 83.908210754394531, 35.406440734863281 ], [ 83.905784606933594, 35.405052185058594 ], [ 83.902931213378906, 35.402656555175781 ], [ 83.902084350585938, 35.400577545166016 ], [ 83.901153564453125, 35.397655487060547 ], [ 83.899482727050781, 35.396484375 ], [ 83.896705627441406, 35.3946533203125 ], [ 83.894973754882812, 35.393482208251953 ], [ 83.893302917480469, 35.392253875732422 ], [ 83.89141845703125, 35.390186309814453 ], [ 83.890022277832031, 35.388114929199219 ], [ 83.888336181640625, 35.385536193847656 ], [ 83.88720703125, 35.382900238037109 ], [ 83.887298583984375, 35.379745483398438 ], [ 83.885971069335938, 35.378009796142578 ], [ 83.88409423828125, 35.376163482666016 ], [ 83.883308410644531, 35.374088287353516 ], [ 83.884178161621094, 35.371826171875 ], [ 83.884208679199219, 35.368843078613281 ], [ 83.88232421875, 35.367084503173828 ], [ 83.880256652832031, 35.366168975830078 ], [ 83.87811279296875, 35.365341186523438 ], [ 83.87603759765625, 35.364795684814453 ], [ 83.873008728027344, 35.364200592041016 ], [ 83.867294311523438, 35.364471435546875 ], [ 83.865097045898438, 35.36431884765625 ], [ 83.862411499023438, 35.364059448242188 ], [ 83.858757019042969, 35.363861083984375 ], [ 83.85662841796875, 35.364101409912109 ], [ 83.85443115234375, 35.364292144775391 ], [ 83.852363586425781, 35.364192962646484 ], [ 83.847602844238281, 35.3631591796875 ], [ 83.844573974609375, 35.362957000732422 ], [ 83.8416748046875, 35.362022399902344 ], [ 83.838371276855469, 35.361881256103516 ], [ 83.835479736328125, 35.361843109130859 ], [ 83.830726623535156, 35.361598968505859 ], [ 83.828598022460938, 35.361785888671875 ], [ 83.826469421386719, 35.361915588378906 ], [ 83.822410583496094, 35.361831665039062 ], [ 83.820602416992188, 35.3607177734375 ], [ 83.818862915039062, 35.358478546142578 ], [ 83.815887451171875, 35.357318878173828 ], [ 83.81298828125, 35.356380462646484 ], [ 83.809814453125, 35.355392456054688 ], [ 83.80718994140625, 35.354789733886719 ], [ 83.804634094238281, 35.353965759277344 ], [ 83.8013916015625, 35.353313446044922 ], [ 83.799324035644531, 35.352993011474609 ], [ 83.796844482421875, 35.352725982666016 ], [ 83.793556213378906, 35.353538513183594 ], [ 83.791572570800781, 35.354568481445312 ], [ 83.790077209472656, 35.356044769287109 ], [ 83.788238525390625, 35.357688903808594 ], [ 83.786605834960938, 35.359954833984375 ], [ 83.787872314453125, 35.361972808837891 ], [ 83.789405822753906, 35.363712310791016 ], [ 83.789421081542969, 35.365737915039062 ], [ 83.786888122558594, 35.366317749023438 ], [ 83.782005310058594, 35.367088317871094 ], [ 83.779388427734375, 35.366710662841797 ], [ 83.777183532714844, 35.365993499755859 ], [ 83.774833679199219, 35.365165710449219 ], [ 83.770965576171875, 35.363956451416016 ], [ 83.767799377441406, 35.363807678222656 ], [ 83.764976501464844, 35.363716125488281 ], [ 83.760238647460938, 35.364540100097656 ], [ 83.757965087890625, 35.364665985107422 ], [ 83.7550048828125, 35.364517211914062 ], [ 83.749839782714844, 35.363594055175781 ], [ 83.747215270996094, 35.362602233886719 ], [ 83.744453430175781, 35.361831665039062 ], [ 83.742042541503906, 35.361789703369141 ], [ 83.739982604980469, 35.362087249755859 ], [ 83.737251281738281, 35.3641357421875 ], [ 83.734939575195312, 35.367134094238281 ], [ 83.731292724609375, 35.366992950439453 ], [ 83.729156494140625, 35.366161346435547 ], [ 83.725364685058594, 35.365566253662109 ], [ 83.722816467285156, 35.365360260009766 ], [ 83.720207214355469, 35.365768432617188 ], [ 83.717109680175781, 35.366073608398438 ], [ 83.713050842285156, 35.365985870361328 ], [ 83.71112060546875, 35.365436553955078 ], [ 83.708358764648438, 35.364891052246094 ], [ 83.706291198730469, 35.364341735839844 ], [ 83.702301025390625, 35.364646911621094 ], [ 83.700386047363281, 35.365562438964844 ], [ 83.697906494140625, 35.365634918212891 ], [ 83.695564270019531, 35.365367889404297 ], [ 83.692466735839844, 35.365161895751953 ], [ 83.690399169921875, 35.365066528320312 ], [ 83.687026977539062, 35.364578247070312 ], [ 83.683441162109375, 35.364097595214844 ], [ 83.680625915527344, 35.364055633544922 ], [ 83.677520751953125, 35.363399505615234 ], [ 83.674423217773438, 35.363140106201172 ], [ 83.670700073242188, 35.362766265869141 ], [ 83.667312622070312, 35.360874176025391 ], [ 83.666877746582031, 35.3583984375 ], [ 83.66656494140625, 35.355247497558594 ], [ 83.6644287109375, 35.35418701171875 ], [ 83.662490844726562, 35.353355407714844 ], [ 83.659599304199219, 35.353485107421875 ], [ 83.656715393066406, 35.353954315185547 ], [ 83.653213500976562, 35.354255676269531 ], [ 83.6510009765625, 35.353199005126953 ], [ 83.649322509765625, 35.350620269775391 ], [ 83.64813232421875, 35.34820556640625 ], [ 83.647087097167969, 35.346408843994141 ], [ 83.644523620605469, 35.344566345214844 ], [ 83.642585754394531, 35.343620300292969 ], [ 83.639892578125, 35.342678070068359 ], [ 83.637344360351562, 35.342018127441406 ], [ 83.634658813476562, 35.341583251953125 ], [ 83.631690979003906, 35.340923309326172 ], [ 83.628730773925781, 35.340320587158203 ], [ 83.625831604003906, 35.339603424072266 ], [ 83.62335205078125, 35.339225769042969 ], [ 83.620590209960938, 35.338283538818359 ], [ 83.618110656738281, 35.337509155273438 ], [ 83.614173889160156, 35.336067199707031 ], [ 83.611648559570312, 35.337547302246094 ], [ 83.609466552734375, 35.340152740478516 ], [ 83.60894775390625, 35.343757629394531 ], [ 83.609260559082031, 35.347393035888672 ], [ 83.60699462890625, 35.348392486572266 ], [ 83.604446411132812, 35.348575592041016 ], [ 83.600944519042969, 35.348709106445312 ], [ 83.598670959472656, 35.348888397216797 ], [ 83.596473693847656, 35.349296569824219 ], [ 83.593124389648438, 35.351627349853516 ], [ 83.591697692871094, 35.353775024414062 ], [ 83.589141845703125, 35.352100372314453 ], [ 83.585540771484375, 35.350147247314453 ], [ 83.583610534667969, 35.349479675292969 ], [ 83.580787658691406, 35.348987579345703 ], [ 83.577201843261719, 35.348560333251953 ], [ 83.57659912109375, 35.350475311279297 ], [ 83.574417114257812, 35.352516174316406 ], [ 83.571044921875, 35.352310180664062 ], [ 83.567184448242188, 35.351543426513672 ], [ 83.562767028808594, 35.349876403808594 ], [ 83.560768127441406, 35.348930358886719 ], [ 83.556488037109375, 35.347938537597656 ], [ 83.554222106933594, 35.347782135009766 ], [ 83.552085876464844, 35.348018646240234 ], [ 83.548995971679688, 35.348316192626953 ], [ 83.545967102050781, 35.348106384277344 ], [ 83.544097900390625, 35.347160339355469 ], [ 83.542030334472656, 35.346153259277344 ], [ 83.538307189941406, 35.345104217529297 ], [ 83.535835266113281, 35.345455169677734 ], [ 83.53192138671875, 35.346431732177734 ], [ 83.529388427734375, 35.348869323730469 ], [ 83.530242919921875, 35.352413177490234 ], [ 83.531974792480469, 35.353870391845703 ], [ 83.535774230957031, 35.355991363525391 ], [ 83.539230346679688, 35.357944488525391 ], [ 83.540351867675781, 35.360248565673828 ], [ 83.53955078125, 35.36273193359375 ], [ 83.537773132324219, 35.364768981933594 ], [ 83.5345458984375, 35.365348815917969 ], [ 83.531929016113281, 35.365306854248047 ], [ 83.5296630859375, 35.365428924560547 ], [ 83.526710510253906, 35.366176605224609 ], [ 83.525344848632812, 35.367931365966797 ], [ 83.523979187011719, 35.369461059570312 ], [ 83.521446228027344, 35.370994567871094 ], [ 83.519180297851562, 35.371284484863281 ], [ 83.515739440917969, 35.372093200683594 ], [ 83.514930725097656, 35.374294281005859 ], [ 83.514884948730469, 35.376941680908203 ], [ 83.514900207519531, 35.379196166992188 ], [ 83.513465881347656, 35.380668640136719 ], [ 83.510780334472656, 35.380565643310547 ], [ 83.507072448730469, 35.381374359130859 ], [ 83.505218505859375, 35.382339477539062 ], [ 83.501930236816406, 35.384441375732422 ], [ 83.500450134277344, 35.386150360107422 ], [ 83.498420715332031, 35.390079498291016 ], [ 83.497581481933594, 35.391933441162109 ], [ 83.49639892578125, 35.394012451171875 ], [ 83.494102478027344, 35.396812438964844 ], [ 83.492164611816406, 35.397762298583984 ], [ 83.489303588867188, 35.397968292236328 ], [ 83.48699951171875, 35.398181915283203 ], [ 83.484664916992188, 35.398338317871094 ], [ 83.48211669921875, 35.398380279541016 ], [ 83.478950500488281, 35.398250579833984 ], [ 83.474761962890625, 35.397663116455078 ], [ 83.472015380859375, 35.396636962890625 ], [ 83.469413757324219, 35.395435333251953 ], [ 83.467018127441406, 35.393959045410156 ], [ 83.463706970214844, 35.390987396240234 ], [ 83.461006164550781, 35.388969421386719 ], [ 83.457382202148438, 35.385848999023438 ], [ 83.454849243164062, 35.383651733398438 ], [ 83.45159912109375, 35.382083892822266 ], [ 83.449600219726562, 35.381813049316406 ], [ 83.446647644042969, 35.382053375244141 ], [ 83.4434814453125, 35.382404327392578 ], [ 83.441009521484375, 35.382865905761719 ], [ 83.438667297363281, 35.383438110351562 ], [ 83.4364013671875, 35.383956909179688 ], [ 83.433860778808594, 35.384418487548828 ], [ 83.427665710449219, 35.385234832763672 ], [ 83.425056457519531, 35.385471343994141 ], [ 83.42230224609375, 35.385818481445312 ], [ 83.419960021972656, 35.385662078857422 ], [ 83.416244506835938, 35.3856201171875 ], [ 83.413627624511719, 35.385124206542969 ], [ 83.411491394042969, 35.384681701660156 ], [ 83.407630920410156, 35.384246826171875 ], [ 83.405281066894531, 35.383186340332031 ], [ 83.401969909667969, 35.382354736328125 ], [ 83.39984130859375, 35.382194519042969 ], [ 83.397842407226562, 35.382034301757812 ], [ 83.395431518554688, 35.381988525390625 ], [ 83.393508911132812, 35.382839202880859 ], [ 83.391517639160156, 35.383804321289062 ], [ 83.388641357421875, 35.385337829589844 ], [ 83.386581420898438, 35.386302947998047 ], [ 83.383079528808594, 35.387783050537109 ], [ 83.380538940429688, 35.388694763183594 ], [ 83.375534057617188, 35.389850616455078 ], [ 83.372207641601562, 35.389232635498047 ], [ 83.370223999023438, 35.387912750244141 ], [ 83.368408203125, 35.386768341064453 ], [ 83.365165710449219, 35.385089874267578 ], [ 83.362030029296875, 35.383678436279297 ], [ 83.359451293945312, 35.383674621582031 ], [ 83.357139587402344, 35.385074615478516 ], [ 83.358421325683594, 35.387012481689453 ], [ 83.360885620117188, 35.390048980712891 ], [ 83.361251831054688, 35.393165588378906 ], [ 83.358245849609375, 35.392986297607422 ], [ 83.355888366699219, 35.392673492431641 ], [ 83.353523254394531, 35.392406463623047 ], [ 83.351509094238281, 35.392971038818359 ], [ 83.349456787109375, 35.395626068115234 ], [ 83.34747314453125, 35.397102355957031 ], [ 83.345550537109375, 35.397781372070312 ], [ 83.34149169921875, 35.398418426513672 ], [ 83.338943481445312, 35.398483276367188 ], [ 83.335639953613281, 35.398380279541016 ], [ 83.333091735839844, 35.398220062255859 ], [ 83.330123901367188, 35.397838592529297 ], [ 83.327987670898438, 35.397056579589844 ], [ 83.325714111328125, 35.396724700927734 ], [ 83.323440551757812, 35.396678924560547 ], [ 83.319793701171875, 35.396858215332031 ], [ 83.317184448242188, 35.397544860839844 ], [ 83.314224243164062, 35.398624420166016 ], [ 83.311820983886719, 35.399646759033203 ], [ 83.3096923828125, 35.400104522705078 ], [ 83.306594848632812, 35.400058746337891 ], [ 83.304039001464844, 35.399616241455078 ], [ 83.301490783691406, 35.399341583251953 ], [ 83.298805236816406, 35.399013519287109 ], [ 83.295501708984375, 35.398628234863281 ], [ 83.292816162109375, 35.398693084716797 ], [ 83.288894653320312, 35.399044036865234 ], [ 83.285324096679688, 35.401195526123047 ], [ 83.283744812011719, 35.403060913085938 ], [ 83.281143188476562, 35.405433654785156 ], [ 83.279006958007812, 35.406005859375 ], [ 83.275291442871094, 35.406074523925781 ], [ 83.272537231445312, 35.406082153320312 ], [ 83.269233703613281, 35.406261444091797 ], [ 83.265586853027344, 35.406551361083984 ], [ 83.262763977050781, 35.407463073730469 ], [ 83.260566711425781, 35.408088684082031 ], [ 83.256858825683594, 35.410747528076172 ], [ 83.253974914550781, 35.413120269775391 ], [ 83.252609252929688, 35.414646148681641 ], [ 83.251167297363281, 35.416454315185547 ], [ 83.247871398925781, 35.418376922607422 ], [ 83.244369506835938, 35.420078277587891 ], [ 83.241622924804688, 35.422733306884766 ], [ 83.239288330078125, 35.424091339111328 ], [ 83.237152099609375, 35.423252105712891 ], [ 83.23480224609375, 35.421176910400391 ], [ 83.232444763183594, 35.418365478515625 ], [ 83.231132507324219, 35.416172027587891 ], [ 83.228912353515625, 35.412738800048828 ], [ 83.226974487304688, 35.411167144775391 ], [ 83.225181579589844, 35.409820556640625 ], [ 83.223457336425781, 35.408641815185547 ], [ 83.221244812011719, 35.407745361328125 ], [ 83.218421936035156, 35.406623840332031 ], [ 83.214073181152344, 35.405227661132812 ], [ 83.211105346679688, 35.402927398681641 ], [ 83.209793090820312, 35.401405334472656 ], [ 83.208404541015625, 35.399890899658203 ], [ 83.206268310546875, 35.398204803466797 ], [ 83.202880859375, 35.395679473876953 ], [ 83.200950622558594, 35.394950866699219 ], [ 83.198677062988281, 35.394447326660156 ], [ 83.195854187011719, 35.394004821777344 ], [ 83.192131042480469, 35.393169403076172 ], [ 83.189239501953125, 35.392890930175781 ], [ 83.18682861328125, 35.392673492431641 ], [ 83.184761047363281, 35.392284393310547 ], [ 83.18255615234375, 35.391498565673828 ], [ 83.178901672363281, 35.389873504638672 ], [ 83.1761474609375, 35.388751983642578 ], [ 83.173393249511719, 35.389434814453125 ], [ 83.170982360839844, 35.390399932861328 ], [ 83.169059753417969, 35.391189575195312 ], [ 83.16583251953125, 35.392719268798828 ], [ 83.163902282714844, 35.393680572509766 ], [ 83.161018371582031, 35.394363403320312 ], [ 83.15826416015625, 35.394874572753906 ], [ 83.155853271484375, 35.395500183105469 ], [ 83.153106689453125, 35.396011352539062 ], [ 83.148353576660156, 35.396640777587891 ], [ 83.142707824707031, 35.396820068359375 ], [ 83.139060974121094, 35.396831512451172 ], [ 83.135894775390625, 35.397003173828125 ], [ 83.132247924804688, 35.397743225097656 ], [ 83.127426147460938, 35.3983154296875 ], [ 83.12432861328125, 35.398548126220703 ], [ 83.12158203125, 35.399112701416016 ], [ 83.11834716796875, 35.399795532226562 ], [ 83.116073608398438, 35.400253295898438 ], [ 83.113189697265625, 35.402004241943359 ], [ 83.11077880859375, 35.403751373291016 ], [ 83.108718872070312, 35.404544830322266 ], [ 83.104660034179688, 35.405849456787109 ], [ 83.103355407714844, 35.407878875732422 ], [ 83.103363037109375, 35.411708831787109 ], [ 83.101997375488281, 35.414642333984375 ], [ 83.100074768066406, 35.417179107666016 ], [ 83.09808349609375, 35.419834136962891 ], [ 83.09698486328125, 35.421638488769531 ], [ 83.09478759765625, 35.423274993896484 ], [ 83.091552734375, 35.424182891845703 ], [ 83.089004516601562, 35.4248046875 ], [ 83.086387634277344, 35.425540924072266 ], [ 83.084190368652344, 35.426448822021484 ], [ 83.081985473632812, 35.427406311035156 ], [ 83.078750610351562, 35.429214477539062 ], [ 83.07696533203125, 35.430683135986328 ], [ 83.07635498046875, 35.433612823486328 ], [ 83.076835632324219, 35.435867309570312 ], [ 83.078155517578125, 35.439357757568359 ], [ 83.078849792480469, 35.441501617431641 ], [ 83.078376770019531, 35.444599151611328 ], [ 83.077003479003906, 35.447757720947266 ], [ 83.074462890625, 35.450294494628906 ], [ 83.072052001953125, 35.452156066894531 ], [ 83.069923400878906, 35.454357147216797 ], [ 83.068275451660156, 35.45599365234375 ], [ 83.066764831542969, 35.457798004150391 ], [ 83.064765930175781, 35.459945678710938 ], [ 83.060646057128906, 35.464176177978516 ], [ 83.058647155761719, 35.466487884521484 ], [ 83.055419921875, 35.469985961914062 ], [ 83.052322387695312, 35.471904754638672 ], [ 83.050323486328125, 35.472637176513672 ], [ 83.04791259765625, 35.473373413085938 ], [ 83.045089721679688, 35.474391937255859 ], [ 83.040748596191406, 35.475242614746094 ], [ 83.035652160644531, 35.476375579833984 ], [ 83.031379699707031, 35.476604461669922 ], [ 83.028480529785156, 35.476493835449219 ], [ 83.025588989257812, 35.477005004882812 ], [ 83.022903442382812, 35.477626800537109 ], [ 83.020698547363281, 35.478080749511719 ], [ 83.017593383789062, 35.478477478027344 ], [ 83.015457153320312, 35.478366851806641 ], [ 83.012977600097656, 35.477634429931641 ], [ 83.009735107421875, 35.477077484130859 ], [ 83.007736206054688, 35.477249145507812 ], [ 83.004432678222656, 35.478488922119141 ], [ 83.001327514648438, 35.480068206787109 ], [ 82.998435974121094, 35.481086730957031 ], [ 82.996299743652344, 35.481651306152344 ], [ 82.994026184082031, 35.483737945556641 ], [ 82.993553161621094, 35.486328125 ], [ 82.994659423828125, 35.489429473876953 ], [ 82.995834350585938, 35.491794586181641 ], [ 82.99652099609375, 35.493709564208984 ], [ 82.997421264648438, 35.495567321777344 ], [ 82.997566223144531, 35.498554229736328 ], [ 82.995841979980469, 35.500076293945312 ], [ 82.993568420410156, 35.501319885253906 ], [ 82.990402221679688, 35.502559661865234 ], [ 82.987991333007812, 35.503128051757812 ], [ 82.985847473144531, 35.503463745117188 ], [ 82.982475280761719, 35.505947113037109 ], [ 82.984268188476562, 35.507972717285156 ], [ 82.986549377441406, 35.509212493896484 ], [ 82.986900329589844, 35.512310028076172 ], [ 82.985107421875, 35.515129089355469 ], [ 82.9840087890625, 35.518852233886719 ], [ 82.984291076660156, 35.521442413330078 ], [ 82.98394775390625, 35.524936676025391 ], [ 82.982223510742188, 35.526741027832031 ], [ 82.980781555175781, 35.52978515625 ], [ 82.978988647460938, 35.532039642333984 ], [ 82.977264404296875, 35.533054351806641 ], [ 82.975128173828125, 35.534633636474609 ], [ 82.972511291503906, 35.536548614501953 ], [ 82.970375061035156, 35.537734985351562 ], [ 82.967964172363281, 35.539878845214844 ], [ 82.969207763671875, 35.541904449462891 ], [ 82.971000671386719, 35.543537139892578 ], [ 82.974525451660156, 35.546184539794922 ], [ 82.976318359375, 35.547252655029297 ], [ 82.979286193847656, 35.549057006835938 ], [ 82.981010437011719, 35.550464630126953 ], [ 82.982330322265625, 35.552433013916016 ], [ 82.982879638671875, 35.555816650390625 ], [ 82.980743408203125, 35.55841064453125 ], [ 82.979164123535156, 35.560211181640625 ], [ 82.977783203125, 35.563087463378906 ], [ 82.9798583984375, 35.56500244140625 ], [ 82.981101989746094, 35.567874908447266 ], [ 82.979240417480469, 35.569793701171875 ], [ 82.978759765625, 35.571819305419922 ], [ 82.98028564453125, 35.573848724365234 ], [ 82.982566833496094, 35.576438903808594 ], [ 82.982772827148438, 35.578468322753906 ], [ 82.983604431152344, 35.580890655517578 ], [ 82.984367370605469, 35.583705902099609 ], [ 82.983474731445312, 35.585624694824219 ], [ 82.980575561523438, 35.588050842285156 ], [ 82.978164672851562, 35.590808868408203 ], [ 82.978096008300781, 35.593570709228516 ], [ 82.978515625, 35.5972900390625 ], [ 82.980247497558594, 35.598979949951172 ], [ 82.980728149414062, 35.601291656494141 ], [ 82.980392456054688, 35.603431701660156 ], [ 82.980049133300781, 35.606193542480469 ], [ 82.979293823242188, 35.608955383300781 ], [ 82.976806640625, 35.610420227050781 ], [ 82.974258422851562, 35.612392425537109 ], [ 82.973014831542969, 35.614875793457031 ], [ 82.971916198730469, 35.617523193359375 ], [ 82.969703674316406, 35.619724273681641 ], [ 82.966255187988281, 35.621078491210938 ], [ 82.963844299316406, 35.621585845947266 ], [ 82.961769104003906, 35.622093200683594 ], [ 82.959007263183594, 35.623783111572266 ], [ 82.957489013671875, 35.625476837158203 ], [ 82.956871032714844, 35.627674102783203 ], [ 82.955772399902344, 35.6326904296875 ], [ 82.95660400390625, 35.636070251464844 ], [ 82.957229614257812, 35.637985229492188 ], [ 82.957923889160156, 35.640071868896484 ], [ 82.95867919921875, 35.642269134521484 ], [ 82.959579467773438, 35.644744873046875 ], [ 82.958206176757812, 35.646888732910156 ], [ 82.95703125, 35.650100708007812 ], [ 82.956893920898438, 35.652183532714844 ], [ 82.9580078125, 35.654945373535156 ], [ 82.9595947265625, 35.656520843505859 ], [ 82.961669921875, 35.657085418701172 ], [ 82.965057373046875, 35.658660888671875 ], [ 82.967063903808594, 35.661930084228516 ], [ 82.966514587402344, 35.664405822753906 ], [ 82.964645385742188, 35.667282104492188 ], [ 82.964790344238281, 35.6693115234375 ], [ 82.964035034179688, 35.671791076660156 ], [ 82.960372924804688, 35.671905517578125 ], [ 82.957191467285156, 35.672359466552734 ], [ 82.955329895019531, 35.673484802246094 ], [ 82.953117370605469, 35.674896240234375 ], [ 82.951255798339844, 35.677318572998047 ], [ 82.948074340820312, 35.678337097167969 ], [ 82.946075439453125, 35.678447723388672 ], [ 82.943931579589844, 35.678619384765625 ], [ 82.941856384277344, 35.678394317626953 ], [ 82.939094543457031, 35.678340911865234 ], [ 82.931358337402344, 35.678230285644531 ], [ 82.928382873535156, 35.678455352783203 ], [ 82.925483703613281, 35.678340911865234 ], [ 82.92279052734375, 35.67828369140625 ], [ 82.918296813964844, 35.677837371826172 ], [ 82.915390014648438, 35.676994323730469 ], [ 82.912696838378906, 35.675807952880859 ], [ 82.910072326660156, 35.674457550048828 ], [ 82.90765380859375, 35.673725128173828 ], [ 82.905303955078125, 35.673103332519531 ], [ 82.902679443359375, 35.672935485839844 ], [ 82.900260925292969, 35.672710418701172 ], [ 82.89874267578125, 35.674060821533203 ], [ 82.896392822265625, 35.6754150390625 ], [ 82.893836975097656, 35.677051544189453 ], [ 82.891761779785156, 35.676712036132812 ], [ 82.887962341308594, 35.676315307617188 ], [ 82.884986877441406, 35.677894592285156 ], [ 82.884300231933594, 35.679920196533203 ], [ 82.885406494140625, 35.682796478271484 ], [ 82.888099670410156, 35.684772491455078 ], [ 82.890586853027344, 35.686233520507812 ], [ 82.888931274414062, 35.688037872314453 ], [ 82.885337829589844, 35.689277648925781 ], [ 82.882987976074219, 35.690010070800781 ], [ 82.880638122558594, 35.6900634765625 ], [ 82.877044677734375, 35.689727783203125 ], [ 82.871650695800781, 35.689441680908203 ], [ 82.868476867675781, 35.689388275146484 ], [ 82.865913391113281, 35.689666748046875 ], [ 82.863288879394531, 35.690116882324219 ], [ 82.860107421875, 35.689498901367188 ], [ 82.852645874023438, 35.687129974365234 ], [ 82.849884033203125, 35.685436248779297 ], [ 82.846702575683594, 35.683799743652344 ], [ 82.843803405761719, 35.682334899902344 ], [ 82.841453552246094, 35.680923461914062 ], [ 82.839729309082031, 35.679630279541016 ], [ 82.837654113769531, 35.678386688232422 ], [ 82.834686279296875, 35.677257537841797 ], [ 82.831779479980469, 35.677932739257812 ], [ 82.828254699707031, 35.679397583007812 ], [ 82.825767517089844, 35.680072784423828 ], [ 82.823760986328125, 35.680690765380859 ], [ 82.821205139160156, 35.681083679199219 ], [ 82.818580627441406, 35.681419372558594 ], [ 82.815193176269531, 35.681980133056641 ], [ 82.812637329101562, 35.682540893554688 ], [ 82.809867858886719, 35.683048248291016 ], [ 82.806549072265625, 35.68450927734375 ], [ 82.804344177246094, 35.685409545898438 ], [ 82.801162719726562, 35.686985015869141 ], [ 82.798530578613281, 35.687995910644531 ], [ 82.794731140136719, 35.689121246337891 ], [ 82.791763305664062, 35.688217163085938 ], [ 82.789070129394531, 35.686466217041016 ], [ 82.787132263183594, 35.685394287109375 ], [ 82.785194396972656, 35.684715270996094 ], [ 82.784065246582031, 35.682903289794922 ], [ 82.783546447753906, 35.680377960205078 ], [ 82.783065795898438, 35.677558898925781 ], [ 82.781753540039062, 35.674854278564453 ], [ 82.780372619628906, 35.673049926757812 ], [ 82.779273986816406, 35.671298980712891 ], [ 82.777267456054688, 35.667919158935547 ], [ 82.778312683105469, 35.666000366210938 ], [ 82.778450012207031, 35.663127899169922 ], [ 82.777069091796875, 35.661548614501953 ], [ 82.775138854980469, 35.660419464111328 ], [ 82.773826599121094, 35.658897399902344 ], [ 82.770721435546875, 35.658107757568359 ], [ 82.768096923828125, 35.658382415771484 ], [ 82.7657470703125, 35.658382415771484 ], [ 82.763603210449219, 35.658096313476562 ], [ 82.76104736328125, 35.657081604003906 ], [ 82.758842468261719, 35.655666351318359 ], [ 82.756355285644531, 35.653861999511719 ], [ 82.752418518066406, 35.652561187744141 ], [ 82.750694274902344, 35.6514892578125 ], [ 82.748832702636719, 35.650470733642578 ], [ 82.745864868164062, 35.648384094238281 ], [ 82.743377685546875, 35.646690368652344 ], [ 82.739791870117188, 35.644203186035156 ], [ 82.737518310546875, 35.642173767089844 ], [ 82.737174987792969, 35.639751434326172 ], [ 82.736625671386719, 35.637664794921875 ], [ 82.733306884765625, 35.637771606445312 ], [ 82.731307983398438, 35.638107299804688 ], [ 82.729095458984375, 35.638553619384766 ], [ 82.726814270019531, 35.638832092285156 ], [ 82.724815368652344, 35.638999938964844 ], [ 82.721908569335938, 35.639614105224609 ], [ 82.719627380371094, 35.640457153320312 ], [ 82.717689514160156, 35.642765045166016 ], [ 82.716445922851562, 35.645240783691406 ], [ 82.715126037597656, 35.648342132568359 ], [ 82.713531494140625, 35.650310516357422 ], [ 82.710556030273438, 35.651374816894531 ], [ 82.707313537597656, 35.651992797851562 ], [ 82.705375671386719, 35.652946472167969 ], [ 82.703437805175781, 35.654296875 ], [ 82.70184326171875, 35.656154632568359 ], [ 82.699905395507812, 35.657672882080078 ], [ 82.697967529296875, 35.659526824951172 ], [ 82.696372985839844, 35.661327362060547 ], [ 82.695404052734375, 35.663127899169922 ], [ 82.693046569824219, 35.664928436279297 ], [ 82.689804077148438, 35.665206909179688 ], [ 82.687385559082031, 35.665538787841797 ], [ 82.685096740722656, 35.666660308837891 ], [ 82.683158874511719, 35.667842864990234 ], [ 82.6795654296875, 35.669357299804688 ], [ 82.675003051757812, 35.669517517089844 ], [ 82.672935485839844, 35.66900634765625 ], [ 82.670379638671875, 35.668045043945312 ], [ 82.668373107910156, 35.667251586914062 ], [ 82.666236877441406, 35.667301177978516 ], [ 82.662918090820312, 35.667690277099609 ], [ 82.66021728515625, 35.668361663818359 ], [ 82.658073425292969, 35.668922424316406 ], [ 82.654205322265625, 35.670097351074219 ], [ 82.651710510253906, 35.672683715820312 ], [ 82.65142822265625, 35.675277709960938 ], [ 82.651626586914062, 35.677589416503906 ], [ 82.649955749511719, 35.680343627929688 ], [ 82.648780822753906, 35.682201385498047 ], [ 82.646903991699219, 35.684562683105469 ], [ 82.643997192382812, 35.686080932617188 ], [ 82.641166687011719, 35.686077117919922 ], [ 82.638130187988281, 35.685108184814453 ], [ 82.633773803710938, 35.684539794921875 ], [ 82.631355285644531, 35.684700012207031 ], [ 82.628730773925781, 35.685428619384766 ], [ 82.6260986328125, 35.687393188476562 ], [ 82.624221801757812, 35.689643859863281 ], [ 82.619926452636719, 35.693408966064453 ], [ 82.617919921875, 35.694362640380859 ], [ 82.615493774414062, 35.695144653320312 ], [ 82.613212585449219, 35.696044921875 ], [ 82.609062194824219, 35.696540832519531 ], [ 82.605606079101562, 35.696758270263672 ], [ 82.603530883789062, 35.69647216796875 ], [ 82.598625183105469, 35.695728302001953 ], [ 82.594207763671875, 35.695205688476562 ], [ 82.591789245605469, 35.694976806640625 ], [ 82.5882568359375, 35.695419311523438 ], [ 82.5841064453125, 35.696647644042969 ], [ 82.581825256347656, 35.697769165039062 ], [ 82.579124450683594, 35.698551177978516 ], [ 82.575942993164062, 35.698768615722656 ], [ 82.573593139648438, 35.699043273925781 ], [ 82.571517944335938, 35.69976806640625 ], [ 82.569435119628906, 35.700668334960938 ], [ 82.567497253417969, 35.701900482177734 ], [ 82.56500244140625, 35.703868865966797 ], [ 82.56243896484375, 35.705436706542969 ], [ 82.559318542480469, 35.706558227539062 ], [ 82.556419372558594, 35.706039428710938 ], [ 82.552757263183594, 35.705802917480469 ], [ 82.548675537109375, 35.706920623779297 ], [ 82.545280456542969, 35.708488464355469 ], [ 82.542373657226562, 35.709152221679688 ], [ 82.539825439453125, 35.707454681396484 ], [ 82.536933898925781, 35.704402923583984 ], [ 82.535072326660156, 35.702934265136719 ], [ 82.533348083496094, 35.701465606689453 ], [ 82.531974792480469, 35.699203491210938 ], [ 82.5294189453125, 35.698577880859375 ], [ 82.526100158691406, 35.699188232421875 ], [ 82.523262023925781, 35.699573516845703 ], [ 82.520919799804688, 35.698947906494141 ], [ 82.518569946289062, 35.698711395263672 ], [ 82.513595581054688, 35.698078155517578 ], [ 82.509376525878906, 35.698402404785156 ], [ 82.5064697265625, 35.699520111083984 ], [ 82.504379272460938, 35.701881408691406 ], [ 82.502510070800781, 35.703227996826172 ], [ 82.5, 35.704051971435547 ], [ 82.498497009277344, 35.705821990966797 ], [ 82.495086669921875, 35.707637786865234 ], [ 82.492721557617188, 35.708587646484375 ], [ 82.489997863769531, 35.709362030029297 ], [ 82.487342834472656, 35.710086822509766 ], [ 82.484893798828125, 35.710395812988281 ], [ 82.482101440429688, 35.711349487304688 ], [ 82.480087280273438, 35.712348937988281 ], [ 82.477851867675781, 35.713062286376953 ], [ 82.475471496582031, 35.713550567626953 ], [ 82.473167419433594, 35.713973999023438 ], [ 82.470359802246094, 35.714179992675781 ], [ 82.467559814453125, 35.714611053466797 ], [ 82.4639892578125, 35.715232849121094 ], [ 82.461746215820312, 35.715312957763672 ], [ 82.459007263183594, 35.715122222900391 ], [ 82.456260681152344, 35.714801788330078 ], [ 82.454109191894531, 35.714385986328125 ], [ 82.450828552246094, 35.714042663574219 ], [ 82.448387145996094, 35.71380615234375 ], [ 82.445938110351562, 35.714523315429688 ], [ 82.443000793457031, 35.714962005615234 ], [ 82.440895080566406, 35.715213775634766 ], [ 82.438919067382812, 35.714374542236328 ], [ 82.437004089355469, 35.712486267089844 ], [ 82.434638977050781, 35.710987091064453 ], [ 82.431602478027344, 35.711025238037109 ], [ 82.428329467773438, 35.711254119873047 ], [ 82.423187255859375, 35.711315155029297 ], [ 82.420967102050781, 35.711494445800781 ], [ 82.418930053710938, 35.711345672607422 ], [ 82.413322448730469, 35.708755493164062 ], [ 82.411186218261719, 35.707252502441406 ], [ 82.409507751464844, 35.705364227294922 ], [ 82.408309936523438, 35.703659057617188 ], [ 82.406852722167969, 35.701194763183594 ], [ 82.405632019042969, 35.698535919189453 ], [ 82.403587341308594, 35.696514129638672 ], [ 82.402923583984375, 35.694511413574219 ], [ 82.401962280273438, 35.692062377929688 ], [ 82.401481628417969, 35.689800262451172 ], [ 82.400680541992188, 35.686752319335938 ], [ 82.401130676269531, 35.683883666992188 ], [ 82.401969909667969, 35.679100036621094 ], [ 82.401779174804688, 35.67694091796875 ], [ 82.401840209960938, 35.672527313232422 ], [ 82.402061462402344, 35.668853759765625 ], [ 82.402328491210938, 35.666141510009766 ], [ 82.40167236328125, 35.663665771484375 ], [ 82.400421142578125, 35.661834716796875 ], [ 82.398208618164062, 35.659515380859375 ], [ 82.394935607910156, 35.656787872314453 ], [ 82.392311096191406, 35.655681610107422 ], [ 82.39013671875, 35.655208587646484 ], [ 82.388046264648438, 35.655021667480469 ], [ 82.383689880371094, 35.654289245605469 ], [ 82.3770751953125, 35.653160095214844 ], [ 82.374282836914062, 35.652553558349609 ], [ 82.370712280273438, 35.652027130126953 ], [ 82.368194580078125, 35.651912689208984 ], [ 82.365150451660156, 35.651660919189453 ], [ 82.362892150878906, 35.651615142822266 ], [ 82.3604736328125, 35.65185546875 ], [ 82.35797119140625, 35.652877807617188 ], [ 82.35565185546875, 35.653896331787109 ], [ 82.353057861328125, 35.654495239257812 ], [ 82.350807189941406, 35.654941558837891 ], [ 82.348037719726562, 35.655330657958984 ], [ 82.34466552734375, 35.655685424804688 ], [ 82.341453552246094, 35.656181335449219 ], [ 82.339279174804688, 35.656143188476562 ], [ 82.336677551269531, 35.655830383300781 ], [ 82.334426879882812, 35.655509948730469 ], [ 82.333206176757812, 35.6536865234375 ], [ 82.334701538085938, 35.651039123535156 ], [ 82.335220336914062, 35.648338317871094 ], [ 82.334625244140625, 35.646224975585938 ], [ 82.333747863769531, 35.643947601318359 ], [ 82.333763122558594, 35.64068603515625 ], [ 82.334281921386719, 35.637985229492188 ], [ 82.334800720214844, 35.635402679443359 ], [ 82.335891723632812, 35.633209228515625 ], [ 82.336837768554688, 35.631080627441406 ], [ 82.338134765625, 35.629173278808594 ], [ 82.339302062988281, 35.627384185791016 ], [ 82.341506958007812, 35.624794006347656 ], [ 82.343650817871094, 35.622993469238281 ], [ 82.345237731933594, 35.621711730957031 ], [ 82.347038269042969, 35.620376586914062 ], [ 82.349037170410156, 35.617885589599609 ], [ 82.350051879882812, 35.615821838378906 ], [ 82.350082397460938, 35.613468170166016 ], [ 82.348152160644531, 35.611030578613281 ], [ 82.346504211425781, 35.608695983886719 ], [ 82.344650268554688, 35.607284545898438 ], [ 82.342597961425781, 35.605926513671875 ], [ 82.340538024902344, 35.604290008544922 ], [ 82.338897705078125, 35.6024169921875 ], [ 82.3380126953125, 35.599678039550781 ], [ 82.336860656738281, 35.598033905029297 ], [ 82.335426330566406, 35.595920562744141 ], [ 82.333084106445312, 35.593883514404297 ], [ 82.33123779296875, 35.592643737792969 ], [ 82.329315185546875, 35.590663909912109 ], [ 82.328582763671875, 35.588779449462891 ], [ 82.327850341796875, 35.586616516113281 ], [ 82.327529907226562, 35.584266662597656 ], [ 82.327606201171875, 35.58013916015625 ], [ 82.328758239746094, 35.577892303466797 ], [ 82.330482482910156, 35.575923919677734 ], [ 82.333610534667969, 35.57440185546875 ], [ 82.336265563964844, 35.573978424072266 ], [ 82.338348388671875, 35.57269287109375 ], [ 82.336837768554688, 35.570304870605469 ], [ 82.334724426269531, 35.569469451904297 ], [ 82.331596374511719, 35.566917419433594 ], [ 82.326194763183594, 35.562057495117188 ], [ 82.324272155761719, 35.559898376464844 ], [ 82.323051452636719, 35.558082580566406 ], [ 82.321258544921875, 35.555580139160156 ], [ 82.31982421875, 35.553646087646484 ], [ 82.318611145019531, 35.552055358886719 ], [ 82.316825866699219, 35.550182342529297 ], [ 82.315116882324219, 35.548255920410156 ], [ 82.3134765625, 35.546318054199219 ], [ 82.312118530273438, 35.544845581054688 ], [ 82.309928894042969, 35.543491363525391 ], [ 82.307952880859375, 35.542774200439453 ], [ 82.306053161621094, 35.541927337646484 ], [ 82.303520202636719, 35.541614532470703 ], [ 82.301437377929688, 35.542320251464844 ], [ 82.299209594726562, 35.543201446533203 ], [ 82.297828674316406, 35.544937133789062 ], [ 82.295112609863281, 35.545993804931641 ], [ 82.292594909667969, 35.546085357666016 ], [ 82.290184020996094, 35.544269561767578 ], [ 82.28826904296875, 35.542633056640625 ], [ 82.285736083984375, 35.541740417480469 ], [ 82.282859802246094, 35.541484832763672 ], [ 82.279922485351562, 35.542030334472656 ], [ 82.278053283691406, 35.543426513671875 ], [ 82.275352478027344, 35.545627593994141 ], [ 82.273567199707031, 35.547882080078125 ], [ 82.272193908691406, 35.549671173095703 ], [ 82.270957946777344, 35.551342010498047 ], [ 82.268455505371094, 35.552566528320312 ], [ 82.266281127929688, 35.552249908447266 ], [ 82.264442443847656, 35.551124572753906 ], [ 82.261833190917969, 35.549888610839844 ], [ 82.259353637695312, 35.548023223876953 ], [ 82.257781982421875, 35.546035766601562 ], [ 82.25732421875, 35.543914794921875 ], [ 82.256797790527344, 35.541290283203125 ], [ 82.257881164550781, 35.538818359375 ], [ 82.25848388671875, 35.536746978759766 ], [ 82.257537841796875, 35.534523010253906 ], [ 82.255836486816406, 35.533393859863281 ], [ 82.253501892089844, 35.531528472900391 ], [ 82.250312805175781, 35.529441833496094 ], [ 82.247772216796875, 35.527866363525391 ], [ 82.244232177734375, 35.525550842285156 ], [ 82.241195678710938, 35.523914337158203 ], [ 82.238319396972656, 35.523139953613281 ], [ 82.235443115234375, 35.522998809814453 ], [ 82.232566833496094, 35.522739410400391 ], [ 82.229843139648438, 35.523345947265625 ], [ 82.227340698242188, 35.524227142333984 ], [ 82.225013732910156, 35.523277282714844 ], [ 82.223045349121094, 35.522838592529297 ], [ 82.220863342285156, 35.522056579589844 ], [ 82.218055725097656, 35.521625518798828 ], [ 82.214134216308594, 35.521430969238281 ], [ 82.2119140625, 35.522830963134766 ], [ 82.210113525390625, 35.524337768554688 ], [ 82.206893920898438, 35.524425506591797 ], [ 82.204277038574219, 35.523017883300781 ], [ 82.202651977539062, 35.521770477294922 ], [ 82.200248718261719, 35.520137786865234 ], [ 82.197502136230469, 35.519180297851562 ], [ 82.194908142089844, 35.519207000732422 ], [ 82.191253662109375, 35.517929077148438 ], [ 82.189552307128906, 35.516853332519531 ], [ 82.187515258789062, 35.516017913818359 ], [ 82.185600280761719, 35.514602661132812 ], [ 82.184318542480469, 35.512668609619141 ], [ 82.183433532714844, 35.510101318359375 ], [ 82.18389892578125, 35.507968902587891 ], [ 82.183502197265625, 35.504711151123047 ], [ 82.182197570800781, 35.501632690429688 ], [ 82.180610656738281, 35.498268127441406 ], [ 82.1812744140625, 35.49591064453125 ], [ 82.182647705078125, 35.493949890136719 ], [ 82.183029174804688, 35.491313934326172 ], [ 82.180770874023438, 35.489902496337891 ], [ 82.178306579589844, 35.488838195800781 ], [ 82.174652099609375, 35.487667083740234 ], [ 82.172470092773438, 35.487228393554688 ], [ 82.169258117675781, 35.487602233886719 ], [ 82.166725158691406, 35.491409301757812 ], [ 82.165420532226562, 35.493541717529297 ], [ 82.164192199707031, 35.495609283447266 ], [ 82.162681579589844, 35.497577667236328 ], [ 82.1605224609375, 35.498798370361328 ], [ 82.158294677734375, 35.499385833740234 ], [ 82.155281066894531, 35.499530792236328 ], [ 82.152824401855469, 35.499042510986328 ], [ 82.150642395019531, 35.498027801513672 ], [ 82.14935302734375, 35.496036529541016 ], [ 82.147361755371094, 35.493480682373047 ], [ 82.146621704101562, 35.490901947021484 ], [ 82.144821166992188, 35.487632751464844 ], [ 82.142692565917969, 35.485446929931641 ], [ 82.141021728515625, 35.484233856201172 ], [ 82.139205932617188, 35.483268737792969 ], [ 82.136489868164062, 35.481945037841797 ], [ 82.134223937988281, 35.480739593505859 ], [ 82.131065368652344, 35.480152130126953 ], [ 82.127754211425781, 35.479324340820312 ], [ 82.124755859375, 35.479228973388672 ], [ 82.120246887207031, 35.478412628173828 ], [ 82.116477966308594, 35.476852416992188 ], [ 82.114662170410156, 35.475883483886719 ], [ 82.112556457519531, 35.475166320800781 ], [ 82.108940124511719, 35.473850250244141 ], [ 82.105628967285156, 35.47314453125 ], [ 82.1021728515625, 35.472438812255859 ], [ 82.098411560058594, 35.471244812011719 ], [ 82.096000671386719, 35.470653533935547 ], [ 82.091804504394531, 35.470325469970703 ], [ 82.089111328125, 35.470470428466797 ], [ 82.085952758789062, 35.469882965087891 ], [ 82.083839416503906, 35.469688415527344 ], [ 82.079887390136719, 35.467147827148438 ], [ 82.076850891113281, 35.465343475341797 ], [ 82.074867248535156, 35.463523864746094 ], [ 82.073715209960938, 35.460494995117188 ], [ 82.073684692382812, 35.458324432373047 ], [ 82.073921203613281, 35.454940795898438 ], [ 82.073257446289062, 35.452308654785156 ], [ 82.070579528808594, 35.451015472412109 ], [ 82.066871643066406, 35.450641632080078 ], [ 82.064002990722656, 35.450901031494141 ], [ 82.061851501464844, 35.451950073242188 ], [ 82.059967041015625, 35.452766418457031 ], [ 82.056617736816406, 35.453536987304688 ], [ 82.054580688476562, 35.452987670898438 ], [ 82.0521240234375, 35.452140808105469 ], [ 82.048683166503906, 35.451370239257812 ], [ 82.045257568359375, 35.451057434082031 ], [ 82.043144226074219, 35.450275421142578 ], [ 82.040512084960938, 35.446914672851562 ], [ 82.040267944335938, 35.444053649902344 ], [ 82.040641784667969, 35.440208435058594 ], [ 82.042228698730469, 35.438194274902344 ], [ 82.044792175292969, 35.436622619628906 ], [ 82.047767639160156, 35.433506011962891 ], [ 82.050163269042969, 35.429592132568359 ], [ 82.051368713378906, 35.425453186035156 ], [ 82.050010681152344, 35.422889709472656 ], [ 82.049209594726562, 35.420543670654297 ], [ 82.047561645507812, 35.417007446289062 ], [ 82.046470642089844, 35.414211273193359 ], [ 82.045112609863281, 35.411819458007812 ], [ 82.043098449707031, 35.407302856445312 ], [ 82.043540954589844, 35.403179168701172 ], [ 82.043991088867188, 35.400310516357422 ], [ 82.043670654296875, 35.396987915039062 ], [ 82.043426513671875, 35.394130706787109 ], [ 82.043327331542969, 35.391727447509766 ], [ 82.042327880859375, 35.389842987060547 ], [ 82.041595458984375, 35.387550354003906 ], [ 82.041709899902344, 35.385322570800781 ], [ 82.04217529296875, 35.383255004882812 ], [ 82.043197631835938, 35.381011962890625 ], [ 82.044845581054688, 35.378997802734375 ], [ 82.047264099121094, 35.376567840576172 ], [ 82.047935485839844, 35.374553680419922 ], [ 82.046699523925781, 35.370895385742188 ], [ 82.046318054199219, 35.368213653564453 ], [ 82.047325134277344, 35.364536285400391 ], [ 82.047569274902344, 35.361957550048828 ], [ 82.045516967773438, 35.359676361083984 ], [ 82.042976379394531, 35.357635498046875 ], [ 82.039604187011719, 35.356060028076172 ], [ 82.03643798828125, 35.354545593261719 ], [ 82.034255981445312, 35.353408813476562 ], [ 82.030174255371094, 35.350868225097656 ], [ 82.028274536132812, 35.349857330322266 ], [ 82.026084899902344, 35.348209381103516 ], [ 82.023544311523438, 35.34588623046875 ], [ 82.022262573242188, 35.344058990478516 ], [ 82.021461486816406, 35.341316223144531 ], [ 82.02142333984375, 35.338161468505859 ], [ 82.022300720214844, 35.335983276367188 ], [ 82.022560119628906, 35.33380126953125 ], [ 82.021492004394531, 35.331977844238281 ], [ 82.019172668457031, 35.330963134765625 ], [ 82.015174865722656, 35.329681396484375 ], [ 82.012649536132812, 35.329017639160156 ], [ 82.009979248046875, 35.3280029296875 ], [ 82.007102966308594, 35.3265380859375 ], [ 82.004714965820312, 35.325862884521484 ], [ 82.0008544921875, 35.324409484863281 ], [ 81.997222900390625, 35.32403564453125 ], [ 81.994064331054688, 35.323898315429688 ], [ 81.989959716796875, 35.324317932128906 ], [ 81.986053466796875, 35.324863433837891 ], [ 81.983955383300781, 35.325000762939453 ], [ 81.980964660644531, 35.325653076171875 ], [ 81.978317260742188, 35.326766967773438 ], [ 81.975677490234375, 35.327987670898438 ], [ 81.971763610839844, 35.327953338623047 ], [ 81.969528198242188, 35.327629089355469 ], [ 81.966094970703125, 35.326683044433594 ], [ 81.963638305664062, 35.326244354248047 ], [ 81.959526062011719, 35.326332092285156 ], [ 81.955810546875, 35.325847625732422 ], [ 81.953712463378906, 35.325519561767578 ], [ 81.949859619140625, 35.324684143066406 ], [ 81.946647644042969, 35.324882507324219 ], [ 81.944137573242188, 35.325191497802734 ], [ 81.94036865234375, 35.325038909912109 ], [ 81.935890197753906, 35.324901580810547 ], [ 81.931831359863281, 35.323673248291016 ], [ 81.927963256835938, 35.321640014648438 ], [ 81.925918579101562, 35.319705963134766 ], [ 81.925605773925781, 35.316905975341797 ], [ 81.925643920898438, 35.313697814941406 ], [ 81.926734924316406, 35.311798095703125 ], [ 81.929145812988281, 35.308685302734375 ], [ 81.931167602539062, 35.307804107666016 ], [ 81.933395385742188, 35.307338714599609 ], [ 81.935340881347656, 35.306808471679688 ], [ 81.937629699707031, 35.305126190185547 ], [ 81.939979553222656, 35.303104400634766 ], [ 81.941978454589844, 35.300682067871094 ], [ 81.940422058105469, 35.298290252685547 ], [ 81.937759399414062, 35.297794342041016 ], [ 81.932380676269531, 35.297889709472656 ], [ 81.928825378417969, 35.297920227050781 ], [ 81.92510986328125, 35.297199249267578 ], [ 81.921188354492188, 35.296257019042969 ], [ 81.918807983398438, 35.29547119140625 ], [ 81.914466857910156, 35.294521331787109 ], [ 81.911659240722656, 35.293453216552734 ], [ 81.909698486328125, 35.292610168457031 ], [ 81.906059265136719, 35.291721343994141 ], [ 81.901573181152344, 35.290264129638672 ], [ 81.8990478515625, 35.289421081542969 ], [ 81.894851684570312, 35.288818359375 ], [ 81.892684936523438, 35.288440704345703 ], [ 81.888145446777344, 35.288066864013672 ], [ 81.883872985839844, 35.287467956542969 ], [ 81.881416320800781, 35.285591125488281 ], [ 81.880622863769531, 35.283481597900391 ], [ 81.880241394042969, 35.280040740966797 ], [ 81.8795166015625, 35.277469635009766 ], [ 81.878372192382812, 35.274845123291016 ], [ 81.877082824707031, 35.271934509277344 ], [ 81.874679565429688, 35.269084930419922 ], [ 81.872360229492188, 35.267551422119141 ], [ 81.870109558105469, 35.266136169433594 ], [ 81.86785888671875, 35.264545440673828 ], [ 81.865821838378906, 35.263072967529297 ], [ 81.86224365234375, 35.261035919189453 ], [ 81.859931945800781, 35.260421752929688 ], [ 81.856300354003906, 35.260265350341797 ], [ 81.853721618652344, 35.260627746582031 ], [ 81.851348876953125, 35.260932922363281 ], [ 81.848289489746094, 35.261871337890625 ], [ 81.844734191894531, 35.262413024902344 ], [ 81.842086791992188, 35.263233184814453 ], [ 81.836997985839844, 35.263954162597656 ], [ 81.834281921386719, 35.264595031738281 ], [ 81.830169677734375, 35.264739990234375 ], [ 81.827377319335938, 35.264759063720703 ], [ 81.824790954589844, 35.264945983886719 ], [ 81.820892333984375, 35.265830993652344 ], [ 81.816230773925781, 35.267753601074219 ], [ 81.812889099121094, 35.268516540527344 ], [ 81.807456970214844, 35.269641876220703 ], [ 81.805366516113281, 35.270225524902344 ], [ 81.803558349609375, 35.271091461181641 ], [ 81.801544189453125, 35.272312164306641 ], [ 81.799400329589844, 35.274444580078125 ], [ 81.797035217285156, 35.275489807128906 ], [ 81.794586181640625, 35.274646759033203 ], [ 81.79150390625, 35.273235321044922 ], [ 81.789047241210938, 35.272216796875 ], [ 81.785621643066406, 35.271316528320312 ], [ 81.783241271972656, 35.270767211914062 ], [ 81.780998229980469, 35.269859313964844 ], [ 81.778900146484375, 35.269180297851562 ], [ 81.7762451171875, 35.268917083740234 ], [ 81.774070739746094, 35.268131256103516 ], [ 81.771270751953125, 35.266887664794922 ], [ 81.768951416015625, 35.265979766845703 ], [ 81.766578674316406, 35.265365600585938 ], [ 81.764549255371094, 35.265377044677734 ], [ 81.759742736816406, 35.266094207763672 ], [ 81.756675720214844, 35.266742706298828 ], [ 81.753608703613281, 35.2672119140625 ], [ 81.750465393066406, 35.267288208007812 ], [ 81.747314453125, 35.265819549560547 ], [ 81.745140075683594, 35.264518737792969 ], [ 81.742958068847656, 35.262584686279297 ], [ 81.74127197265625, 35.261215209960938 ], [ 81.7388916015625, 35.260768890380859 ], [ 81.736305236816406, 35.260616302490234 ], [ 81.733932495117188, 35.260566711425781 ], [ 81.730728149414062, 35.261100769042969 ], [ 81.728218078613281, 35.261638641357422 ], [ 81.726127624511719, 35.261928558349609 ], [ 81.723884582519531, 35.261085510253906 ], [ 81.721153259277344, 35.259723663330078 ], [ 81.717010498046875, 35.256656646728516 ], [ 81.714973449707031, 35.255405426025391 ], [ 81.711891174316406, 35.253990173339844 ], [ 81.709503173828125, 35.252510070800781 ], [ 81.707046508789062, 35.25103759765625 ], [ 81.704254150390625, 35.250133514404297 ], [ 81.700813293457031, 35.247692108154297 ], [ 81.69891357421875, 35.24615478515625 ], [ 81.697227478027344, 35.244613647460938 ], [ 81.694343566894531, 35.242340087890625 ], [ 81.692451477050781, 35.240863800048828 ], [ 81.689857482910156, 35.239273071289062 ], [ 81.688102722167969, 35.238246917724609 ], [ 81.683135986328125, 35.237014770507812 ], [ 81.68048095703125, 35.236568450927734 ], [ 81.678031921386719, 35.235954284667969 ], [ 81.675376892089844, 35.235561370849609 ], [ 81.673286437988281, 35.235347747802734 ], [ 81.670631408691406, 35.235363006591797 ], [ 81.66644287109375, 35.235439300537109 ], [ 81.660308837890625, 35.235816955566406 ], [ 81.656745910644531, 35.235034942626953 ], [ 81.652130126953125, 35.233795166015625 ], [ 81.64947509765625, 35.233352661132812 ], [ 81.64508056640625, 35.233718872070312 ], [ 81.639297485351562, 35.234603881835938 ], [ 81.635597229003906, 35.234676361083984 ], [ 81.632804870605469, 35.234916687011719 ], [ 81.629524230957031, 35.234996795654297 ], [ 81.625968933105469, 35.235584259033203 ], [ 81.622833251953125, 35.235889434814453 ], [ 81.619216918945312, 35.23779296875 ], [ 81.616432189941406, 35.238437652587891 ], [ 81.614051818847656, 35.237873077392578 ], [ 81.610069274902344, 35.236865997314453 ], [ 81.606788635253906, 35.236358642578125 ], [ 81.603927612304688, 35.236606597900391 ], [ 81.601066589355469, 35.237251281738281 ], [ 81.595909118652344, 35.238185882568359 ], [ 81.592216491699219, 35.238204956054688 ], [ 81.588584899902344, 35.237762451171875 ], [ 81.586135864257812, 35.237884521484375 ], [ 81.581047058105469, 35.237972259521484 ], [ 81.578178405761719, 35.236949920654297 ], [ 81.574272155761719, 35.236797332763672 ], [ 81.569869995117188, 35.236988067626953 ], [ 81.566879272460938, 35.237804412841797 ], [ 81.564308166503906, 35.239356994628906 ], [ 81.562225341796875, 35.241546630859375 ], [ 81.561470031738281, 35.243671417236328 ], [ 81.560020446777344, 35.245506286621094 ], [ 81.55682373046875, 35.248100280761719 ], [ 81.551803588867188, 35.248977661132812 ], [ 81.549507141113281, 35.249332427978516 ], [ 81.5465087890625, 35.250030517578125 ], [ 81.543922424316406, 35.250385284423828 ], [ 81.541908264160156, 35.251140594482422 ], [ 81.539398193359375, 35.252468109130859 ], [ 81.536064147949219, 35.2550048828125 ], [ 81.533706665039062, 35.256610870361328 ], [ 81.53155517578125, 35.258567810058594 ], [ 81.52960205078125, 35.260009765625 ], [ 81.528221130371094, 35.261737823486328 ], [ 81.526557922363281, 35.263916015625 ], [ 81.526092529296875, 35.267993927001953 ], [ 81.523811340332031, 35.272014617919922 ], [ 81.522575378417969, 35.274822235107422 ], [ 81.520500183105469, 35.277870178222656 ], [ 81.518699645996094, 35.280338287353516 ], [ 81.515632629394531, 35.282413482666016 ], [ 81.512985229492188, 35.283283233642578 ], [ 81.51068115234375, 35.283409118652344 ], [ 81.507965087890625, 35.283817291259766 ], [ 81.504684448242188, 35.284290313720703 ], [ 81.501480102539062, 35.285503387451172 ], [ 81.498832702636719, 35.287460327148438 ], [ 81.495979309082031, 35.289131164550781 ], [ 81.493339538574219, 35.290916442871094 ], [ 81.491607666015625, 35.293670654296875 ], [ 81.491767883300781, 35.296943664550781 ], [ 81.493522644042969, 35.298477172851562 ], [ 81.496185302734375, 35.300529479980469 ], [ 81.498710632324219, 35.302818298339844 ], [ 81.500961303710938, 35.305610656738281 ], [ 81.499588012695312, 35.308483123779297 ], [ 81.496452331542969, 35.310787200927734 ], [ 81.494224548339844, 35.311992645263672 ], [ 81.492271423339844, 35.312580108642578 ], [ 81.489204406738281, 35.313907623291016 ], [ 81.486557006835938, 35.314838409423828 ], [ 81.4842529296875, 35.314666748046875 ], [ 81.48187255859375, 35.314163208007812 ], [ 81.47900390625, 35.313766479492188 ], [ 81.476913452148438, 35.314010620117188 ], [ 81.473701477050781, 35.314022064208984 ], [ 81.470695495605469, 35.314090728759766 ], [ 81.467979431152344, 35.315361022949219 ], [ 81.467292785644531, 35.318340301513672 ], [ 81.467094421386719, 35.320690155029297 ], [ 81.466903686523438, 35.323493957519531 ], [ 81.465797424316406, 35.326023101806641 ], [ 81.465110778808594, 35.328369140625 ], [ 81.464004516601562, 35.330097198486328 ], [ 81.462692260742188, 35.333705902099609 ], [ 81.460968017578125, 35.337093353271484 ], [ 81.459228515625, 35.339450836181641 ], [ 81.457351684570312, 35.341178894042969 ], [ 81.454574584960938, 35.344390869140625 ], [ 81.452484130859375, 35.345893859863281 ], [ 81.449211120605469, 35.347671508789062 ], [ 81.447257995605469, 35.348651885986328 ], [ 81.444961547851562, 35.350383758544922 ], [ 81.443153381347656, 35.352165222167969 ], [ 81.441276550292969, 35.353488922119141 ], [ 81.439888000488281, 35.355270385742188 ], [ 81.438148498535156, 35.35693359375 ], [ 81.436477661132812, 35.358779907226562 ], [ 81.434944152832031, 35.360324859619141 ], [ 81.432792663574219, 35.362224578857422 ], [ 81.429443359375, 35.363723754882812 ], [ 81.427482604980469, 35.363273620605469 ], [ 81.425102233886719, 35.362712860107422 ], [ 81.423347473144531, 35.361736297607422 ], [ 81.421455383300781, 35.360599517822266 ], [ 81.418869018554688, 35.359001159667969 ], [ 81.417045593261719, 35.357692718505859 ], [ 81.415084838867188, 35.356834411621094 ], [ 81.412841796875, 35.355525970458984 ], [ 81.410598754882812, 35.354442596435547 ], [ 81.407302856445312, 35.352218627929688 ], [ 81.404769897460938, 35.348793029785156 ], [ 81.402458190917969, 35.347305297851562 ], [ 81.400138854980469, 35.344337463378906 ], [ 81.3988037109375, 35.342506408691406 ], [ 81.397193908691406, 35.34124755859375 ], [ 81.394317626953125, 35.340114593505859 ], [ 81.392288208007812, 35.339435577392578 ], [ 81.389839172363281, 35.338298797607422 ], [ 81.387107849121094, 35.336585998535156 ], [ 81.384796142578125, 35.335788726806641 ], [ 81.382705688476562, 35.336708068847656 ], [ 81.382095336914062, 35.339981079101562 ], [ 81.380912780761719, 35.342617034912109 ], [ 81.379875183105469, 35.344684600830078 ], [ 81.377296447753906, 35.345432281494141 ], [ 81.373451232910156, 35.345848083496094 ], [ 81.371353149414062, 35.346134185791016 ], [ 81.368843078613281, 35.347457885742188 ], [ 81.367034912109375, 35.348896026611328 ], [ 81.365081787109375, 35.35028076171875 ], [ 81.364112854003906, 35.352115631103516 ], [ 81.362510681152344, 35.354011535644531 ], [ 81.36083984375, 35.355216979980469 ], [ 81.358810424804688, 35.354537963867188 ], [ 81.357124328613281, 35.353279113769531 ], [ 81.353622436523438, 35.349739074707031 ], [ 81.352561950683594, 35.347957611083984 ], [ 81.349754333496094, 35.344532012939453 ], [ 81.347587585449219, 35.343852996826172 ], [ 81.344581604003906, 35.343967437744141 ], [ 81.342140197753906, 35.345237731933594 ], [ 81.338859558105469, 35.346790313720703 ], [ 81.3359375, 35.348743438720703 ], [ 81.334129333496094, 35.351444244384766 ], [ 81.333717346191406, 35.353733062744141 ], [ 81.332962036132812, 35.356945037841797 ], [ 81.331214904785156, 35.357986450195312 ], [ 81.328208923339844, 35.358047485351562 ], [ 81.325767517089844, 35.358108520507812 ], [ 81.323036193847656, 35.357658386230469 ], [ 81.320869445800781, 35.357032775878906 ], [ 81.318214416503906, 35.357040405273438 ], [ 81.3140869140625, 35.356643676757812 ], [ 81.309478759765625, 35.356536865234375 ], [ 81.306114196777344, 35.355518341064453 ], [ 81.301856994628906, 35.354953765869141 ], [ 81.299407958984375, 35.354156494140625 ], [ 81.297370910644531, 35.352558135986328 ], [ 81.296943664550781, 35.349925994873047 ], [ 81.297218322753906, 35.347457885742188 ], [ 81.295951843261719, 35.345458984375 ], [ 81.29364013671875, 35.344661712646484 ], [ 81.291130065917969, 35.3446044921875 ], [ 81.288894653320312, 35.3447265625 ], [ 81.286865234375, 35.345130920410156 ], [ 81.284629821777344, 35.345821380615234 ], [ 81.280509948730469, 35.3468017578125 ], [ 81.278419494628906, 35.347267150878906 ], [ 81.27618408203125, 35.347957611083984 ], [ 81.272544860839844, 35.347911834716797 ], [ 81.270378112792969, 35.347049713134766 ], [ 81.26806640625, 35.345687866210938 ], [ 81.265830993652344, 35.343971252441406 ], [ 81.264289855957031, 35.342540740966797 ], [ 81.263160705566406, 35.339332580566406 ], [ 81.261894226074219, 35.337047576904297 ], [ 81.260704040527344, 35.334121704101562 ], [ 81.259994506835938, 35.331203460693359 ], [ 81.260124206542969, 35.328399658203125 ], [ 81.260116577148438, 35.325927734375 ], [ 81.25830078125, 35.324329376220703 ], [ 81.255577087402344, 35.324966430664062 ], [ 81.253623962402344, 35.326286315917969 ], [ 81.250900268554688, 35.327842712402344 ], [ 81.249092102050781, 35.329216003417969 ], [ 81.247276306152344, 35.330364227294922 ], [ 81.245674133300781, 35.332141876220703 ], [ 81.243087768554688, 35.333580017089844 ], [ 81.240715026855469, 35.334503173828125 ], [ 81.238479614257812, 35.334789276123047 ], [ 81.235687255859375, 35.333477020263672 ], [ 81.2335205078125, 35.332561492919922 ], [ 81.232254028320312, 35.330844879150391 ], [ 81.230018615722656, 35.329479217529297 ], [ 81.228057861328125, 35.328788757324219 ], [ 81.224563598632812, 35.327423095703125 ], [ 81.221969604492188, 35.325931549072266 ], [ 81.219451904296875, 35.324451446533203 ], [ 81.217430114746094, 35.323768615722656 ], [ 81.214981079101562, 35.323711395263672 ], [ 81.212959289550781, 35.326065063476562 ], [ 81.211494445800781, 35.327556610107422 ], [ 81.208984375, 35.327785491943359 ], [ 81.205703735351562, 35.330604553222656 ], [ 81.203681945800781, 35.332778930664062 ], [ 81.203056335449219, 35.33489990234375 ], [ 81.203834533691406, 35.337764739990234 ], [ 81.203697204589844, 35.340339660644531 ], [ 81.202865600585938, 35.343326568603516 ], [ 81.201332092285156, 35.344985961914062 ], [ 81.199447631835938, 35.346710205078125 ], [ 81.197357177734375, 35.348426818847656 ], [ 81.195472717285156, 35.349693298339844 ], [ 81.193374633789062, 35.350379943847656 ], [ 81.193733215332031, 35.3529052734375 ], [ 81.19464111328125, 35.354850769042969 ], [ 81.194717407226562, 35.357372283935547 ], [ 81.193321228027344, 35.360008239746094 ], [ 81.191719055175781, 35.361732482910156 ], [ 81.190467834472656, 35.363338470458984 ], [ 81.189559936523438, 35.365341186523438 ], [ 81.187675476074219, 35.367630004882812 ], [ 81.185508728027344, 35.368843078613281 ], [ 81.182929992675781, 35.369533538818359 ], [ 81.179573059082031, 35.370277404785156 ], [ 81.175239562988281, 35.369308471679688 ], [ 81.173141479492188, 35.368392944335938 ], [ 81.168876647949219, 35.367191314697266 ], [ 81.164329528808594, 35.365764617919922 ], [ 81.160408020019531, 35.364742279052734 ], [ 81.156776428222656, 35.363826751708984 ], [ 81.153976440429688, 35.363254547119141 ], [ 81.150901794433594, 35.364112854003906 ], [ 81.148529052734375, 35.365036010742188 ], [ 81.146156311035156, 35.366184234619141 ], [ 81.142730712890625, 35.367908477783203 ], [ 81.139938354492188, 35.369167327880859 ], [ 81.135810852050781, 35.369800567626953 ], [ 81.132736206054688, 35.370147705078125 ], [ 81.130294799804688, 35.370662689208984 ], [ 81.127639770507812, 35.371532440185547 ], [ 81.126663208007812, 35.373477935791016 ], [ 81.127784729003906, 35.376514434814453 ], [ 81.127365112304688, 35.378635406494141 ], [ 81.125129699707031, 35.379268646240234 ], [ 81.123664855957031, 35.381668090820312 ], [ 81.122756958007812, 35.383506774902344 ], [ 81.121566772460938, 35.385398864746094 ], [ 81.119544982910156, 35.386600494384766 ], [ 81.116607666015625, 35.387630462646484 ], [ 81.114509582519531, 35.387920379638672 ], [ 81.111434936523438, 35.38763427734375 ], [ 81.108566284179688, 35.387123107910156 ], [ 81.105491638183594, 35.38580322265625 ], [ 81.103042602539062, 35.385066986083984 ], [ 81.101081848144531, 35.384609222412109 ], [ 81.097938537597656, 35.384151458740234 ], [ 81.09478759765625, 35.385353088378906 ], [ 81.092628479003906, 35.387813568115234 ], [ 81.092903137207031, 35.389877319335938 ], [ 81.094444274902344, 35.3924560546875 ], [ 81.095146179199219, 35.394977569580078 ], [ 81.095916748046875, 35.397556304931641 ], [ 81.097877502441406, 35.399669647216797 ], [ 81.099205017089844, 35.401679992675781 ], [ 81.100257873535156, 35.403850555419922 ], [ 81.098861694335938, 35.405693054199219 ], [ 81.096138000488281, 35.406604766845703 ], [ 81.093055725097656, 35.408329010009766 ], [ 81.091239929199219, 35.409183502197266 ], [ 81.088447570800781, 35.409530639648438 ], [ 81.086135864257812, 35.407810211181641 ], [ 81.0836181640625, 35.406326293945312 ], [ 81.080886840820312, 35.406036376953125 ], [ 81.078369140625, 35.407012939453125 ], [ 81.075851440429688, 35.407474517822266 ], [ 81.073966979980469, 35.404609680175781 ], [ 81.073196411132812, 35.402256011962891 ], [ 81.070816040039062, 35.400772094726562 ], [ 81.06878662109375, 35.400260925292969 ], [ 81.066062927246094, 35.400028228759766 ], [ 81.062774658203125, 35.400604248046875 ], [ 81.060539245605469, 35.400775909423828 ], [ 81.058021545410156, 35.401176452636719 ], [ 81.055572509765625, 35.402149200439453 ], [ 81.053123474121094, 35.402889251708984 ], [ 81.049766540527344, 35.402721405029297 ], [ 81.04766845703125, 35.401973724365234 ], [ 81.046058654785156, 35.400260925292969 ], [ 81.044456481933594, 35.398712158203125 ], [ 81.041938781738281, 35.396186828613281 ], [ 81.040260314941406, 35.392349243164062 ], [ 81.038719177246094, 35.390689849853516 ], [ 81.036972045898438, 35.389205932617188 ], [ 81.034873962402344, 35.387077331542969 ], [ 81.032707214355469, 35.383987426757812 ], [ 81.031166076660156, 35.382499694824219 ], [ 81.029144287109375, 35.378940582275391 ], [ 81.0284423828125, 35.376888275146484 ], [ 81.028236389160156, 35.3739013671875 ], [ 81.027885437011719, 35.371837615966797 ], [ 81.029495239257812, 35.370182037353516 ], [ 81.032005310058594, 35.368061065673828 ], [ 81.034736633300781, 35.367141723632812 ], [ 81.036758422851562, 35.366230010986328 ], [ 81.039833068847656, 35.366058349609375 ], [ 81.042915344238281, 35.365192413330078 ], [ 81.045150756835938, 35.364505767822266 ], [ 81.047103881835938, 35.362560272216797 ], [ 81.048011779785156, 35.359519958496094 ], [ 81.048088073730469, 35.356376647949219 ], [ 81.04864501953125, 35.353904724121094 ], [ 81.049484252929688, 35.351154327392578 ], [ 81.050880432128906, 35.348125457763672 ], [ 81.051856994628906, 35.346172332763672 ], [ 81.051925659179688, 35.343711853027344 ], [ 81.049476623535156, 35.341537475585938 ], [ 81.046821594238281, 35.340675354003906 ], [ 81.045989990234375, 35.338844299316406 ], [ 81.046401977539062, 35.336322784423828 ], [ 81.046821594238281, 35.334087371826172 ], [ 81.046684265136719, 35.331165313720703 ], [ 81.046195983886719, 35.328758239746094 ], [ 81.0462646484375, 35.324172973632812 ], [ 81.044654846191406, 35.321659088134766 ], [ 81.043609619140625, 35.319358825683594 ], [ 81.041160583496094, 35.316558837890625 ], [ 81.039070129394531, 35.314613342285156 ], [ 81.036972045898438, 35.313350677490234 ], [ 81.034599304199219, 35.311973571777344 ], [ 81.032432556152344, 35.311458587646484 ], [ 81.029708862304688, 35.311344146728516 ], [ 81.026351928710938, 35.311172485351562 ], [ 81.022933959960938, 35.311107635498047 ], [ 81.020278930664062, 35.310939788818359 ], [ 81.017692565917969, 35.311164855957031 ], [ 81.013572692871094, 35.310417175292969 ], [ 81.010986328125, 35.309444427490234 ], [ 81.008819580078125, 35.308586120605469 ], [ 81.006660461425781, 35.308246612548828 ], [ 81.004074096679688, 35.309959411621094 ], [ 81.00225830078125, 35.312248229980469 ], [ 81.0, 35.316257476806641 ], [ 80.913475036621094, 35.211055755615234 ], [ 80.894401550292969, 35.183631896972656 ], [ 80.878898620605469, 35.152629852294922 ], [ 80.881278991699219, 35.0977783203125 ], [ 80.889625549316406, 34.976753234863281 ], [ 80.906318664550781, 34.936508178710938 ], [ 80.917648315429688, 34.924583435058594 ], [ 80.923011779785156, 34.913852691650391 ], [ 80.913475036621094, 34.901927947998047 ], [ 80.892608642578125, 34.893581390380859 ], [ 80.871147155761719, 34.88702392578125 ], [ 80.840744018554688, 34.888217926025391 ], [ 80.8115234375, 34.901332855224609 ], [ 80.772773742675781, 34.914447784423828 ], [ 80.76025390625, 34.913257598876953 ], [ 80.754295349121094, 34.916236877441406 ], [ 80.742965698242188, 34.917430877685547 ], [ 80.734619140625, 34.916236877441406 ], [ 80.725677490234375, 34.916236877441406 ], [ 80.692291259765625, 34.911468505859375 ], [ 80.673805236816406, 34.909084320068359 ], [ 80.664268493652344, 34.906101226806641 ], [ 80.645187377929688, 34.894775390625 ], [ 80.621932983398438, 34.8792724609375 ], [ 80.602264404296875, 34.874504089355469 ], [ 80.558738708496094, 34.863475799560547 ], [ 80.547409057617188, 34.864070892333984 ], [ 80.516410827636719, 34.865264892578125 ], [ 80.471694946289062, 34.880168914794922 ], [ 80.455596923828125, 34.902229309082031 ], [ 80.425193786621094, 34.932037353515625 ], [ 80.392402648925781, 34.941276550292969 ], [ 80.339340209960938, 34.940681457519531 ], [ 80.257064819335938, 34.919815063476562 ], [ 80.22308349609375, 34.909679412841797 ], [ 80.210563659667969, 34.905506134033203 ], [ 80.158096313476562, 34.905506134033203 ], [ 80.15093994140625, 34.908489227294922 ], [ 80.000701904296875, 34.894477844238281 ], [ 79.93511962890625, 34.855129241943359 ], [ 79.907691955566406, 34.808624267578125 ], [ 79.869537353515625, 34.812202453613281 ], [ 79.789649963378906, 34.839626312255859 ], [ 79.728836059570312, 34.844394683837891 ], [ 79.601249694824219, 34.839626312255859 ], [ 79.452201843261719, 34.812797546386719 ], [ 79.379463195800781, 34.767486572265625 ], [ 79.334152221679688, 34.747215270996094 ], [ 79.198219299316406, 34.718597412109375 ], [ 79.1409912109375, 34.695945739746094 ], [ 79.082557678222656, 34.620227813720703 ], [ 79.049171447753906, 34.607109069824219 ], [ 78.982398986816406, 34.586841583251953 ], [ 78.941856384277344, 34.593994140625 ], [ 78.900123596191406, 34.584453582763672 ], [ 78.805923461914062, 34.579685211181641 ], [ 78.636314392089844, 34.541511535644531 ], [ 78.627174377441406, 34.539455413818359 ], [ 78.618736267089844, 34.538372039794922 ], [ 78.607635498046875, 34.537757873535156 ], [ 78.604141235351562, 34.536186218261719 ], [ 78.598762512207031, 34.533817291259766 ], [ 78.596176147460938, 34.531375885009766 ], [ 78.590629577636719, 34.524169921875 ], [ 78.589500427246094, 34.520889282226562 ], [ 78.5872802734375, 34.513866424560547 ], [ 78.586723327636719, 34.510387420654297 ], [ 78.580513000488281, 34.507972717285156 ], [ 78.57452392578125, 34.509708404541016 ], [ 78.572196960449219, 34.510959625244141 ], [ 78.564300537109375, 34.512126922607422 ], [ 78.561286926269531, 34.514949798583984 ], [ 78.560569763183594, 34.516979217529297 ], [ 78.559822082519531, 34.522686004638672 ], [ 78.561302185058594, 34.531967163085938 ], [ 78.561637878417969, 34.534744262695312 ], [ 78.561424255371094, 34.547607421875 ], [ 78.561111450195312, 34.551498413085938 ], [ 78.5576171875, 34.560272216796875 ], [ 78.55633544921875, 34.562267303466797 ], [ 78.551750183105469, 34.567302703857422 ], [ 78.549934387207031, 34.569042205810547 ], [ 78.547470092773438, 34.571891784667969 ], [ 78.545936584472656, 34.573646545410156 ], [ 78.542732238769531, 34.575305938720703 ], [ 78.5404052734375, 34.576553344726562 ], [ 78.533927917480469, 34.577342987060547 ], [ 78.527198791503906, 34.577884674072266 ], [ 78.522720336914062, 34.578094482421875 ], [ 78.510063171386719, 34.579456329345703 ], [ 78.508079528808594, 34.579803466796875 ], [ 78.501014709472656, 34.581016540527344 ], [ 78.498222351074219, 34.581089019775391 ], [ 78.491950988769531, 34.579357147216797 ], [ 78.483039855957031, 34.57586669921875 ], [ 78.480873107910156, 34.575054168701172 ], [ 78.470428466796875, 34.573314666748047 ], [ 78.463287353515625, 34.571990966796875 ], [ 78.455322265625, 34.567169189453125 ], [ 78.453201293945312, 34.562450408935547 ], [ 78.452171325683594, 34.558559417724609 ], [ 78.451034545898438, 34.556617736816406 ], [ 78.448326110839844, 34.552886962890625 ], [ 78.447097778320312, 34.550987243652344 ], [ 78.444358825683594, 34.548240661621094 ], [ 78.441665649414062, 34.546852111816406 ], [ 78.435562133789062, 34.546504974365234 ], [ 78.431640625, 34.550189971923828 ], [ 78.429100036621094, 34.553955078125 ], [ 78.428375244140625, 34.555984497070312 ], [ 78.429428100585938, 34.566852569580078 ], [ 78.429695129394531, 34.570316314697266 ], [ 78.429084777832031, 34.581089019775391 ], [ 78.429412841796875, 34.583866119384766 ], [ 78.429725646972656, 34.586872100830078 ], [ 78.425376892089844, 34.595596313476562 ], [ 78.419876098632812, 34.598041534423828 ], [ 78.417861938476562, 34.598846435546875 ], [ 78.403785705566406, 34.603797912597656 ], [ 78.394874572753906, 34.606967926025391 ], [ 78.392341613769531, 34.607280731201172 ], [ 78.380012512207031, 34.607959747314453 ], [ 78.3726806640625, 34.608917236328125 ], [ 78.3594970703125, 34.606552124023438 ], [ 78.355667114257812, 34.605644226074219 ], [ 78.347259521484375, 34.6060791015625 ], [ 78.343673706054688, 34.605644226074219 ], [ 78.334007263183594, 34.60784912109375 ], [ 78.331657409667969, 34.609321594238281 ], [ 78.326332092285156, 34.612922668457031 ], [ 78.318702697753906, 34.614093780517578 ], [ 78.316444396972656, 34.614425659179688 ], [ 78.306434631347656, 34.616214752197266 ], [ 78.300376892089844, 34.619705200195312 ], [ 78.296913146972656, 34.621116638183594 ], [ 78.287460327148438, 34.624015808105469 ], [ 78.28485107421875, 34.625247955322266 ], [ 78.273880004882812, 34.629669189453125 ], [ 78.2706298828125, 34.631782531738281 ], [ 78.265846252441406, 34.638858795166016 ], [ 78.26507568359375, 34.641345977783203 ], [ 78.263168334960938, 34.650665283203125 ], [ 78.263259887695312, 34.652969360351562 ], [ 78.2630615234375, 34.655258178710938 ], [ 78.266212463378906, 34.664180755615234 ], [ 78.267112731933594, 34.666763305664062 ], [ 78.27056884765625, 34.672019958496094 ], [ 78.2735595703125, 34.676334381103516 ], [ 78.27447509765625, 34.678688049316406 ], [ 78.274757385253906, 34.681922912597656 ], [ 78.274253845214844, 34.684654235839844 ], [ 78.271034240722656, 34.692977905273438 ], [ 78.269180297851562, 34.698387145996094 ], [ 78.268074035644531, 34.701541900634766 ], [ 78.263603210449219, 34.708183288574219 ], [ 78.257713317871094, 34.711750030517578 ], [ 78.2547607421875, 34.713645935058594 ], [ 78.247467041015625, 34.717365264892578 ], [ 78.239547729492188, 34.718509674072266 ], [ 78.235282897949219, 34.719413757324219 ], [ 78.225143432617188, 34.720432281494141 ], [ 78.221153259277344, 34.721347808837891 ], [ 78.209884643554688, 34.7210693359375 ], [ 78.207206726074219, 34.724445343017578 ], [ 78.20721435546875, 34.734100341796875 ], [ 78.207046508789062, 34.742603302001953 ], [ 78.207351684570312, 34.745609283447266 ], [ 78.208175659179688, 34.755546569824219 ], [ 78.212837219238281, 34.763179779052734 ], [ 78.221282958984375, 34.768962860107422 ], [ 78.227691650390625, 34.775772094726562 ], [ 78.228904724121094, 34.777912139892578 ], [ 78.229965209960938, 34.785106658935547 ], [ 78.230293273925781, 34.791103363037109 ], [ 78.230323791503906, 34.794094085693359 ], [ 78.230667114257812, 34.803085327148438 ], [ 78.229927062988281, 34.811779022216797 ], [ 78.230270385742188, 34.814327239990234 ], [ 78.230880737304688, 34.823562622070312 ], [ 78.231224060058594, 34.82611083984375 ], [ 78.233993530273438, 34.842830657958984 ], [ 78.234100341796875, 34.848125457763672 ], [ 78.237007141113281, 34.863243103027344 ], [ 78.237312316894531, 34.866249084472656 ], [ 78.2373046875, 34.872917175292969 ], [ 78.237129211425781, 34.874977111816406 ], [ 78.237350463867188, 34.878898620605469 ], [ 78.235626220703125, 34.882705688476562 ], [ 78.234298706054688, 34.885158538818359 ], [ 78.228179931640625, 34.888023376464844 ], [ 78.22161865234375, 34.889480590820312 ], [ 78.2191162109375, 34.889335632324219 ], [ 78.207244873046875, 34.890712738037109 ], [ 78.203941345214844, 34.893280029296875 ], [ 78.203453063964844, 34.895782470703125 ], [ 78.204345703125, 34.898361206054688 ], [ 78.204910278320312, 34.901615142822266 ], [ 78.20404052734375, 34.905242919921875 ], [ 78.202949523925781, 34.908168792724609 ], [ 78.1973876953125, 34.914283752441406 ], [ 78.192161560058594, 34.919723510742188 ], [ 78.189720153808594, 34.922111511230469 ], [ 78.183197021484375, 34.92633056640625 ], [ 78.176139831542969, 34.930286407470703 ], [ 78.174942016601562, 34.934356689453125 ], [ 78.175308227539062, 34.936676025390625 ], [ 78.175888061523438, 34.939701080322266 ], [ 78.182594299316406, 34.943080902099609 ], [ 78.189125061035156, 34.945301055908203 ], [ 78.195480346679688, 34.9495849609375 ], [ 78.200920104980469, 34.954730987548828 ], [ 78.201835632324219, 34.957084655761719 ], [ 78.202796936035156, 34.962200164794922 ], [ 78.203041076660156, 34.965892791748047 ], [ 78.202888488769531, 34.970001220703125 ], [ 78.202430725097656, 34.972873687744141 ], [ 78.200454711914062, 34.975021362304688 ], [ 78.195930480957031, 34.980194091796875 ], [ 78.1937255859375, 34.983055114746094 ], [ 78.186363220214844, 34.987224578857422 ], [ 78.178962707519531, 34.988628387451172 ], [ 78.1763916015625, 34.989170074462891 ], [ 78.1690673828125, 34.992877960205078 ], [ 78.166999816894531, 34.994136810302734 ], [ 78.158027648925781, 35.003959655761719 ], [ 78.156753540039062, 35.005725860595703 ], [ 78.134414672851562, 35.020969390869141 ], [ 78.126907348632812, 35.029953002929688 ], [ 78.12213134765625, 35.036571502685547 ], [ 78.121627807617188, 35.039073944091797 ], [ 78.121192932128906, 35.047325134277344 ], [ 78.126731872558594, 35.05133056640625 ], [ 78.128890991210938, 35.052375793457031 ], [ 78.13568115234375, 35.054843902587891 ], [ 78.140586853027344, 35.059734344482422 ], [ 78.142410278320312, 35.067890167236328 ], [ 78.142784118652344, 35.069980621337891 ], [ 78.143547058105469, 35.076309204101562 ], [ 78.140838623046875, 35.085964202880859 ], [ 78.139663696289062, 35.089801788330078 ], [ 78.138893127441406, 35.09228515625 ], [ 78.136222839355469, 35.097190856933594 ], [ 78.134925842285156, 35.09918212890625 ], [ 78.133575439453125, 35.101863861083984 ], [ 78.126335144042969, 35.107646942138672 ], [ 78.118698120117188, 35.108345031738281 ], [ 78.10797119140625, 35.109092712402344 ], [ 78.105735778808594, 35.108959197998047 ], [ 78.103523254394531, 35.108600616455078 ], [ 78.091766357421875, 35.108364105224609 ], [ 78.087059020996094, 35.104404449462891 ], [ 78.08319091796875, 35.100498199462891 ], [ 78.07916259765625, 35.098419189453125 ], [ 78.073341369628906, 35.100833892822266 ], [ 78.069351196289062, 35.104736328125 ], [ 78.067794799804688, 35.106483459472656 ], [ 78.060592651367188, 35.111804962158203 ], [ 78.058761596679688, 35.113536834716797 ], [ 78.054389953613281, 35.118564605712891 ], [ 78.0555419921875, 35.124614715576172 ], [ 78.059471130371094, 35.134273529052734 ], [ 78.059608459472656, 35.142330169677734 ], [ 78.056076049804688, 35.147407531738281 ], [ 78.051040649414062, 35.15032958984375 ], [ 78.050765991210938, 35.153530120849609 ], [ 78.051719665527344, 35.155429840087891 ], [ 78.055152893066406, 35.157932281494141 ], [ 78.056549072265625, 35.161235809326172 ], [ 78.056526184082031, 35.167903900146484 ], [ 78.055938720703125, 35.177757263183594 ], [ 78.056015014648438, 35.180061340332031 ], [ 78.052597045898438, 35.190204620361328 ], [ 78.051597595214844, 35.191986083984375 ], [ 78.043708801269531, 35.201866149902344 ], [ 78.034523010253906, 35.210514068603516 ], [ 78.031784057617188, 35.212882995605469 ], [ 78.026069641113281, 35.217140197753906 ], [ 78.023414611816406, 35.218589782714844 ], [ 78.014945983886719, 35.222225189208984 ], [ 78.011207580566406, 35.226371765136719 ], [ 78.010124206542969, 35.22906494140625 ], [ 78.008277893066406, 35.237236022949219 ], [ 78.008041381835938, 35.239978790283203 ], [ 78.006416320800781, 35.248851776123047 ], [ 78.006149291992188, 35.251823425292969 ], [ 78.006202697753906, 35.254356384277344 ], [ 78.006156921386719, 35.264472961425781 ], [ 78.006729125976562, 35.267494201660156 ], [ 78.00958251953125, 35.276634216308594 ], [ 78.010612487792969, 35.280834197998047 ], [ 78.010948181152344, 35.283382415771484 ], [ 78.010818481445312, 35.291194915771484 ], [ 78.011253356933594, 35.295818328857422 ], [ 78.0115966796875, 35.314235687255859 ], [ 78.0107421875, 35.352584838867188 ], [ 78.011009216308594, 35.362258911132812 ], [ 78.011695861816406, 35.367450714111328 ], [ 78.014434814453125, 35.369117736816406 ], [ 78.01885986328125, 35.370815277099609 ], [ 78.024368286132812, 35.373455047607422 ], [ 78.030387878417969, 35.377483367919922 ], [ 78.037277221679688, 35.380611419677734 ], [ 78.04412841796875, 35.385112762451172 ], [ 78.048370361328125, 35.392307281494141 ], [ 78.051780700683594, 35.399253845214844 ], [ 78.056953430175781, 35.403717041015625 ], [ 78.067878723144531, 35.411972045898438 ], [ 78.072463989257812, 35.417568206787109 ], [ 78.075454711914062, 35.421573638916016 ], [ 78.077903747558594, 35.422496795654297 ], [ 78.082008361816406, 35.425334930419922 ], [ 78.088035583496094, 35.429355621337891 ], [ 78.095260620117188, 35.431114196777344 ], [ 78.1004638671875, 35.434661865234375 ], [ 78.10455322265625, 35.437953948974609 ], [ 78.106346130371094, 35.443264007568359 ], [ 78.107025146484375, 35.44854736328125 ], [ 78.107078552246094, 35.455650329589844 ], [ 78.10858154296875, 35.461410522460938 ], [ 78.111457824707031, 35.467655181884766 ], [ 78.115745544433594, 35.473930358886719 ], [ 78.121742248535156, 35.479095458984375 ], [ 78.128219604492188, 35.486793518066406 ], [ 78.134231567382812, 35.49359130859375 ], [ 78.132568359375, 35.495204925537109 ], [ 78.131019592285156, 35.496723175048828 ], [ 78.12738037109375, 35.499725341796875 ], [ 78.125518798828125, 35.501686096191406 ], [ 78.117523193359375, 35.502830505371094 ], [ 78.109909057617188, 35.502841949462891 ], [ 78.107627868652344, 35.503166198730469 ], [ 78.095062255859375, 35.501739501953125 ], [ 78.092300415039062, 35.501117706298828 ], [ 78.083709716796875, 35.499462127685547 ], [ 78.081245422363281, 35.498626708984375 ], [ 78.071929931640625, 35.492328643798828 ], [ 78.064659118652344, 35.491668701171875 ], [ 78.061836242675781, 35.491733551025391 ], [ 78.050254821777344, 35.491966247558594 ], [ 78.043991088867188, 35.489528656005859 ], [ 78.040763854980469, 35.487724304199219 ], [ 78.038688659667969, 35.4825439453125 ], [ 78.034027099609375, 35.474681854248047 ], [ 78.027458190917969, 35.472450256347656 ], [ 78.021865844726562, 35.475109100341797 ], [ 78.016014099121094, 35.480739593505859 ], [ 78.009254455566406, 35.490222930908203 ], [ 78.007652282714844, 35.492427825927734 ], [ 78.0, 35.494365692138672 ], [ 77.997398376464844, 35.493267059326172 ], [ 77.989601135253906, 35.490715026855469 ], [ 77.979248046875, 35.491294860839844 ], [ 77.968963623046875, 35.492561340332031 ], [ 77.966911315917969, 35.484867095947266 ], [ 77.962501525878906, 35.479141235351562 ], [ 77.955154418945312, 35.478630065917969 ], [ 77.944717407226562, 35.478065490722656 ], [ 77.938102722167969, 35.483028411865234 ], [ 77.931831359863281, 35.488658905029297 ], [ 77.924468994140625, 35.491367340087891 ], [ 77.914161682128906, 35.492397308349609 ], [ 77.915603637695312, 35.486118316650391 ], [ 77.916427612304688, 35.475730895996094 ], [ 77.913162231445312, 35.470172882080078 ], [ 77.902435302734375, 35.462726593017578 ], [ 77.893226623535156, 35.466911315917969 ], [ 77.890029907226562, 35.472370147705078 ], [ 77.882316589355469, 35.477622985839844 ], [ 77.875686645507812, 35.485797882080078 ], [ 77.866050720214844, 35.491615295410156 ], [ 77.856895446777344, 35.496482849121094 ], [ 77.850799560546875, 35.490615844726562 ], [ 77.841476440429688, 35.493423461914062 ], [ 77.833534240722656, 35.499370574951172 ], [ 77.826019287109375, 35.507133483886719 ], [ 77.81719970703125, 35.512672424316406 ], [ 77.814720153808594, 35.516712188720703 ], [ 77.807182312011719, 35.513908386230469 ], [ 77.801048278808594, 35.507579803466797 ], [ 77.800376892089844, 35.499347686767578 ], [ 77.794746398925781, 35.492305755615234 ], [ 77.7861328125, 35.493465423583984 ], [ 77.774398803710938, 35.494331359863281 ], [ 77.762283325195312, 35.497287750244141 ], [ 77.755043029785156, 35.498138427734375 ], [ 77.746917724609375, 35.491458892822266 ], [ 77.741142272949219, 35.482585906982422 ], [ 77.735893249511719, 35.476665496826172 ], [ 77.729324340820312, 35.464847564697266 ], [ 77.725471496582031, 35.458854675292969 ], [ 77.708305358886719, 35.458404541015625 ], [ 77.700363159179688, 35.457450866699219 ], [ 77.694854736328125, 35.451774597167969 ], [ 77.685165405273438, 35.450000762939453 ], [ 77.679458618164062, 35.455818176269531 ], [ 77.672157287597656, 35.462871551513672 ], [ 77.665321350097656, 35.472194671630859 ], [ 77.652214050292969, 35.480472564697266 ], [ 77.6455078125, 35.480831146240234 ], [ 77.641227722167969, 35.4730224609375 ], [ 77.642234802246094, 35.464469909667969 ], [ 77.635574340820312, 35.458393096923828 ], [ 77.625656127929688, 35.460758209228516 ], [ 77.616737365722656, 35.461692810058594 ], [ 77.605491638183594, 35.465045928955078 ], [ 77.593864440917969, 35.463592529296875 ], [ 77.583839416503906, 35.464584350585938 ], [ 77.579856872558594, 35.47467041015625 ], [ 77.574729919433594, 35.480915069580078 ], [ 77.554450988769531, 35.480144500732422 ], [ 77.544227600097656, 35.482288360595703 ], [ 77.531867980957031, 35.482250213623047 ], [ 77.514732360839844, 35.482227325439453 ], [ 77.494148254394531, 35.481235504150391 ], [ 77.484268188476562, 35.476924896240234 ], [ 77.474227905273438, 35.474235534667969 ], [ 77.456756591796875, 35.466182708740234 ], [ 77.449081420898438, 35.461299896240234 ], [ 77.435867309570312, 35.461063385009766 ], [ 77.428314208984375, 35.461456298828125 ], [ 77.422492980957031, 35.466117858886719 ], [ 77.416358947753906, 35.4703369140625 ], [ 77.407028198242188, 35.469440460205078 ], [ 77.394126892089844, 35.468547821044922 ], [ 77.38531494140625, 35.471935272216797 ], [ 77.37811279296875, 35.476894378662109 ], [ 77.371467590332031, 35.485500335693359 ], [ 77.372756958007812, 35.495082855224609 ], [ 77.363197326660156, 35.494880676269531 ], [ 77.352249145507812, 35.494979858398438 ], [ 77.344573974609375, 35.501113891601562 ], [ 77.341033935546875, 35.510017395019531 ], [ 77.337669372558594, 35.524887084960938 ], [ 77.328620910644531, 35.531543731689453 ], [ 77.316108703613281, 35.537002563476562 ], [ 77.305183410644531, 35.544902801513672 ], [ 77.291236877441406, 35.542621612548828 ], [ 77.279151916503906, 35.538867950439453 ], [ 77.265388488769531, 35.535198211669922 ], [ 77.244003295898438, 35.530990600585938 ], [ 77.227256774902344, 35.524940490722656 ], [ 77.215469360351562, 35.521392822265625 ], [ 77.196060180664062, 35.520984649658203 ], [ 77.182685852050781, 35.522563934326172 ], [ 77.173255920410156, 35.531761169433594 ], [ 77.159576416015625, 35.536796569824219 ], [ 77.150291442871094, 35.540470123291016 ], [ 77.141654968261719, 35.545257568359375 ], [ 77.13360595703125, 35.55047607421875 ], [ 77.129341125488281, 35.557346343994141 ], [ 77.120063781738281, 35.561241149902344 ], [ 77.103660583496094, 35.563655853271484 ], [ 77.090370178222656, 35.570274353027344 ], [ 77.076904296875, 35.582180023193359 ], [ 77.070480346679688, 35.586624145507812 ], [ 77.061759948730469, 35.598068237304688 ], [ 77.052078247070312, 35.598457336425781 ], [ 77.046134948730469, 35.599746704101562 ], [ 77.038284301757812, 35.600128173828125 ], [ 77.027099609375, 35.600898742675781 ], [ 77.016448974609375, 35.605312347412109 ], [ 77.006210327148438, 35.611545562744141 ], [ 76.993736267089844, 35.609085083007812 ], [ 76.989006042480469, 35.605293273925781 ], [ 76.982398986816406, 35.600982666015625 ], [ 76.976692199707031, 35.595973968505859 ], [ 76.964088439941406, 35.592674255371094 ], [ 76.955436706542969, 35.593547821044922 ], [ 76.947471618652344, 35.596225738525391 ], [ 76.938911437988281, 35.602371215820312 ], [ 76.931793212890625, 35.605007171630859 ], [ 76.92388916015625, 35.608596801757812 ], [ 76.915237426757812, 35.609462738037109 ], [ 76.907684326171875, 35.61395263671875 ], [ 76.900123596191406, 35.622344970703125 ], [ 76.892051696777344, 35.627548217773438 ], [ 76.876556396484375, 35.639064788818359 ], [ 76.870697021484375, 35.643703460693359 ], [ 76.860847473144531, 35.651741027832031 ], [ 76.858497619628906, 35.658279418945312 ], [ 76.854179382324219, 35.664909362792969 ], [ 76.850013732910156, 35.669692993164062 ], [ 76.842185974121094, 35.666389465332031 ], [ 76.833366394042969, 35.664966583251953 ], [ 76.823699951171875, 35.663581848144531 ], [ 76.813461303710938, 35.661991119384766 ], [ 76.796333312988281, 35.658428192138672 ], [ 76.788337707519531, 35.656730651855469 ], [ 76.778800964355469, 35.657176971435547 ], [ 76.768226623535156, 35.658809661865234 ], [ 76.757972717285156, 35.661121368408203 ], [ 76.752098083496094, 35.673786163330078 ], [ 76.748954772949219, 35.6812744140625 ], [ 76.742156982421875, 35.688701629638672 ], [ 76.730026245117188, 35.698825836181641 ], [ 76.723182678222656, 35.707477569580078 ], [ 76.716041564941406, 35.714229583740234 ], [ 76.707313537597656, 35.718299865722656 ], [ 76.700721740722656, 35.720668792724609 ], [ 76.695838928222656, 35.723117828369141 ], [ 76.695159912109375, 35.725742340087891 ], [ 76.691993713378906, 35.737129211425781 ], [ 76.690513610839844, 35.748443603515625 ], [ 76.681671142578125, 35.750911712646484 ], [ 76.672767639160156, 35.750839233398438 ], [ 76.6663818359375, 35.752819061279297 ], [ 76.65667724609375, 35.755519866943359 ], [ 76.648590087890625, 35.757793426513672 ], [ 76.639625549316406, 35.762802124023438 ], [ 76.633049011230469, 35.765678405761719 ], [ 76.626884460449219, 35.765323638916016 ], [ 76.619003295898438, 35.761756896972656 ], [ 76.604530334472656, 35.763805389404297 ], [ 76.598960876464844, 35.768875122070312 ], [ 76.592063903808594, 35.771018981933594 ], [ 76.584259033203125, 35.780971527099609 ], [ 76.578048706054688, 35.797348022460938 ], [ 76.572196960449219, 35.802425384521484 ], [ 76.568862915039062, 35.807395935058594 ], [ 76.563331604003906, 35.813148498535156 ], [ 76.563804626464844, 35.820240020751953 ], [ 76.569915771484375, 35.827312469482422 ], [ 76.579048156738281, 35.837459564208984 ], [ 76.585227966308594, 35.841316223144531 ], [ 76.58380126953125, 35.850090026855469 ], [ 76.580886840820312, 35.857063293457031 ], [ 76.579483032226562, 35.861358642578125 ], [ 76.577217102050781, 35.867454528808594 ], [ 76.579071044921875, 35.874008178710938 ], [ 76.583740234375, 35.880805969238281 ], [ 76.590675354003906, 35.88983154296875 ], [ 76.593376159667969, 35.895725250244141 ], [ 76.589942932128906, 35.907192230224609 ], [ 76.585105895996094, 35.914981842041016 ], [ 76.573570251464844, 35.921768188476562 ], [ 76.566604614257812, 35.922996520996094 ], [ 76.555526733398438, 35.924098968505859 ], [ 76.546356201171875, 35.920074462890625 ], [ 76.541847229003906, 35.913692474365234 ], [ 76.541221618652344, 35.904312133789062 ], [ 76.533332824707031, 35.895942687988281 ], [ 76.523200988769531, 35.887565612792969 ], [ 76.511009216308594, 35.881885528564453 ], [ 76.503433227539062, 35.882083892822266 ], [ 76.487663269042969, 35.887855529785156 ], [ 76.479331970214844, 35.889827728271484 ], [ 76.468902587890625, 35.886592864990234 ], [ 76.461700439453125, 35.881961822509766 ], [ 76.455123901367188, 35.87567138671875 ], [ 76.446609497070312, 35.866043090820312 ], [ 76.44073486328125, 35.860443115234375 ], [ 76.427268981933594, 35.852962493896484 ], [ 76.418258666992188, 35.851512908935547 ], [ 76.410728454589844, 35.851203918457031 ], [ 76.4002685546875, 35.852764129638672 ], [ 76.381080627441406, 35.857833862304688 ], [ 76.366813659667969, 35.86395263671875 ], [ 76.357429504394531, 35.858390808105469 ], [ 76.355484008789062, 35.849983215332031 ], [ 76.358917236328125, 35.842037200927734 ], [ 76.3623046875, 35.833400726318359 ], [ 76.363006591796875, 35.824867248535156 ], [ 76.345100402832031, 35.828861236572266 ], [ 76.335960388183594, 35.831317901611328 ], [ 76.327301025390625, 35.832603454589844 ], [ 76.3177490234375, 35.8330078125 ], [ 76.310317993164062, 35.835849761962891 ], [ 76.304054260253906, 35.839328765869141 ], [ 76.294662475585938, 35.842250823974609 ], [ 76.283668518066406, 35.842254638671875 ], [ 76.274765014648438, 35.839649200439453 ], [ 76.262237548828125, 35.837650299072266 ], [ 76.248931884765625, 35.836833953857422 ], [ 76.244857788085938, 35.834709167480469 ], [ 76.235099792480469, 35.840854644775391 ], [ 76.227836608886719, 35.837486267089844 ], [ 76.22308349609375, 35.826919555664062 ], [ 76.213203430175781, 35.823829650878906 ], [ 76.200538635253906, 35.824630737304688 ], [ 76.186569213867188, 35.821998596191406 ], [ 76.175140380859375, 35.824077606201172 ], [ 76.162391662597656, 35.822998046875 ], [ 76.157691955566406, 35.828929901123047 ], [ 76.151466369628906, 35.833084106445312 ], [ 76.144584655761719, 35.840251922607422 ], [ 76.142578125, 35.84765625 ], [ 76.145744323730469, 35.854427337646484 ], [ 76.152183532714844, 35.862880706787109 ], [ 76.151695251464844, 35.868637084960938 ], [ 76.149566650390625, 35.875148773193359 ], [ 76.153999328613281, 35.887798309326172 ], [ 76.158653259277344, 35.897102355957031 ], [ 76.160797119140625, 35.903648376464844 ], [ 76.161811828613281, 35.909538269042969 ], [ 76.162673950195312, 35.918197631835938 ], [ 76.153938293457031, 35.927505493164062 ], [ 76.147346496582031, 35.934886932373047 ], [ 76.144882202148438, 35.940723419189453 ], [ 76.137954711914062, 35.951789855957031 ], [ 76.132614135742188, 35.956829071044922 ], [ 76.125282287597656, 35.96148681640625 ], [ 76.116981506347656, 35.968704223632812 ], [ 76.114021301269531, 35.975711822509766 ], [ 76.109893798828125, 35.982070922851562 ], [ 76.104408264160156, 35.989177703857422 ], [ 76.100227355957031, 35.994625091552734 ], [ 76.099998474121094, 36.0 ], [ 76.100204467773438, 36.014316558837891 ], [ 76.093536376953125, 36.019664764404297 ], [ 76.086280822753906, 36.023876190185547 ], [ 76.074249267578125, 36.025203704833984 ], [ 76.062347412109375, 36.025299072265625 ], [ 76.053016662597656, 36.023342132568359 ], [ 76.041175842285156, 36.023017883300781 ], [ 76.031486511230469, 36.016246795654297 ], [ 76.018791198730469, 36.0150146484375 ], [ 76.000839233398438, 36.020481109619141 ], [ 75.986236572265625, 36.023616790771484 ], [ 75.975486755371094, 36.028621673583984 ], [ 75.961723327636719, 36.043136596679688 ], [ 75.956184387207031, 36.049613952636719 ], [ 75.950660705566406, 36.057464599609375 ], [ 75.948234558105469, 36.064826965332031 ], [ 75.951484680175781, 36.074649810791016 ], [ 75.951576232910156, 36.081066131591797 ], [ 75.944892883300781, 36.086868286132812 ], [ 75.942192077636719, 36.095146179199219 ], [ 75.941207885742188, 36.105014801025391 ], [ 75.944992065429688, 36.112541198730469 ], [ 75.94476318359375, 36.115982055664062 ], [ 75.936363220214844, 36.120655059814453 ], [ 75.930229187011719, 36.125759124755859 ], [ 75.928337097167969, 36.131278991699219 ], [ 75.936294555664062, 36.135097503662109 ], [ 75.950439453125, 36.137702941894531 ], [ 75.959846496582031, 36.144020080566406 ], [ 75.964202880859375, 36.151771545410156 ], [ 75.971946716308594, 36.159942626953125 ], [ 75.992301940917969, 36.162017822265625 ], [ 76.006721496582031, 36.163238525390625 ], [ 76.01080322265625, 36.171672821044922 ], [ 76.012901306152344, 36.179447174072266 ], [ 76.013053894042969, 36.189300537109375 ], [ 76.011505126953125, 36.198261260986328 ], [ 76.011070251464844, 36.206516265869141 ], [ 76.009254455566406, 36.217311859130859 ], [ 76.009422302246094, 36.227855682373047 ], [ 76.017425537109375, 36.233501434326172 ], [ 76.029548645019531, 36.231761932373047 ], [ 76.041862487792969, 36.224517822265625 ], [ 76.052276611328125, 36.221878051757812 ], [ 76.060768127441406, 36.222930908203125 ], [ 76.062034606933594, 36.230937957763672 ], [ 76.058837890625, 36.243125915527344 ], [ 76.052223205566406, 36.253288269042969 ], [ 76.041023254394531, 36.260063171386719 ], [ 76.026466369628906, 36.269889831542969 ], [ 76.021270751953125, 36.279277801513672 ], [ 76.019752502441406, 36.288928985595703 ], [ 76.013481140136719, 36.297611236572266 ], [ 76.005516052246094, 36.303783416748047 ], [ 75.996040344238281, 36.312828063964844 ], [ 75.991668701171875, 36.322731018066406 ], [ 75.984779357910156, 36.332698822021484 ], [ 75.983856201171875, 36.342052459716797 ], [ 75.988166809082031, 36.352573394775391 ], [ 75.992866516113281, 36.363990783691406 ], [ 75.999504089355469, 36.372169494628906 ], [ 76.009796142578125, 36.37847900390625 ], [ 76.020111083984375, 36.386157989501953 ], [ 76.0267333984375, 36.392967224121094 ], [ 76.031951904296875, 36.400703430175781 ], [ 76.032066345214844, 36.407810211181641 ], [ 76.030563354492188, 36.420207977294922 ], [ 76.025337219238281, 36.430122375488281 ], [ 76.021484375, 36.437271118164062 ], [ 76.017646789550781, 36.442279815673828 ], [ 76.017738342285156, 36.447940826416016 ], [ 76.016181945800781, 36.456855773925781 ], [ 76.012596130371094, 36.468963623046875 ], [ 76.007659912109375, 36.476474761962891 ], [ 76.002449035644531, 36.483528137207031 ], [ 75.992683410644531, 36.491222381591797 ], [ 75.982917785644531, 36.49822998046875 ], [ 75.9697265625, 36.509536743164062 ], [ 75.963127136230469, 36.515705108642578 ], [ 75.9580078125, 36.518009185791016 ], [ 75.953521728515625, 36.523403167724609 ], [ 75.949775695800781, 36.529972076416016 ], [ 75.948554992675781, 36.535228729248047 ], [ 75.947555541992188, 36.544609069824219 ], [ 75.944908142089844, 36.550537109375 ], [ 75.941139221191406, 36.555309295654297 ], [ 75.935653686523438, 36.560523986816406 ], [ 75.931632995605469, 36.563461303710938 ], [ 75.927291870117188, 36.568458557128906 ], [ 75.926063537597656, 36.573715209960938 ], [ 75.927955627441406, 36.579917907714844 ], [ 75.931228637695312, 36.588424682617188 ], [ 75.937904357910156, 36.597652435302734 ], [ 75.940589904785156, 36.599246978759766 ], [ 75.933341979980469, 36.603736877441406 ], [ 75.926727294921875, 36.607784271240234 ], [ 75.918655395507812, 36.613639831542969 ], [ 75.909965515136719, 36.621780395507812 ], [ 75.903602600097656, 36.627426147460938 ], [ 75.900711059570312, 36.630138397216797 ], [ 75.898696899414062, 36.631259918212891 ], [ 75.892936706542969, 36.634853363037109 ], [ 75.887153625488281, 36.639591217041016 ], [ 75.881057739257812, 36.645927429199219 ], [ 75.866317749023438, 36.657882690429688 ], [ 75.860267639160156, 36.661701202392578 ], [ 75.857391357421875, 36.66326904296875 ], [ 75.853660583496094, 36.665050506591797 ], [ 75.850196838378906, 36.667526245117188 ], [ 75.845291137695312, 36.670902252197266 ], [ 75.8394775390625, 36.677009582519531 ], [ 75.832221984863281, 36.684310913085938 ], [ 75.824302673339844, 36.690010070800781 ], [ 75.816680908203125, 36.692520141601562 ], [ 75.810890197753906, 36.697254180908203 ], [ 75.803947448730469, 36.702663421630859 ], [ 75.797019958496094, 36.707382202148438 ], [ 75.793861389160156, 36.708713531494141 ], [ 75.791244506835938, 36.711200714111328 ], [ 75.786903381347656, 36.714805603027344 ], [ 75.779434204101562, 36.717914581298828 ], [ 75.76995849609375, 36.721458435058594 ], [ 75.762474060058594, 36.725479125976562 ], [ 75.756263732910156, 36.727787017822266 ], [ 75.747383117675781, 36.736831665039062 ], [ 75.732177734375, 36.744285583496094 ], [ 75.719856262207031, 36.745899200439453 ], [ 75.708282470703125, 36.744991302490234 ], [ 75.701171875, 36.744590759277344 ], [ 75.692375183105469, 36.746726989746094 ], [ 75.685905456542969, 36.753196716308594 ], [ 75.677421569824219, 36.758308410644531 ], [ 75.664657592773438, 36.761619567871094 ], [ 75.634536743164062, 36.765979766845703 ], [ 75.626861572265625, 36.7667236328125 ], [ 75.616607666015625, 36.765884399414062 ], [ 75.601234436035156, 36.765308380126953 ], [ 75.586433410644531, 36.764728546142578 ], [ 75.575904846191406, 36.765033721923828 ], [ 75.568244934082031, 36.767379760742188 ], [ 75.553459167480469, 36.768630981445312 ], [ 75.537811279296875, 36.769195556640625 ], [ 75.533721923828125, 36.764686584472656 ], [ 75.533851623535156, 36.75653076171875 ], [ 75.533622741699219, 36.747898101806641 ], [ 75.533676147460938, 36.734378814697266 ], [ 75.533439636230469, 36.727954864501953 ], [ 75.530006408691406, 36.725685119628906 ], [ 75.5208740234375, 36.7225341796875 ], [ 75.508979797363281, 36.727886199951172 ], [ 75.4996337890625, 36.733219146728516 ], [ 75.4925537109375, 36.736019134521484 ], [ 75.485122680664062, 36.732856750488281 ], [ 75.468528747558594, 36.720806121826172 ], [ 75.458549499511719, 36.718116760253906 ], [ 75.455162048339844, 36.721347808837891 ], [ 75.450386047363281, 36.728252410888672 ], [ 75.446464538574219, 36.736072540283203 ], [ 75.442245483398438, 36.741142272949219 ], [ 75.435478210449219, 36.74920654296875 ], [ 75.430450439453125, 36.760700225830078 ], [ 75.424797058105469, 36.765773773193359 ], [ 75.41973876953125, 36.774288177490234 ], [ 75.420402526855469, 36.786209106445312 ], [ 75.421913146972656, 36.796745300292969 ], [ 75.421684265136719, 36.804542541503906 ], [ 75.424026489257812, 36.812553405761719 ], [ 75.427825927734375, 36.824680328369141 ], [ 75.431312561035156, 36.8333740234375 ], [ 75.429977416992188, 36.843929290771484 ], [ 75.426902770996094, 36.851512908935547 ], [ 75.424972534179688, 36.860008239746094 ], [ 75.420097351074219, 36.868309020996094 ], [ 75.416244506835938, 36.875797271728516 ], [ 75.408027648925781, 36.886226654052734 ], [ 75.397598266601562, 36.895244598388672 ], [ 75.391670227050781, 36.902610778808594 ], [ 75.388908386230469, 36.91156005859375 ], [ 75.390869140625, 36.919414520263672 ], [ 75.395256042480469, 36.931568145751953 ], [ 75.410530090332031, 36.941688537597656 ], [ 75.406562805175781, 36.95062255859375 ], [ 75.387786865234375, 36.95513916015625 ], [ 75.375473022460938, 36.949245452880859 ], [ 75.365501403808594, 36.951591491699219 ], [ 75.354690551757812, 36.954627990722656 ], [ 75.344993591308594, 36.955593109130859 ], [ 75.325897216796875, 36.958442687988281 ], [ 75.31964111328125, 36.962139129638672 ], [ 75.308547973632812, 36.967464447021484 ], [ 75.296875, 36.970962524414062 ], [ 75.283454895019531, 36.9703369140625 ], [ 75.270889282226562, 36.968097686767578 ], [ 75.261734008789062, 36.965389251708984 ], [ 75.254875183105469, 36.962207794189453 ], [ 75.23516845703125, 36.958164215087891 ], [ 75.226043701171875, 36.960491180419922 ], [ 75.213523864746094, 36.966506958007812 ], [ 75.200698852539062, 36.969993591308594 ], [ 75.183868408203125, 36.971889495849609 ], [ 75.176475524902344, 36.977420806884766 ], [ 75.169380187988281, 36.985012054443359 ], [ 75.162559509277344, 36.992603302001953 ], [ 75.167182922363281, 37.005428314208984 ], [ 75.166351318359375, 37.011157989501953 ], [ 75.159812927246094, 37.015541076660156 ], [ 75.14984130859375, 37.021533966064453 ], [ 75.143295288085938, 37.025913238525391 ], [ 75.137847900390625, 37.022495269775391 ], [ 75.125534057617188, 37.012672424316406 ], [ 75.117515563964844, 37.006050109863281 ], [ 75.106948852539062, 37.005851745605469 ], [ 75.094680786132812, 37.007492065429688 ], [ 75.080406188964844, 37.007076263427734 ], [ 75.071258544921875, 37.003890991210938 ], [ 75.062110900878906, 37.000019073486328 ], [ 75.053550720214844, 37.001644134521484 ], [ 75.0469970703125, 37.005790710449219 ], [ 75.041015625, 37.011077880859375 ], [ 75.031600952148438, 37.013393402099609 ], [ 75.022171020507812, 37.010662078857422 ], [ 75.015312194824219, 37.006553649902344 ], [ 75.007011413574219, 36.999233245849609 ], [ 75.001296997070312, 36.996952056884766 ], [ 74.992439270019531, 36.993759155273438 ], [ 74.977882385253906, 36.9940185546875 ], [ 74.975601196289062, 36.994022369384766 ], [ 74.966178894042969, 36.993350982666016 ], [ 74.954185485839844, 36.989475250244141 ], [ 74.94561767578125, 36.985591888427734 ], [ 74.936477661132812, 36.980564117431641 ], [ 74.927619934082031, 36.972553253173828 ], [ 74.925086975097656, 36.965068817138672 ], [ 74.923393249511719, 36.956264495849609 ], [ 74.923698425292969, 36.948635101318359 ], [ 74.921302795410156, 36.941608428955078 ], [ 74.917304992675781, 36.93634033203125 ], [ 74.910171508789062, 36.934055328369141 ], [ 74.899620056152344, 36.934757232666016 ], [ 74.890205383300781, 36.936145782470703 ], [ 74.88336181640625, 36.939594268798828 ], [ 74.877799987792969, 36.945396423339844 ], [ 74.874427795410156, 36.953117370605469 ], [ 74.872947692871094, 36.959560394287109 ], [ 74.8690185546875, 36.968681335449219 ], [ 74.864295959472656, 36.980457305908203 ], [ 74.861412048339844, 36.986984252929688 ], [ 74.859138488769531, 36.994186401367188 ], [ 74.854286193847656, 37.000835418701172 ], [ 74.847526550292969, 37.007518768310547 ], [ 74.841354370117188, 37.014026641845703 ], [ 74.839920043945312, 37.020923614501953 ], [ 74.842300415039062, 37.029506683349609 ], [ 74.842018127441406, 37.043720245361328 ], [ 74.840873718261719, 37.051059722900391 ], [ 74.834877014160156, 37.055881500244141 ], [ 74.823738098144531, 37.0517578125 ], [ 74.807167053222656, 37.051536560058594 ], [ 74.796028137207031, 37.046958923339844 ], [ 74.792037963867188, 37.038475036621094 ], [ 74.790611267089844, 37.029991149902344 ], [ 74.780052185058594, 37.02288818359375 ], [ 74.771476745605469, 37.023574829101562 ], [ 74.765769958496094, 37.025642395019531 ], [ 74.754058837890625, 37.028163909912109 ], [ 74.7420654296875, 37.026557922363281 ], [ 74.732643127441406, 37.025867462158203 ], [ 74.726356506347656, 37.029304504394531 ], [ 74.721778869628906, 37.035495758056641 ], [ 74.7203369140625, 37.04443359375 ], [ 74.722610473632812, 37.051773071289062 ], [ 74.723167419433594, 37.060028076171875 ], [ 74.719451904296875, 37.061634063720703 ], [ 74.713157653808594, 37.066905975341797 ], [ 74.709144592285156, 37.075611114501953 ], [ 74.705986022949219, 37.084323883056641 ], [ 74.69940185546875, 37.091888427734375 ], [ 74.689399719238281, 37.090278625488281 ], [ 74.679695129394531, 37.083625793457031 ], [ 74.671707153320312, 37.077655792236328 ], [ 74.664283752441406, 37.072376251220703 ], [ 74.650009155273438, 37.069843292236328 ], [ 74.638870239257812, 37.067310333251953 ], [ 74.631446838378906, 37.064323425292969 ], [ 74.624053955078125, 37.053306579589844 ], [ 74.617782592773438, 37.046421051025391 ], [ 74.610374450683594, 37.041828155517578 ], [ 74.597816467285156, 37.037456512451172 ], [ 74.585830688476562, 37.03399658203125 ], [ 74.571563720703125, 37.032142639160156 ], [ 74.563026428222656, 37.037830352783203 ], [ 74.549972534179688, 37.046810150146484 ], [ 74.543792724609375, 37.053131103515625 ], [ 74.540023803710938, 37.062122344970703 ], [ 74.534835815429688, 37.075183868408203 ], [ 74.528236389160156, 37.080673217773438 ], [ 74.517959594726562, 37.078815460205078 ], [ 74.511978149414062, 37.074447631835938 ], [ 74.503448486328125, 37.064113616943359 ], [ 74.496559143066406, 37.070289611816406 ], [ 74.495941162109375, 37.080833435058594 ], [ 74.494468688964844, 37.090457916259766 ], [ 74.488723754882812, 37.097553253173828 ], [ 74.48980712890625, 37.110397338867188 ], [ 74.485755920410156, 37.120475769042969 ], [ 74.477447509765625, 37.124584197998047 ], [ 74.466278076171875, 37.127079010009766 ], [ 74.460525512695312, 37.133712768554688 ], [ 74.4619140625, 37.142429351806641 ], [ 74.473030090332031, 37.151401519775391 ], [ 74.481285095214844, 37.159675598144531 ], [ 74.487541198730469, 37.167255401611328 ], [ 74.489486694335938, 37.179412841796875 ], [ 74.483161926269531, 37.186733245849609 ], [ 74.475959777832031, 37.196117401123047 ], [ 74.48193359375, 37.203697204589844 ], [ 74.492774963378906, 37.212894439697266 ], [ 74.499610900878906, 37.219329833984375 ], [ 74.503578186035156, 37.228282928466797 ], [ 74.504692077636719, 37.236766815185547 ], [ 74.516693115234375, 37.241836547851562 ], [ 74.532157897949219, 37.242782592773438 ], [ 74.54217529296875, 37.244178771972656 ], [ 74.55047607421875, 37.245800018310547 ], [ 74.558792114257812, 37.244209289550781 ], [ 74.56683349609375, 37.236427307128906 ], [ 74.572868347167969, 37.231159210205078 ], [ 74.584892272949219, 37.232555389404297 ], [ 74.590309143066406, 37.239902496337891 ], [ 74.591705322265625, 37.250221252441406 ], [ 74.596267700195312, 37.257106781005859 ], [ 74.601425170898438, 37.256881713867188 ], [ 74.616035461425781, 37.255756378173828 ], [ 74.624900817871094, 37.261268615722656 ], [ 74.632347106933594, 37.260818481445312 ], [ 74.639236450195312, 37.256698608398438 ], [ 74.644981384277344, 37.250743865966797 ], [ 74.650444030761719, 37.241115570068359 ], [ 74.659904479980469, 37.236537933349609 ], [ 74.665351867675781, 37.236087799072266 ], [ 74.668777465820312, 37.239757537841797 ], [ 74.677627563476562, 37.253749847412109 ], [ 74.683631896972656, 37.261550903320312 ], [ 74.694793701171875, 37.267059326171875 ], [ 74.71282958984375, 37.274177551269531 ], [ 74.723129272460938, 37.280368804931641 ], [ 74.733444213867188, 37.281978607177734 ], [ 74.744621276855469, 37.280143737792969 ], [ 74.750930786132812, 37.278312683105469 ], [ 74.756378173828125, 37.2762451171875 ], [ 74.761253356933594, 37.271430969238281 ], [ 74.766128540039062, 37.263637542724609 ], [ 74.771575927734375, 37.256984710693359 ], [ 74.774444580078125, 37.252399444580078 ], [ 74.781608581542969, 37.247585296630859 ], [ 74.786766052246094, 37.244602203369141 ], [ 74.791351318359375, 37.239326477050781 ], [ 74.798515319824219, 37.231986999511719 ], [ 74.804817199707031, 37.22052001953125 ], [ 74.811119079589844, 37.213180541992188 ], [ 74.819419860839844, 37.213634490966797 ], [ 74.832878112792969, 37.216381072998047 ], [ 74.846046447753906, 37.218891143798828 ], [ 74.865806579589844, 37.219104766845703 ], [ 74.882698059082031, 37.222068786621094 ], [ 74.885826110839844, 37.229564666748047 ], [ 74.896385192871094, 37.230918884277344 ], [ 74.908340454101562, 37.233894348144531 ], [ 74.913070678710938, 37.238796234130859 ], [ 74.916885375976562, 37.245510101318359 ], [ 74.919151306152344, 37.256095886230469 ], [ 74.914466857910156, 37.268836975097656 ], [ 74.916244506835938, 37.276660919189453 ], [ 74.930061340332031, 37.284938812255859 ], [ 74.941139221191406, 37.288581848144531 ], [ 74.954002380371094, 37.290420532226562 ], [ 74.970901489257812, 37.291416168212891 ], [ 74.984420776367188, 37.290290832519531 ], [ 74.999595642089844, 37.291709899902344 ], [ 75.014686584472656, 37.295646667480469 ], [ 75.027145385742188, 37.301822662353516 ], [ 75.043632507324219, 37.307384490966797 ], [ 75.061927795410156, 37.30999755859375 ], [ 75.078140258789062, 37.315547943115234 ], [ 75.089561462402344, 37.317577362060547 ], [ 75.103927612304688, 37.317138671875 ], [ 75.115074157714844, 37.318931579589844 ], [ 75.118087768554688, 37.324253082275391 ], [ 75.118728637695312, 37.332283020019531 ], [ 75.122482299804688, 37.342197418212891 ], [ 75.12744140625, 37.350070953369141 ], [ 75.134178161621094, 37.355686187744141 ], [ 75.135467529296875, 37.3612060546875 ], [ 75.135581970214844, 37.367622375488281 ], [ 75.127151489257812, 37.373516082763672 ], [ 75.123428344726562, 37.381622314453125 ], [ 75.122093200683594, 37.388473510742188 ], [ 75.127395629882812, 37.394290924072266 ], [ 75.133575439453125, 37.399436950683594 ], [ 75.142036437988281, 37.405303955078125 ], [ 75.148025512695312, 37.407238006591797 ], [ 75.151664733886719, 37.410736083984375 ], [ 75.151840209960938, 37.414863586425781 ], [ 75.150291442871094, 37.419189453125 ], [ 75.145172119140625, 37.427810668945312 ], [ 75.139381408691406, 37.440086364746094 ], [ 75.130958557128906, 37.453922271728516 ], [ 75.123863220214844, 37.460903167724609 ], [ 75.1162109375, 37.467418670654297 ], [ 75.1051025390625, 37.473873138427734 ], [ 75.091156005859375, 37.489448547363281 ], [ 75.07965087890625, 37.499786376953125 ], [ 75.072196960449219, 37.509052276611328 ], [ 75.069351196289062, 37.518165588378906 ], [ 75.066993713378906, 37.51995849609375 ], [ 75.064704895019531, 37.519691467285156 ], [ 75.060760498046875, 37.516414642333984 ], [ 75.050971984863281, 37.506393432617188 ], [ 75.040794372558594, 37.499797821044922 ], [ 75.037055969238281, 37.499732971191406 ], [ 75.034088134765625, 37.502887725830078 ], [ 75.031974792480469, 37.506515502929688 ], [ 75.029609680175781, 37.508537292480469 ], [ 75.023857116699219, 37.508663177490234 ], [ 75.018989562988281, 37.507659912109375 ], [ 75.013801574707031, 37.507797241210938 ], [ 75.009712219238281, 37.510013580322266 ], [ 75.007896423339844, 37.513191223144531 ], [ 75.004875183105469, 37.517948150634766 ], [ 75.002655029296875, 37.525241851806641 ], [ 74.9970703125, 37.529266357421875 ], [ 74.989753723144531, 37.533256530761719 ], [ 74.976898193359375, 37.539897918701172 ], [ 74.96612548828125, 37.543827056884766 ], [ 74.954154968261719, 37.549564361572266 ], [ 74.937736511230469, 37.559345245361328 ], [ 74.922088623046875, 37.572116851806641 ], [ 74.913467407226562, 37.581119537353516 ], [ 74.908523559570312, 37.592254638671875 ], [ 74.906814575195312, 37.601158142089844 ], [ 74.909500122070312, 37.607624053955078 ], [ 74.914405822753906, 37.617111206054688 ], [ 74.91302490234375, 37.624645233154297 ], [ 74.908729553222656, 37.633270263671875 ], [ 74.90155029296875, 37.641845703125 ], [ 74.892745971679688, 37.656574249267578 ], [ 74.890289306640625, 37.661338806152344 ], [ 74.889503479003906, 37.668426513671875 ], [ 74.895126342773438, 37.673114776611328 ], [ 74.902786254882812, 37.677383422851562 ], [ 74.912368774414062, 37.684894561767578 ], [ 74.917579650878906, 37.693927764892578 ], [ 74.921653747558594, 37.702480316162109 ], [ 74.926155090332031, 37.706459045410156 ], [ 74.936294555664062, 37.714668273925781 ], [ 74.946357727050781, 37.725620269775391 ], [ 74.961517333984375, 37.740329742431641 ], [ 74.970710754394531, 37.751724243164062 ], [ 74.978324890136719, 37.758049011230469 ], [ 74.989387512207031, 37.764892578125 ], [ 75.0018310546875, 37.774051666259766 ], [ 75.004600524902344, 37.778224945068359 ], [ 75.005279541015625, 37.784652709960938 ], [ 75.003128051757812, 37.789196014404297 ], [ 74.997825622558594, 37.792770385742188 ], [ 74.988105773925781, 37.799007415771484 ], [ 74.977256774902344, 37.804542541503906 ], [ 74.957328796386719, 37.814033508300781 ], [ 74.943840026855469, 37.820430755615234 ], [ 74.92913818359375, 37.828865051269531 ], [ 74.919349670410156, 37.837162017822266 ], [ 74.914772033691406, 37.845325469970703 ], [ 74.915092468261719, 37.853809356689453 ], [ 74.919822692871094, 37.860080718994141 ], [ 74.926780700683594, 37.869148254394531 ], [ 74.931159973144531, 37.877479553222656 ], [ 74.931838989257812, 37.883674621582031 ], [ 74.925865173339844, 37.889980316162109 ], [ 74.917488098144531, 37.899219512939453 ], [ 74.913528442382812, 37.905792236328125 ], [ 74.915252685546875, 37.915676116943359 ], [ 74.916648864746094, 37.927158355712891 ], [ 74.913436889648438, 37.937637329101562 ], [ 74.909660339355469, 37.947647094726562 ], [ 74.905570983886719, 37.958339691162109 ], [ 74.905921936035156, 37.965908050537109 ], [ 74.907211303710938, 37.971202850341797 ], [ 74.913627624511719, 37.979339599609375 ], [ 74.916000366210938, 37.987174987792969 ], [ 74.916824340820312, 37.998188018798828 ], [ 74.917900085449219, 38.010578155517578 ], [ 74.917129516601562, 38.016979217529297 ], [ 74.91180419921875, 38.020549774169922 ], [ 74.903633117675781, 38.022457122802734 ], [ 74.888282775878906, 38.022171020507812 ], [ 74.876708984375, 38.021492004394531 ], [ 74.869087219238281, 38.024330139160156 ], [ 74.861869812011719, 38.032669067382812 ], [ 74.855781555175781, 38.04217529296875 ], [ 74.850547790527344, 38.051929473876953 ], [ 74.849159240722656, 38.059234619140625 ], [ 74.849822998046875, 38.065891265869141 ], [ 74.847061157226562, 38.070880889892578 ], [ 74.840606689453125, 38.073276519775391 ], [ 74.830093383789062, 38.075595855712891 ], [ 74.821830749511719, 38.08001708984375 ], [ 74.817039489746094, 38.084735870361328 ], [ 74.813873291015625, 38.093154907226562 ], [ 74.813850402832031, 38.103233337402344 ], [ 74.812881469726562, 38.115585327148438 ], [ 74.811477661132812, 38.123119354248047 ], [ 74.812164306640625, 38.128860473632812 ], [ 74.810920715332031, 38.131587982177734 ], [ 74.809608459472656, 38.136375427246094 ], [ 74.804397583007812, 38.144981384277344 ], [ 74.799766540527344, 38.153823852539062 ], [ 74.797035217285156, 38.166603088378906 ], [ 74.795654296875, 38.182613372802734 ], [ 74.795913696289062, 38.201866149902344 ], [ 74.798263549804688, 38.219322204589844 ], [ 74.79730224609375, 38.231216430664062 ], [ 74.7938232421875, 38.240085601806641 ], [ 74.791885375976562, 38.246234893798828 ], [ 74.791778564453125, 38.258602142333984 ], [ 74.793869018554688, 38.265975952148438 ], [ 74.796356201171875, 38.279083251953125 ], [ 74.799446105957031, 38.291744232177734 ], [ 74.801406860351562, 38.303237915039062 ], [ 74.800071716308594, 38.308712005615234 ], [ 74.791770935058594, 38.313362121582031 ], [ 74.78521728515625, 38.318275451660156 ], [ 74.781845092773438, 38.323474884033203 ], [ 74.78076171875, 38.330101013183594 ], [ 74.778327941894531, 38.342422485351562 ], [ 74.780975341796875, 38.350723266601562 ], [ 74.7861328125, 38.353343963623047 ], [ 74.803947448730469, 38.360794067382812 ], [ 74.821456909179688, 38.368694305419922 ], [ 74.840797424316406, 38.374103546142578 ], [ 74.853912353515625, 38.383285522460938 ], [ 74.863739013671875, 38.394927978515625 ], [ 74.867828369140625, 38.403942108154297 ], [ 74.869499206542969, 38.415885925292969 ], [ 74.868057250976562, 38.424793243408203 ], [ 74.865676879882812, 38.435745239257812 ], [ 74.862220764160156, 38.443927764892578 ], [ 74.859207153320312, 38.456470489501953 ], [ 74.855392456054688, 38.466705322265625 ], [ 74.852752685546875, 38.476509094238281 ], [ 74.849884033203125, 38.484245300292969 ], [ 74.842216491699219, 38.487075805664062 ], [ 74.83544921875, 38.488780975341797 ], [ 74.823829650878906, 38.487411499023438 ], [ 74.810722351074219, 38.486698150634766 ], [ 74.803314208984375, 38.490451812744141 ], [ 74.797615051269531, 38.495380401611328 ], [ 74.793327331542969, 38.501712799072266 ], [ 74.791244506835938, 38.512210845947266 ], [ 74.790321350097656, 38.522731781005859 ], [ 74.789199829101562, 38.530269622802734 ], [ 74.785011291503906, 38.533626556396484 ], [ 74.780326843261719, 38.533992767333984 ], [ 74.772994995117188, 38.535221099853516 ], [ 74.766006469726562, 38.534626007080078 ], [ 74.756362915039062, 38.535125732421875 ], [ 74.748420715332031, 38.536800384521484 ], [ 74.742088317871094, 38.534156799316406 ], [ 74.731727600097656, 38.529594421386719 ], [ 74.722183227539062, 38.527114868164062 ], [ 74.713638305664062, 38.529460906982422 ], [ 74.710037231445312, 38.532596588134766 ], [ 74.708724975585938, 38.536922454833984 ], [ 74.707061767578125, 38.543075561523438 ], [ 74.701065063476562, 38.547767639160156 ], [ 74.69207763671875, 38.5546875 ], [ 74.678947448730469, 38.563125610351562 ], [ 74.654754638671875, 38.579124450683594 ], [ 74.64251708984375, 38.586891174316406 ], [ 74.634445190429688, 38.592220306396484 ], [ 74.627082824707031, 38.593902587890625 ], [ 74.621803283691406, 38.594478607177734 ], [ 74.612770080566406, 38.593833923339844 ], [ 74.60400390625, 38.593875885009766 ], [ 74.597824096679688, 38.595348358154297 ], [ 74.588905334472656, 38.599742889404297 ], [ 74.580459594726562, 38.607353210449219 ], [ 74.574798583984375, 38.610439300537109 ], [ 74.571014404296875, 38.610130310058594 ], [ 74.569351196289062, 38.607578277587891 ], [ 74.567214965820312, 38.601802825927734 ], [ 74.559707641601562, 38.599349975585938 ], [ 74.5538330078125, 38.600143432617188 ], [ 74.548446655273438, 38.603694915771484 ], [ 74.544212341308594, 38.607952117919922 ], [ 74.534500122070312, 38.618053436279297 ], [ 74.522109985351562, 38.629470825195312 ], [ 74.511642456054688, 38.636116027832031 ], [ 74.503684997558594, 38.637775421142578 ], [ 74.493820190429688, 38.635955810546875 ], [ 74.480148315429688, 38.634052276611328 ], [ 74.4681396484375, 38.63470458984375 ], [ 74.444412231445312, 38.634101867675781 ], [ 74.436019897460938, 38.635772705078125 ], [ 74.42730712890625, 38.640205383300781 ], [ 74.4163818359375, 38.643169403076172 ], [ 74.399017333984375, 38.646209716796875 ], [ 74.385398864746094, 38.650714874267578 ], [ 74.374725341796875, 38.654823303222656 ], [ 74.364738464355469, 38.655967712402344 ], [ 74.350929260253906, 38.657711029052734 ], [ 74.33428955078125, 38.657096862792969 ], [ 74.309471130371094, 38.656055450439453 ], [ 74.285530090332031, 38.655261993408203 ], [ 74.266761779785156, 38.656650543212891 ], [ 74.247978210449219, 38.65826416015625 ], [ 74.219490051269531, 38.661468505859375 ], [ 74.205230712890625, 38.667079925537109 ], [ 74.185089111328125, 38.673236846923828 ], [ 74.174125671386719, 38.676860809326172 ], [ 74.163864135742188, 38.677524566650391 ], [ 74.152580261230469, 38.679485321044922 ], [ 74.145339965820312, 38.681571960449219 ], [ 74.138946533203125, 38.678741455078125 ], [ 74.134590148925781, 38.670841217041016 ], [ 74.127693176269531, 38.653713226318359 ], [ 74.119659423828125, 38.635868072509766 ], [ 74.117042541503906, 38.628471374511719 ], [ 74.107467651367188, 38.6197509765625 ], [ 74.095771789550781, 38.612812042236328 ], [ 74.087005615234375, 38.605712890625 ], [ 74.078010559082031, 38.597236633300781 ], [ 74.074005126953125, 38.58819580078125 ], [ 74.074974060058594, 38.572181701660156 ], [ 74.078689575195312, 38.560131072998047 ], [ 74.0848388671875, 38.552726745605469 ], [ 74.086097717285156, 38.550468444824219 ], [ 74.082984924316406, 38.548099517822266 ], [ 74.075508117675781, 38.545387268066406 ], [ 74.065628051757812, 38.544219970703125 ], [ 74.047904968261719, 38.542160034179688 ], [ 74.037124633789062, 38.541652679443359 ], [ 74.031280517578125, 38.541728973388672 ], [ 74.020912170410156, 38.538482666015625 ], [ 74.011749267578125, 38.534347534179688 ], [ 73.997032165527344, 38.530300140380859 ], [ 73.985313415527344, 38.531368255615234 ], [ 73.973800659179688, 38.534271240234375 ], [ 73.965011596679688, 38.534954071044922 ], [ 73.951553344726562, 38.535518646240234 ], [ 73.934051513671875, 38.5352783203125 ], [ 73.923202514648438, 38.536365509033203 ], [ 73.914924621582031, 38.538661956787109 ], [ 73.906303405761719, 38.542098999023438 ], [ 73.900199890136719, 38.548122406005859 ], [ 73.898399353027344, 38.555862426757812 ], [ 73.894439697265625, 38.566070556640625 ], [ 73.890296936035156, 38.580394744873047 ], [ 73.88360595703125, 38.586399078369141 ], [ 73.878059387207031, 38.586250305175781 ], [ 73.864906311035156, 38.586349487304688 ], [ 73.84912109375, 38.586605072021484 ], [ 73.839401245117188, 38.588401794433594 ], [ 73.833396911621094, 38.591903686523438 ], [ 73.818733215332031, 38.599517822265625 ], [ 73.808174133300781, 38.606792449951172 ], [ 73.801025390625, 38.609798431396484 ], [ 73.795989990234375, 38.611263275146484 ], [ 73.794593811035156, 38.616264343261719 ], [ 73.795547485351562, 38.620876312255859 ], [ 73.796516418457031, 38.625255584716797 ], [ 73.797828674316406, 38.634918212890625 ], [ 73.794883728027344, 38.641555786132812 ], [ 73.792579650878906, 38.651103973388672 ], [ 73.793266296386719, 38.658737182617188 ], [ 73.793411254882812, 38.661949157714844 ], [ 73.793731689453125, 38.667690277099609 ], [ 73.792236328125, 38.674980163574219 ], [ 73.788314819335938, 38.677391052246094 ], [ 73.782707214355469, 38.678607940673828 ], [ 73.775306701660156, 38.680465698242188 ], [ 73.768180847167969, 38.683681488037109 ], [ 73.756996154785156, 38.708099365234375 ], [ 73.745513916015625, 38.70928955078125 ], [ 73.734909057617188, 38.710502624511719 ], [ 73.715103149414062, 38.709083557128906 ], [ 73.706336975097656, 38.708763122558594 ], [ 73.689918518066406, 38.709300994873047 ], [ 73.645576477050781, 38.721412658691406 ], [ 73.624099731445312, 38.727951049804688 ], [ 73.615814208984375, 38.734066009521484 ], [ 73.607376098632812, 38.742698669433594 ], [ 73.576644897460938, 38.770679473876953 ], [ 73.563941955566406, 38.791084289550781 ], [ 73.556144714355469, 38.812587738037109 ], [ 73.559898376464844, 38.822830200195312 ], [ 73.568572998046875, 38.829360961914062 ], [ 73.585662841796875, 38.82794189453125 ], [ 73.635498046875, 38.832576751708984 ], [ 73.637107849121094, 38.839756011962891 ], [ 73.639602661132812, 38.846733093261719 ], [ 73.645797729492188, 38.855690002441406 ], [ 73.656814575195312, 38.857704162597656 ], [ 73.668571472167969, 38.857227325439453 ], [ 73.696128845214844, 38.857330322265625 ], [ 73.696098327636719, 38.867427825927734 ], [ 73.698715209960938, 38.877395629882812 ], [ 73.702239990234375, 38.886932373046875 ], [ 73.715347290039062, 38.903022766113281 ], [ 73.719642639160156, 38.90960693359375 ], [ 73.739837646484375, 38.939491271972656 ], [ 73.751121520996094, 38.937381744384766 ], [ 73.769332885742188, 38.937126159667969 ], [ 73.778022766113281, 38.934230804443359 ], [ 73.786231994628906, 38.929477691650391 ], [ 73.7987060546875, 38.926948547363281 ], [ 73.815605163574219, 38.914249420166016 ], [ 73.823356628417969, 38.917049407958984 ], [ 73.827293395996094, 38.924991607666016 ], [ 73.837799072265625, 38.935924530029297 ], [ 73.840957641601562, 38.947052001953125 ], [ 73.84552001953125, 38.961593627929688 ], [ 73.843284606933594, 38.972122192382812 ], [ 73.836776733398438, 38.982601165771484 ], [ 73.832710266113281, 39.002059936523438 ], [ 73.831047058105469, 39.010261535644531 ], [ 73.81927490234375, 39.032497406005859 ], [ 73.819168090820312, 39.034782409667969 ], [ 73.819549560546875, 39.039375305175781 ], [ 73.818984985351562, 39.045318603515625 ], [ 73.8162841796875, 39.046390533447266 ], [ 73.812782287597656, 39.045833587646484 ], [ 73.809341430664062, 39.043907165527344 ], [ 73.804092407226562, 39.043075561523438 ], [ 73.796195983886719, 39.042167663574219 ], [ 73.793937683105469, 39.040042877197266 ], [ 73.791908264160156, 39.033115386962891 ], [ 73.790061950683594, 39.028480529785156 ], [ 73.784683227539062, 39.023372650146484 ], [ 73.784378051757812, 39.019367218017578 ], [ 73.766059875488281, 39.025814056396484 ], [ 73.749404907226562, 39.0242919921875 ], [ 73.742660522460938, 39.028861999511719 ], [ 73.735862731933594, 39.034351348876953 ], [ 73.731338500976562, 39.045890808105469 ], [ 73.721916198730469, 39.060688018798828 ], [ 73.711105346679688, 39.078880310058594 ], [ 73.712409973144531, 39.086502075195312 ], [ 73.715286254882812, 39.101978302001953 ], [ 73.713996887207031, 39.108589172363281 ], [ 73.7103271484375, 39.125434875488281 ], [ 73.680587768554688, 39.154396057128906 ], [ 73.672653198242188, 39.154102325439453 ], [ 73.665061950683594, 39.153133392333984 ], [ 73.658233642578125, 39.158843994140625 ], [ 73.654533386230469, 39.166282653808594 ], [ 73.653457641601562, 39.183681488037109 ], [ 73.647598266601562, 39.197456359863281 ], [ 73.643180847167969, 39.206932067871094 ], [ 73.634422302246094, 39.219913482666016 ], [ 73.62548828125, 39.230823516845703 ], [ 73.619911193847656, 39.235206604003906 ], [ 73.605865478515625, 39.242938995361328 ], [ 73.593772888183594, 39.238353729248047 ], [ 73.576393127441406, 39.238155364990234 ], [ 73.569313049316406, 39.242935180664062 ], [ 73.562202453613281, 39.248172760009766 ], [ 73.558799743652344, 39.259979248046875 ], [ 73.551734924316406, 39.269115447998047 ], [ 73.542999267578125, 39.271995544433594 ], [ 73.530036926269531, 39.271732330322266 ], [ 73.475936889648438, 39.278373718261719 ], [ 73.464004516601562, 39.280437469482422 ], [ 73.461265563964844, 39.280426025390625 ], [ 73.458854675292969, 39.281154632568359 ], [ 73.453788757324219, 39.282146453857422 ], [ 73.448684692382812, 39.283824920654297 ], [ 73.44696044921875, 39.288810729980469 ], [ 73.447280883789062, 39.294090270996094 ], [ 73.449134826660156, 39.304000854492188 ], [ 73.451225280761719, 39.3150634765625 ], [ 73.4560546875, 39.324600219726562 ], [ 73.460289001464844, 39.328395843505859 ], [ 73.469024658203125, 39.330722808837891 ], [ 73.483345031738281, 39.333675384521484 ], [ 73.486808776855469, 39.335155487060547 ], [ 73.494949340820312, 39.337692260742188 ], [ 73.501327514648438, 39.339942932128906 ], [ 73.505775451660156, 39.345577239990234 ], [ 73.505828857421875, 39.350387573242188 ], [ 73.50408935546875, 39.355606079101562 ], [ 73.502059936523438, 39.366542816162109 ], [ 73.50445556640625, 39.377613067626953 ], [ 73.508880615234375, 39.38275146484375 ], [ 73.514823913574219, 39.387214660644531 ], [ 73.517601013183594, 39.388053894042969 ], [ 73.565948486328125, 39.394252777099609 ], [ 73.573593139648438, 39.399589538574219 ], [ 73.580604553222656, 39.410179138183594 ], [ 73.584266662597656, 39.417659759521484 ], [ 73.585563659667969, 39.425281524658203 ], [ 73.588546752929688, 39.438930511474609 ], [ 73.590782165527344, 39.445667266845703 ], [ 73.600341796875, 39.458187103271484 ], [ 73.63702392578125, 39.466228485107422 ], [ 73.64324951171875, 39.471088409423828 ], [ 73.646881103515625, 39.475028991699219 ], [ 73.650108337402344, 39.481533050537109 ], [ 73.656761169433594, 39.490890502929688 ], [ 73.662841796875, 39.493583679199219 ], [ 73.668785095214844, 39.493854522705078 ], [ 73.67523193359375, 39.494186401367188 ], [ 73.67901611328125, 39.493553161621094 ], [ 73.684959411621094, 39.493045806884766 ], [ 73.691795349121094, 39.492561340332031 ], [ 73.705192565917969, 39.490898132324219 ], [ 73.729827880859375, 39.48956298828125 ], [ 73.7386474609375, 39.490737915039062 ], [ 73.747611999511719, 39.494892120361328 ], [ 73.758750915527344, 39.497047424316406 ], [ 73.769599914550781, 39.499191284179688 ], [ 73.773078918457031, 39.500221252441406 ], [ 73.780990600585938, 39.502269744873047 ], [ 73.78814697265625, 39.507282257080078 ], [ 73.7896728515625, 39.512363433837891 ], [ 73.789962768554688, 39.518550872802734 ], [ 73.789947509765625, 39.524959564208984 ], [ 73.789787292480469, 39.528156280517578 ], [ 73.790275573730469, 39.530235290527344 ], [ 73.792228698730469, 39.532806396484375 ], [ 73.793228149414062, 39.5364990234375 ], [ 73.793914794921875, 39.540637969970703 ], [ 73.793159484863281, 39.549999237060547 ], [ 73.794921875, 39.562408447265625 ], [ 73.794090270996094, 39.573371887207031 ], [ 73.794387817382812, 39.58551025390625 ], [ 73.799781799316406, 39.596420288085938 ], [ 73.808052062988281, 39.603069305419922 ], [ 73.819351196289062, 39.608425140380859 ], [ 73.825698852539062, 39.612037658691406 ], [ 73.830322265625, 39.614459991455078 ], [ 73.833198547363281, 39.616371154785156 ], [ 73.835182189941406, 39.618259429931641 ], [ 73.837692260742188, 39.621536254882812 ], [ 73.844078063964844, 39.630413055419922 ], [ 73.850875854492188, 39.637016296386719 ], [ 73.861518859863281, 39.643951416015625 ], [ 73.870018005371094, 39.652202606201172 ], [ 73.875129699707031, 39.65692138671875 ], [ 73.879623413085938, 39.662311553955078 ], [ 73.882667541503906, 39.666744232177734 ], [ 73.883743286132812, 39.669063568115234 ], [ 73.884719848632812, 39.673439025878906 ], [ 73.886383056640625, 39.676002502441406 ], [ 73.890388488769531, 39.679088592529297 ], [ 73.897567749023438, 39.684097290039062 ], [ 73.905952453613281, 39.688674926757812 ], [ 73.908454895019531, 39.690147399902344 ], [ 73.907455444335938, 39.693458557128906 ], [ 73.907218933105469, 39.698841094970703 ], [ 73.896652221679688, 39.702602386474609 ], [ 73.885223388671875, 39.712333679199219 ], [ 73.884811401367188, 39.72149658203125 ], [ 73.882659912109375, 39.727439880371094 ], [ 73.881607055664062, 39.739574432373047 ], [ 73.881271362304688, 39.742549896240234 ], [ 73.877967834472656, 39.745731353759766 ], [ 73.871833801269531, 39.748912811279297 ], [ 73.863945007324219, 39.75250244140625 ], [ 73.858871459960938, 39.754985809326172 ], [ 73.853553771972656, 39.7540283203125 ], [ 73.845222473144531, 39.751285552978516 ], [ 73.840583801269531, 39.752323150634766 ], [ 73.837554931640625, 39.754779815673828 ], [ 73.835334777832031, 39.763973236083984 ], [ 73.834030151367188, 39.772212982177734 ], [ 73.835128784179688, 39.799942016601562 ], [ 73.835891723632812, 39.808883666992188 ], [ 73.8450927734375, 39.830486297607422 ], [ 73.851188659667969, 39.840156555175781 ], [ 73.856765747070312, 39.844776153564453 ], [ 73.876258850097656, 39.851795196533203 ], [ 73.880317687988281, 39.859386444091797 ], [ 73.890335083007812, 39.864955902099609 ], [ 73.898887634277344, 39.869140625 ], [ 73.9041748046875, 39.873760223388672 ], [ 73.909431457519531, 39.880439758300781 ], [ 73.912910461425781, 39.887107849121094 ], [ 73.912757873535156, 39.899017333984375 ], [ 73.909309387207031, 39.913196563720703 ], [ 73.908294677734375, 39.922584533691406 ], [ 73.908256530761719, 39.925788879394531 ], [ 73.909477233886719, 39.930770874023438 ], [ 73.915695190429688, 39.938442230224609 ], [ 73.945335388183594, 39.971393585205078 ], [ 73.975906372070312, 40.000007629394531 ], [ 73.972190856933594, 40.006298065185547 ], [ 73.963676452636719, 40.011508941650391 ], [ 73.959335327148438, 40.013084411621094 ], [ 73.952278137207031, 40.014335632324219 ], [ 73.944984436035156, 40.016284942626953 ], [ 73.939979553222656, 40.016979217529297 ], [ 73.934349060058594, 40.017475128173828 ], [ 73.931976318359375, 40.021247863769531 ], [ 73.933868408203125, 40.022529602050781 ], [ 73.940071105957031, 40.025440216064453 ], [ 73.9471435546875, 40.028079986572266 ], [ 73.950859069824219, 40.029731750488281 ], [ 73.955223083496094, 40.03204345703125 ], [ 73.965583801269531, 40.034751892089844 ], [ 73.971427917480469, 40.036991119384766 ], [ 73.976448059082031, 40.039955139160156 ], [ 73.980293273925781, 40.043205261230469 ], [ 73.984344482421875, 40.045299530029297 ], [ 73.988090515136719, 40.047409057617188 ], [ 73.990997314453125, 40.050014495849609 ], [ 73.995323181152344, 40.051864624023438 ], [ 73.99945068359375, 40.05487060546875 ], [ 74.0018310546875, 40.058422088623047 ], [ 74.00335693359375, 40.062465667724609 ], [ 74.004608154296875, 40.066753387451172 ], [ 74.005592346191406, 40.071510314941406 ], [ 74.006401062011719, 40.073989868164062 ], [ 74.009017944335938, 40.076835632324219 ], [ 74.012001037597656, 40.080356597900391 ], [ 74.014915466308594, 40.08319091796875 ], [ 74.018882751464844, 40.087806701660156 ], [ 74.023773193359375, 40.09283447265625 ], [ 74.026435852050781, 40.096138000488281 ], [ 74.031501770019531, 40.099555969238281 ], [ 74.033973693847656, 40.100578308105469 ], [ 74.037872314453125, 40.100849151611328 ], [ 74.04058837890625, 40.101177215576172 ], [ 74.04547119140625, 40.098880767822266 ], [ 74.049217224121094, 40.093666076660156 ], [ 74.052276611328125, 40.090999603271484 ], [ 74.057365417480469, 40.087551116943359 ], [ 74.0633544921875, 40.084285736083984 ], [ 74.069686889648438, 40.081462860107422 ], [ 74.073768615722656, 40.080348968505859 ], [ 74.077339172363281, 40.080173492431641 ], [ 74.083419799804688, 40.08148193359375 ], [ 74.089111328125, 40.085323333740234 ], [ 74.092811584472656, 40.086746215820312 ], [ 74.099205017089844, 40.088264465332031 ], [ 74.106292724609375, 40.090896606445312 ], [ 74.110130310058594, 40.093910217285156 ], [ 74.113845825195312, 40.098991394042969 ], [ 74.116172790527344, 40.101852416992188 ], [ 74.118766784667969, 40.104244232177734 ], [ 74.121971130371094, 40.106834411621094 ], [ 74.126327514648438, 40.108909606933594 ], [ 74.130882263183594, 40.109828948974609 ], [ 74.137222290039062, 40.110660552978516 ], [ 74.1434326171875, 40.109897613525391 ], [ 74.150703430175781, 40.111141204833984 ], [ 74.1531982421875, 40.112392425537109 ], [ 74.157180786132812, 40.113571166992188 ], [ 74.164764404296875, 40.115028381347656 ], [ 74.172950744628906, 40.116451263427734 ], [ 74.181510925292969, 40.1187744140625 ], [ 74.189414978027344, 40.120445251464844 ], [ 74.198257446289062, 40.122524261474609 ], [ 74.207595825195312, 40.123432159423828 ], [ 74.215110778808594, 40.123973846435547 ], [ 74.225570678710938, 40.124137878417969 ], [ 74.232437133789062, 40.124027252197266 ], [ 74.239631652832031, 40.124351501464844 ], [ 74.245338439941406, 40.124752044677734 ], [ 74.254814147949219, 40.127254486083984 ], [ 74.260269165039062, 40.128124237060547 ], [ 74.26544189453125, 40.125804901123047 ], [ 74.268997192382812, 40.1185302734375 ], [ 74.269195556640625, 40.113945007324219 ], [ 74.269157409667969, 40.110054016113281 ], [ 74.269081115722656, 40.105709075927734 ], [ 74.274192810058594, 40.102706909179688 ], [ 74.282234191894531, 40.102531433105469 ], [ 74.289131164550781, 40.106304168701172 ], [ 74.294921875, 40.111045837402344 ], [ 74.299545288085938, 40.112644195556641 ], [ 74.303627014160156, 40.111522674560547 ], [ 74.309410095214844, 40.109397888183594 ], [ 74.313911437988281, 40.106193542480469 ], [ 74.332298278808594, 40.097934722900391 ], [ 74.340614318847656, 40.094078063964844 ], [ 74.348579406738281, 40.089553833007812 ], [ 74.353591918945312, 40.088840484619141 ], [ 74.359519958496094, 40.091743469238281 ], [ 74.363685607910156, 40.094963073730469 ], [ 74.367019653320312, 40.098911285400391 ], [ 74.3717041015625, 40.108055114746094 ], [ 74.379920959472656, 40.113128662109375 ], [ 74.384284973144531, 40.115192413330078 ], [ 74.390174865722656, 40.117637634277344 ], [ 74.399734497070312, 40.121036529541016 ], [ 74.411483764648438, 40.125465393066406 ], [ 74.419425964355469, 40.130779266357422 ], [ 74.425369262695312, 40.137111663818359 ], [ 74.431861877441406, 40.142955780029297 ], [ 74.436691284179688, 40.146823883056641 ], [ 74.439628601074219, 40.149646759033203 ], [ 74.442832946777344, 40.152000427246094 ], [ 74.448867797851562, 40.156036376953125 ], [ 74.451690673828125, 40.157493591308594 ], [ 74.457687377929688, 40.16107177734375 ], [ 74.468513488769531, 40.171726226806641 ], [ 74.475234985351562, 40.176639556884766 ], [ 74.482627868652344, 40.182437896728516 ], [ 74.485664367675781, 40.189601898193359 ], [ 74.490631103515625, 40.194835662841797 ], [ 74.49945068359375, 40.199871063232422 ], [ 74.510032653808594, 40.204353332519531 ], [ 74.519721984863281, 40.205677032470703 ], [ 74.528770446777344, 40.20977783203125 ], [ 74.534202575683594, 40.213615417480469 ], [ 74.535835266113281, 40.215129852294922 ], [ 74.54315185546875, 40.223217010498047 ], [ 74.546722412109375, 40.232872009277344 ], [ 74.551559448242188, 40.239940643310547 ], [ 74.554611206054688, 40.243900299072266 ], [ 74.565147399902344, 40.25433349609375 ], [ 74.574256896972656, 40.262321472167969 ], [ 74.579147338867188, 40.266643524169922 ], [ 74.583885192871094, 40.269367218017578 ], [ 74.589408874511719, 40.277317047119141 ], [ 74.593177795410156, 40.279178619384766 ], [ 74.604133605957031, 40.281112670898438 ], [ 74.6103515625, 40.280326843261719 ], [ 74.615669250488281, 40.279582977294922 ], [ 74.627975463867188, 40.276638031005859 ], [ 74.63372802734375, 40.274040222167969 ], [ 74.639389038085938, 40.270530700683594 ], [ 74.644927978515625, 40.268863677978516 ], [ 74.651695251464844, 40.267581939697266 ], [ 74.655479431152344, 40.269672393798828 ], [ 74.664863586425781, 40.273975372314453 ], [ 74.672119140625, 40.281139373779297 ], [ 74.675270080566406, 40.289215087890625 ], [ 74.678009033203125, 40.296161651611328 ], [ 74.6790771484375, 40.301143646240234 ], [ 74.682586669921875, 40.306674957275391 ], [ 74.688377380371094, 40.314151763916016 ], [ 74.694190979003906, 40.321849822998047 ], [ 74.696983337402344, 40.329254150390625 ], [ 74.696578979492188, 40.334545135498047 ], [ 74.69512939453125, 40.338283538818359 ], [ 74.694664001464844, 40.342887878417969 ], [ 74.703971862792969, 40.346279144287109 ], [ 74.715629577636719, 40.345878601074219 ], [ 74.72259521484375, 40.346645355224609 ], [ 74.738601684570312, 40.34783935546875 ], [ 74.763717651367188, 40.347156524658203 ], [ 74.768196105957031, 40.346912384033203 ], [ 74.781379699707031, 40.346878051757812 ], [ 74.791702270507812, 40.348148345947266 ], [ 74.799964904785156, 40.346775054931641 ], [ 74.807479858398438, 40.343845367431641 ], [ 74.8223876953125, 40.339817047119141 ], [ 74.83441162109375, 40.333889007568359 ], [ 74.843971252441406, 40.33038330078125 ], [ 74.855224609375, 40.325870513916016 ], [ 74.866386413574219, 40.326625823974609 ], [ 74.875534057617188, 40.328178405761719 ], [ 74.884895324707031, 40.332008361816406 ], [ 74.898521423339844, 40.336517333984375 ], [ 74.90203857421875, 40.338840484619141 ], [ 74.902870178222656, 40.344287872314453 ], [ 74.900680541992188, 40.352653503417969 ], [ 74.894279479980469, 40.357822418212891 ], [ 74.892662048339844, 40.3597412109375 ], [ 74.882820129394531, 40.366470336914062 ], [ 74.874710083007812, 40.369441986083984 ], [ 74.866889953613281, 40.372394561767578 ], [ 74.847908020019531, 40.393367767333984 ], [ 74.840995788574219, 40.39947509765625 ], [ 74.8275146484375, 40.409149169921875 ], [ 74.816612243652344, 40.417533874511719 ], [ 74.812782287597656, 40.421409606933594 ], [ 74.807502746582031, 40.429027557373047 ], [ 74.798683166503906, 40.437294006347656 ], [ 74.792312622070312, 40.442909240722656 ], [ 74.788841247558594, 40.447452545166016 ], [ 74.791091918945312, 40.452136993408203 ], [ 74.799613952636719, 40.459686279296875 ], [ 74.805534362792969, 40.465087890625 ], [ 74.810111999511719, 40.468955993652344 ], [ 74.814926147460938, 40.475334167480469 ], [ 74.815559387207031, 40.481937408447266 ], [ 74.816787719726562, 40.488510131835938 ], [ 74.817924499511719, 40.500358581542969 ], [ 74.819000244140625, 40.505336761474609 ], [ 74.820198059082031, 40.508476257324219 ], [ 74.828697204589844, 40.515567779541016 ], [ 74.836585998535156, 40.519481658935547 ], [ 74.852371215820312, 40.517925262451172 ], [ 74.865303039550781, 40.511714935302734 ], [ 74.875114440917969, 40.50750732421875 ], [ 74.885932922363281, 40.504390716552734 ], [ 74.903518676757812, 40.499744415283203 ], [ 74.915611267089844, 40.4942626953125 ], [ 74.926750183105469, 40.48516845703125 ], [ 74.933128356933594, 40.479774475097656 ], [ 74.949119567871094, 40.468112945556641 ], [ 74.95623779296875, 40.46405029296875 ], [ 74.971549987792969, 40.457920074462891 ], [ 74.980758666992188, 40.4537353515625 ], [ 74.992561340332031, 40.454673767089844 ], [ 75.002426147460938, 40.460300445556641 ], [ 75.0068359375, 40.46234130859375 ], [ 75.011451721191406, 40.463451385498047 ], [ 75.015335083007812, 40.463230133056641 ], [ 75.021682739257812, 40.460582733154297 ], [ 75.034095764160156, 40.455524444580078 ], [ 75.048492431640625, 40.449207305908203 ], [ 75.058082580566406, 40.442935943603516 ], [ 75.061782836914062, 40.440891265869141 ], [ 75.074836730957031, 40.436248779296875 ], [ 75.085929870605469, 40.433094024658203 ], [ 75.097755432128906, 40.434249877929688 ], [ 75.106834411621094, 40.437850952148438 ], [ 75.112159729003906, 40.4400634765625 ], [ 75.118263244628906, 40.444061279296875 ], [ 75.124855041503906, 40.449867248535156 ], [ 75.133926391601562, 40.456443786621094 ], [ 75.142837524414062, 40.458450317382812 ], [ 75.155494689941406, 40.455883026123047 ], [ 75.164756774902344, 40.452365875244141 ], [ 75.174201965332031, 40.447696685791016 ], [ 75.188140869140625, 40.445968627929688 ], [ 75.19873046875, 40.443748474121094 ], [ 75.208122253417969, 40.441593170166016 ], [ 75.215499877929688, 40.443225860595703 ], [ 75.224205017089844, 40.446151733398438 ], [ 75.234603881835938, 40.453788757324219 ], [ 75.239616394042969, 40.461738586425781 ], [ 75.248451232910156, 40.471759796142578 ], [ 75.259330749511719, 40.475242614746094 ], [ 75.269119262695312, 40.476955413818359 ], [ 75.276939392089844, 40.479930877685547 ], [ 75.290054321289062, 40.484653472900391 ], [ 75.301155090332031, 40.496139526367188 ], [ 75.306968688964844, 40.505874633789062 ], [ 75.311050415039062, 40.510440826416016 ], [ 75.318206787109375, 40.521472930908203 ], [ 75.328849792480469, 40.528400421142578 ], [ 75.34393310546875, 40.53460693359375 ], [ 75.352035522460938, 40.537326812744141 ], [ 75.363868713378906, 40.541202545166016 ], [ 75.373130798339844, 40.543399810791016 ], [ 75.381370544433594, 40.544509887695312 ], [ 75.385604858398438, 40.544715881347656 ], [ 75.391769409179688, 40.546176910400391 ], [ 75.414009094238281, 40.554462432861328 ], [ 75.420585632324219, 40.559795379638672 ], [ 75.429130554199219, 40.566612243652344 ], [ 75.436698913574219, 40.572799682617188 ], [ 75.444374084472656, 40.579898834228516 ], [ 75.455223083496094, 40.591384887695312 ], [ 75.462615966796875, 40.601478576660156 ], [ 75.476387023925781, 40.612098693847656 ], [ 75.493888854980469, 40.620887756347656 ], [ 75.508689880371094, 40.626861572265625 ], [ 75.518524169921875, 40.63153076171875 ], [ 75.531929016113281, 40.638500213623047 ], [ 75.547996520996094, 40.6478271484375 ], [ 75.564071655273438, 40.654403686523438 ], [ 75.580459594726562, 40.658206939697266 ], [ 75.594856262207031, 40.657550811767578 ], [ 75.60015869140625, 40.653556823730469 ], [ 75.603111267089844, 40.647415161132812 ], [ 75.60968017578125, 40.644027709960938 ], [ 75.613128662109375, 40.639690399169922 ], [ 75.613601684570312, 40.635765075683594 ], [ 75.615684509277344, 40.629905700683594 ], [ 75.623802185058594, 40.621383666992188 ], [ 75.627876281738281, 40.611732482910156 ], [ 75.626792907714844, 40.604469299316406 ], [ 75.626747131347656, 40.598514556884766 ], [ 75.626083374023438, 40.595115661621094 ], [ 75.624214172363281, 40.589042663574219 ], [ 75.624732971191406, 40.577098846435547 ], [ 75.623451232910156, 40.565261840820312 ], [ 75.6236572265625, 40.561580657958984 ], [ 75.624839782714844, 40.550277709960938 ], [ 75.629791259765625, 40.53759765625 ], [ 75.633453369140625, 40.529804229736328 ], [ 75.636077880859375, 40.526206970214844 ], [ 75.643135070800781, 40.516368865966797 ], [ 75.650665283203125, 40.505359649658203 ], [ 75.65850830078125, 40.5028076171875 ], [ 75.666770935058594, 40.501373291015625 ], [ 75.676506042480469, 40.502368927001953 ], [ 75.68499755859375, 40.500232696533203 ], [ 75.688758850097656, 40.493350982666016 ], [ 75.691001892089844, 40.489086151123047 ], [ 75.697074890136719, 40.486873626708984 ], [ 75.710334777832031, 40.484432220458984 ], [ 75.720489501953125, 40.478294372558594 ], [ 75.722579956054688, 40.472660064697266 ], [ 75.722450256347656, 40.466022491455078 ], [ 75.722328186035156, 40.462135314941406 ], [ 75.716949462890625, 40.456974029541016 ], [ 75.715408325195312, 40.453861236572266 ], [ 75.7139892578125, 40.449138641357422 ], [ 75.70684814453125, 40.441566467285156 ], [ 75.70068359375, 40.434623718261719 ], [ 75.693351745605469, 40.427978515625 ], [ 75.685317993164062, 40.423213958740234 ], [ 75.679130554199219, 40.416038513183594 ], [ 75.67645263671875, 40.41070556640625 ], [ 75.673446655273438, 40.402416229248047 ], [ 75.669822692871094, 40.393936157226562 ], [ 75.6671142578125, 40.385623931884766 ], [ 75.665382385253906, 40.377941131591797 ], [ 75.663276672363281, 40.366844177246094 ], [ 75.663978576660156, 40.356719970703125 ], [ 75.667854309082031, 40.350975036621094 ], [ 75.673347473144531, 40.346279144287109 ], [ 75.680702209472656, 40.342147827148438 ], [ 75.689300537109375, 40.332901000976562 ], [ 75.694786071777344, 40.322700500488281 ], [ 75.696601867675781, 40.320064544677734 ], [ 75.698585510253906, 40.308025360107422 ], [ 75.69427490234375, 40.298671722412109 ], [ 75.693504333496094, 40.291618347167969 ], [ 75.695884704589844, 40.285968780517578 ], [ 75.697944641113281, 40.282855987548828 ], [ 75.70660400390625, 40.282539367675781 ], [ 75.716484069824219, 40.287876129150391 ], [ 75.724220275878906, 40.295635223388672 ], [ 75.727256774902344, 40.301403045654297 ], [ 75.732444763183594, 40.304969787597656 ], [ 75.736312866210938, 40.301975250244141 ], [ 75.741050720214844, 40.298698425292969 ], [ 75.746986389160156, 40.298091888427734 ], [ 75.762893676757812, 40.300975799560547 ], [ 75.774253845214844, 40.297962188720703 ], [ 75.786148071289062, 40.299724578857422 ], [ 75.796104431152344, 40.305736541748047 ], [ 75.802787780761719, 40.311954498291016 ], [ 75.806297302246094, 40.316543579101562 ], [ 75.81390380859375, 40.322933197021484 ], [ 75.819572448730469, 40.3253173828125 ], [ 75.835556030273438, 40.323375701904297 ], [ 75.847930908203125, 40.315937042236328 ], [ 75.855072021484375, 40.312725067138672 ], [ 75.860725402832031, 40.312362670898438 ], [ 75.868278503417969, 40.312789916992188 ], [ 75.881149291992188, 40.309898376464844 ], [ 75.890739440917969, 40.304466247558594 ], [ 75.896705627441406, 40.298805236816406 ], [ 75.900688171386719, 40.294193267822266 ], [ 75.904617309570312, 40.290481567382812 ], [ 75.909400939941406, 40.287506103515625 ], [ 75.918685913085938, 40.29107666015625 ], [ 75.924209594726562, 40.295127868652344 ], [ 75.928108215332031, 40.300666809082031 ], [ 75.92791748046875, 40.309616088867188 ], [ 75.924217224121094, 40.316734313964844 ], [ 75.918594360351562, 40.322826385498047 ], [ 75.921577453613281, 40.330657958984375 ], [ 75.929817199707031, 40.337226867675781 ], [ 75.938209533691406, 40.342411041259766 ], [ 75.943855285644531, 40.344566345214844 ], [ 75.950584411621094, 40.351005554199219 ], [ 75.951210021972656, 40.353939056396484 ], [ 75.952354431152344, 40.361431121826172 ], [ 75.954673767089844, 40.368614196777344 ], [ 75.958122253417969, 40.375267028808594 ], [ 75.964767456054688, 40.378273010253906 ], [ 75.979972839355469, 40.377277374267578 ], [ 75.987663269042969, 40.373565673828125 ], [ 75.998977661132812, 40.364799499511719 ], [ 76.010498046875, 40.357852935791016 ], [ 76.017478942871094, 40.353267669677734 ], [ 76.023887634277344, 40.348945617675781 ], [ 76.031990051269531, 40.348873138427734 ], [ 76.040847778320312, 40.352874755859375 ], [ 76.046478271484375, 40.360065460205078 ], [ 76.045051574707031, 40.368644714355469 ], [ 76.043098449707031, 40.375190734863281 ], [ 76.043014526367188, 40.382301330566406 ], [ 76.050323486328125, 40.388469696044922 ], [ 76.057144165039062, 40.390308380126953 ], [ 76.0614013671875, 40.390716552734375 ], [ 76.078857421875, 40.393688201904297 ], [ 76.091133117675781, 40.393329620361328 ], [ 76.101402282714844, 40.393795013427734 ], [ 76.111152648925781, 40.394977569580078 ], [ 76.125320434570312, 40.395408630371094 ], [ 76.132698059082031, 40.39422607421875 ], [ 76.142463684082031, 40.390365600585938 ], [ 76.147178649902344, 40.389591217041016 ], [ 76.161766052246094, 40.3858642578125 ], [ 76.174293518066406, 40.382499694824219 ], [ 76.180633544921875, 40.382759094238281 ], [ 76.192840576171875, 40.386981964111328 ], [ 76.202339172363281, 40.391159057617188 ], [ 76.210838317871094, 40.394481658935547 ], [ 76.224639892578125, 40.402034759521484 ], [ 76.233383178710938, 40.407402038574219 ], [ 76.239883422851562, 40.411548614501953 ], [ 76.249061584472656, 40.418033599853516 ], [ 76.257316589355469, 40.424354553222656 ], [ 76.262458801269531, 40.429737091064453 ], [ 76.266304016113281, 40.436813354492188 ], [ 76.269660949707031, 40.439796447753906 ], [ 76.273681640625, 40.435623168945312 ], [ 76.274688720703125, 40.428905487060547 ], [ 76.277976989746094, 40.421115875244141 ], [ 76.289024353027344, 40.407749176025391 ], [ 76.298835754394531, 40.404327392578125 ], [ 76.308486938476562, 40.399543762207031 ], [ 76.316352844238281, 40.394874572753906 ], [ 76.320686340332031, 40.390911102294922 ], [ 76.323043823242188, 40.385475158691406 ], [ 76.322288513183594, 40.379104614257812 ], [ 76.320907592773438, 40.375072479248047 ], [ 76.320426940917969, 40.365932464599609 ], [ 76.320213317871094, 40.361591339111328 ], [ 76.319374084472656, 40.357063293457031 ], [ 76.323440551757812, 40.350822448730469 ], [ 76.329643249511719, 40.344894409179688 ], [ 76.336761474609375, 40.344173431396484 ], [ 76.344589233398438, 40.351894378662109 ], [ 76.346969604492188, 40.356773376464844 ], [ 76.349464416503906, 40.365085601806641 ], [ 76.354362487792969, 40.375984191894531 ], [ 76.361160278320312, 40.382625579833984 ], [ 76.369644165039062, 40.385711669921875 ], [ 76.37750244140625, 40.386085510253906 ], [ 76.385002136230469, 40.386024475097656 ], [ 76.395431518554688, 40.385307312011719 ], [ 76.404159545898438, 40.385387420654297 ], [ 76.413642883300781, 40.386795043945312 ], [ 76.419548034667969, 40.388450622558594 ], [ 76.423942565917969, 40.389980316162109 ], [ 76.43310546875, 40.393699645996094 ], [ 76.446121215820312, 40.401969909667969 ], [ 76.45428466796875, 40.409885406494141 ], [ 76.458061218261719, 40.413753509521484 ], [ 76.465438842773438, 40.417591094970703 ], [ 76.482635498046875, 40.420520782470703 ], [ 76.492233276367188, 40.422828674316406 ], [ 76.497879028320312, 40.424728393554688 ], [ 76.501739501953125, 40.429275512695312 ], [ 76.502960205078125, 40.431941986083984 ], [ 76.508132934570312, 40.439834594726562 ], [ 76.512504577636719, 40.443656921386719 ], [ 76.515876770019531, 40.446632385253906 ], [ 76.521148681640625, 40.450389862060547 ], [ 76.525680541992188, 40.453052520751953 ], [ 76.529006958007812, 40.458095550537109 ], [ 76.530616760253906, 40.463943481445312 ], [ 76.533737182617188, 40.472213745117188 ], [ 76.535736083984375, 40.478725433349609 ], [ 76.53558349609375, 40.482402801513672 ], [ 76.538543701171875, 40.491832733154297 ], [ 76.538681030273438, 40.502830505371094 ], [ 76.537338256835938, 40.509117126464844 ], [ 76.536727905273438, 40.51397705078125 ], [ 76.540115356445312, 40.519474029541016 ], [ 76.545883178710938, 40.524803161621094 ], [ 76.549674987792969, 40.531185150146484 ], [ 76.553398132324219, 40.539409637451172 ], [ 76.554351806640625, 40.542327880859375 ], [ 76.557212829589844, 40.546024322509766 ], [ 76.56781005859375, 40.563625335693359 ], [ 76.574333190917969, 40.57257080078125 ], [ 76.577491760253906, 40.573726654052734 ], [ 76.585212707519531, 40.575244903564453 ], [ 76.594741821289062, 40.579158782958984 ], [ 76.602424621582031, 40.58526611328125 ], [ 76.604644775390625, 40.591072082519531 ], [ 76.605552673339844, 40.593532562255859 ], [ 76.604682922363281, 40.601161956787109 ], [ 76.612449645996094, 40.612770080566406 ], [ 76.62548828125, 40.615745544433594 ], [ 76.633064270019531, 40.613601684570312 ], [ 76.639366149902344, 40.613384246826172 ], [ 76.643775939941406, 40.614902496337891 ], [ 76.653099060058594, 40.619518280029297 ], [ 76.657402038574219, 40.627468109130859 ], [ 76.659858703613281, 40.639911651611328 ], [ 76.659515380859375, 40.641998291015625 ], [ 76.658866882324219, 40.648929595947266 ], [ 76.659072875976562, 40.657863616943359 ], [ 76.660858154296875, 40.667369842529297 ], [ 76.661155700683594, 40.672164916992188 ], [ 76.66143798828125, 40.6744384765625 ], [ 76.663276672363281, 40.684402465820312 ], [ 76.664543151855469, 40.692111968994141 ], [ 76.664710998535156, 40.698291778564453 ], [ 76.66162109375, 40.702644348144531 ], [ 76.658432006835938, 40.706081390380859 ], [ 76.657188415527344, 40.708236694335938 ], [ 76.650177001953125, 40.717453002929688 ], [ 76.647972106933594, 40.724033355712891 ], [ 76.64434814453125, 40.736221313476562 ], [ 76.641716003417969, 40.7490234375 ], [ 76.645904541015625, 40.760887145996094 ], [ 76.6572265625, 40.769256591796875 ], [ 76.668838500976562, 40.77508544921875 ], [ 76.682960510253906, 40.781646728515625 ], [ 76.698074340820312, 40.788829803466797 ], [ 76.703239440917969, 40.79144287109375 ], [ 76.711318969726562, 40.802791595458984 ], [ 76.71368408203125, 40.816848754882812 ], [ 76.713699340820312, 40.824188232421875 ], [ 76.712715148925781, 40.828392028808594 ], [ 76.711685180664062, 40.834659576416016 ], [ 76.714141845703125, 40.839759826660156 ], [ 76.718978881835938, 40.842166900634766 ], [ 76.726150512695312, 40.846240997314453 ], [ 76.72906494140625, 40.85498046875 ], [ 76.729812622070312, 40.860893249511719 ], [ 76.729469299316406, 40.8677978515625 ], [ 76.732276916503906, 40.875629425048828 ], [ 76.736587524414062, 40.881053924560547 ], [ 76.740562438964844, 40.888572692871094 ], [ 76.741523742675781, 40.893779754638672 ], [ 76.740226745605469, 40.900299072265625 ], [ 76.738204956054688, 40.908245086669922 ], [ 76.740257263183594, 40.91497802734375 ], [ 76.741950988769531, 40.923576354980469 ], [ 76.745002746582031, 40.935749053955078 ], [ 76.7486572265625, 40.943058013916016 ], [ 76.758491516113281, 40.951301574707031 ], [ 76.771011352539062, 40.956825256347656 ], [ 76.776954650878906, 40.958232879638672 ], [ 76.785667419433594, 40.962421417236328 ], [ 76.793731689453125, 40.966201782226562 ], [ 76.805335998535156, 40.9715576171875 ], [ 76.815414428710938, 40.974502563476562 ], [ 76.822929382324219, 40.973957061767578 ], [ 76.832283020019531, 40.971218109130859 ], [ 76.840583801269531, 40.969696044921875 ], [ 76.85003662109375, 40.972450256347656 ], [ 76.853958129882812, 40.981803894042969 ], [ 76.856277465820312, 40.988059997558594 ], [ 76.856605529785156, 40.995380401611328 ], [ 76.856147766113281, 41.005970001220703 ], [ 76.862655639648438, 41.016513824462891 ], [ 76.874923706054688, 41.024570465087891 ], [ 76.883094787597656, 41.026729583740234 ], [ 76.890495300292969, 41.0252685546875 ], [ 76.893714904785156, 41.024345397949219 ], [ 76.9033203125, 41.021121978759766 ], [ 76.91156005859375, 41.021434783935547 ], [ 76.920211791992188, 41.022640228271484 ], [ 76.929374694824219, 41.025409698486328 ], [ 76.938407897949219, 41.031864166259766 ], [ 76.944419860839844, 41.033718109130859 ], [ 76.948890686035156, 41.035453796386719 ], [ 76.952491760253906, 41.037483215332031 ], [ 76.954200744628906, 41.041259765625 ], [ 76.957969665527344, 41.049247741699219 ], [ 76.96636962890625, 41.057807922363281 ], [ 76.976913452148438, 41.064144134521484 ], [ 76.981369018554688, 41.065650939941406 ], [ 76.991920471191406, 41.069694519042969 ], [ 77.005126953125, 41.070785522460938 ], [ 77.010665893554688, 41.069000244140625 ], [ 77.014739990234375, 41.065254211425781 ], [ 77.020225524902344, 41.058422088623047 ], [ 77.026336669921875, 41.056365966796875 ], [ 77.032562255859375, 41.057510375976562 ], [ 77.043746948242188, 41.059432983398438 ], [ 77.060470581054688, 41.061859130859375 ], [ 77.072235107421875, 41.061214447021484 ], [ 77.084358215332031, 41.060997009277344 ], [ 77.09600830078125, 41.057144165039062 ], [ 77.103439331054688, 41.051311492919922 ], [ 77.108375549316406, 41.042675018310547 ], [ 77.11077880859375, 41.035610198974609 ], [ 77.114028930664062, 41.030319213867188 ], [ 77.118904113769531, 41.028118133544922 ], [ 77.130119323730469, 41.025669097900391 ], [ 77.139381408691406, 41.024513244628906 ], [ 77.147140502929688, 41.021175384521484 ], [ 77.151405334472656, 41.019016265869141 ], [ 77.158889770507812, 41.013633728027344 ], [ 77.166282653808594, 41.012157440185547 ], [ 77.178520202636719, 41.01513671875 ], [ 77.188720703125, 41.018726348876953 ], [ 77.191246032714844, 41.019454956054688 ], [ 77.213050842285156, 41.025840759277344 ], [ 77.224693298339844, 41.026561737060547 ], [ 77.232955932617188, 41.024787902832031 ], [ 77.239028930664062, 41.022487640380859 ], [ 77.250656127929688, 41.018619537353516 ], [ 77.259757995605469, 41.014022827148438 ], [ 77.267654418945312, 41.009517669677734 ], [ 77.2740478515625, 41.007419586181641 ], [ 77.283370971679688, 41.006710052490234 ], [ 77.289169311523438, 41.006954193115234 ], [ 77.29498291015625, 41.009494781494141 ], [ 77.302986145019531, 41.012557983398438 ], [ 77.311920166015625, 41.015773773193359 ], [ 77.327156066894531, 41.022869110107422 ], [ 77.333808898925781, 41.024883270263672 ], [ 77.341758728027344, 41.027484893798828 ], [ 77.352699279785156, 41.034221649169922 ], [ 77.360816955566406, 41.035892486572266 ], [ 77.367912292480469, 41.034427642822266 ], [ 77.371574401855469, 41.032306671142578 ], [ 77.380050659179688, 41.032108306884766 ], [ 77.39019775390625, 41.035228729248047 ], [ 77.400848388671875, 41.041980743408203 ], [ 77.407691955566406, 41.045352935791016 ], [ 77.40936279296875, 41.05096435546875 ], [ 77.412635803222656, 41.061504364013672 ], [ 77.414840698242188, 41.070976257324219 ], [ 77.416969299316406, 41.082065582275391 ], [ 77.420173645019531, 41.085487365722656 ], [ 77.423042297363281, 41.106391906738281 ], [ 77.420204162597656, 41.119010925292969 ], [ 77.420265197753906, 41.126125335693359 ], [ 77.421836853027344, 41.129329681396484 ], [ 77.421905517578125, 41.133895874023438 ], [ 77.422409057617188, 41.13720703125 ], [ 77.422187805175781, 41.142353057861328 ], [ 77.4210205078125, 41.145565032958984 ], [ 77.41766357421875, 41.154052734375 ], [ 77.414695739746094, 41.158653259277344 ], [ 77.410820007324219, 41.162685394287109 ], [ 77.408271789550781, 41.164543151855469 ], [ 77.403602600097656, 41.166637420654297 ], [ 77.394149780273438, 41.173465728759766 ], [ 77.391021728515625, 41.177150726318359 ], [ 77.387138366699219, 41.181068420410156 ], [ 77.383880615234375, 41.186359405517578 ], [ 77.383041381835938, 41.191280364990234 ], [ 77.381156921386719, 41.197242736816406 ], [ 77.379074096679688, 41.200344085693359 ], [ 77.375480651855469, 41.203121185302734 ], [ 77.370681762695312, 41.207157135009766 ], [ 77.366767883300781, 41.209480285644531 ], [ 77.361503601074219, 41.212837219238281 ], [ 77.356697082519531, 41.215625762939453 ], [ 77.3521728515625, 41.217945098876953 ], [ 77.348106384277344, 41.220382690429688 ], [ 77.345436096191406, 41.224292755126953 ], [ 77.344734191894531, 41.228179931640625 ], [ 77.342376708984375, 41.233577728271484 ], [ 77.340293884277344, 41.236564636230469 ], [ 77.340034484863281, 41.239311218261719 ], [ 77.342178344726562, 41.240779876708984 ], [ 77.344009399414062, 41.241680145263672 ], [ 77.348396301269531, 41.240612030029297 ], [ 77.354743957519531, 41.238613128662109 ], [ 77.358528137207031, 41.238014221191406 ], [ 77.364578247070312, 41.236358642578125 ], [ 77.369430541992188, 41.236316680908203 ], [ 77.378372192382812, 41.235446929931641 ], [ 77.385826110839844, 41.236751556396484 ], [ 77.394805908203125, 41.238384246826172 ], [ 77.401527404785156, 41.241302490234375 ], [ 77.414474487304688, 41.244503021240234 ], [ 77.421646118164062, 41.246952056884766 ], [ 77.430183410644531, 41.249160766601562 ], [ 77.439788818359375, 41.251701354980469 ], [ 77.44439697265625, 41.255203247070312 ], [ 77.446884155273438, 41.259181976318359 ], [ 77.447845458984375, 41.26214599609375 ], [ 77.448997497558594, 41.267852783203125 ], [ 77.450706481933594, 41.270809173583984 ], [ 77.454971313476562, 41.271339416503906 ], [ 77.459487915039062, 41.269008636474609 ], [ 77.4620361328125, 41.266929626464844 ], [ 77.467483520507812, 41.265850067138672 ], [ 77.470634460449219, 41.2633056640625 ], [ 77.47454833984375, 41.261325836181641 ], [ 77.477462768554688, 41.263126373291016 ], [ 77.477951049804688, 41.265407562255859 ], [ 77.479507446289062, 41.267677307128906 ], [ 77.481948852539062, 41.268230438232422 ], [ 77.490608215332031, 41.268600463867188 ], [ 77.493385314941406, 41.271316528320312 ], [ 77.497390747070312, 41.274711608886719 ], [ 77.507301330566406, 41.277130126953125 ], [ 77.5179443359375, 41.278282165527344 ], [ 77.529708862304688, 41.28216552734375 ], [ 77.541725158691406, 41.283306121826172 ], [ 77.553756713867188, 41.28558349609375 ], [ 77.563377380371094, 41.288345336914062 ], [ 77.574310302734375, 41.288002014160156 ], [ 77.581428527832031, 41.287353515625 ], [ 77.590705871582031, 41.287948608398438 ], [ 77.598175048828125, 41.289356231689453 ], [ 77.602897644042969, 41.29022216796875 ], [ 77.609588623046875, 41.290493011474609 ], [ 77.617637634277344, 41.290519714355469 ], [ 77.622207641601562, 41.291156768798828 ], [ 77.625953674316406, 41.296718597412109 ], [ 77.628952026367188, 41.29473876953125 ], [ 77.629974365234375, 41.292556762695312 ], [ 77.630203247070312, 41.288444519042969 ], [ 77.631217956542969, 41.285915374755859 ], [ 77.632545471191406, 41.283618927001953 ], [ 77.63372802734375, 41.281772613525391 ], [ 77.636474609375, 41.282432556152344 ], [ 77.641357421875, 41.283977508544922 ], [ 77.646827697753906, 41.283802032470703 ], [ 77.655296325683594, 41.282337188720703 ], [ 77.657722473144531, 41.281852722167969 ], [ 77.663200378417969, 41.282478332519531 ], [ 77.670341491699219, 41.282516479492188 ], [ 77.677665710449219, 41.284378051757812 ], [ 77.680885314941406, 41.285942077636719 ], [ 77.684852600097656, 41.287040710449219 ], [ 77.689094543457031, 41.286651611328125 ], [ 77.693046569824219, 41.286487579345703 ], [ 77.696556091308594, 41.287590026855469 ], [ 77.697982788085938, 41.290431976318359 ], [ 77.698356628417969, 41.294082641601562 ], [ 77.698562622070312, 41.296943664550781 ], [ 77.7003173828125, 41.301151275634766 ], [ 77.703208923339844, 41.30157470703125 ], [ 77.707908630371094, 41.301059722900391 ], [ 77.713340759277344, 41.299285888671875 ], [ 77.716682434082031, 41.299018859863281 ], [ 77.719474792480469, 41.302188873291016 ], [ 77.720733642578125, 41.304458618164062 ], [ 77.722602844238281, 41.306606292724609 ], [ 77.725028991699219, 41.306350708007812 ], [ 77.727752685546875, 41.305747985839844 ], [ 77.731689453125, 41.305362701416016 ], [ 77.734611511230469, 41.307044982910156 ], [ 77.7381591796875, 41.309741973876953 ], [ 77.743118286132812, 41.307167053222656 ], [ 77.745521545410156, 41.305770874023438 ], [ 77.749130249023438, 41.304012298583984 ], [ 77.750770568847656, 41.302276611328125 ], [ 77.749656677246094, 41.299892425537109 ], [ 77.749458312988281, 41.297611236572266 ], [ 77.752311706542969, 41.295860290527344 ], [ 77.757667541503906, 41.297855377197266 ], [ 77.762283325195312, 41.300884246826172 ], [ 77.766632080078125, 41.304981231689453 ], [ 77.765251159667969, 41.312049865722656 ], [ 77.763511657714844, 41.316410064697266 ], [ 77.763656616210938, 41.323387145996094 ], [ 77.764312744140625, 41.325778961181641 ], [ 77.76190185546875, 41.326606750488281 ], [ 77.759330749511719, 41.32720947265625 ], [ 77.755569458007812, 41.329082489013672 ], [ 77.752120971679688, 41.331634521484375 ], [ 77.747032165527344, 41.335353851318359 ], [ 77.743850708007812, 41.335735321044922 ], [ 77.737129211425781, 41.335338592529297 ], [ 77.732879638671875, 41.335777282714844 ], [ 77.727363586425781, 41.338333129882812 ], [ 77.721298217773438, 41.343505859375 ], [ 77.716911315917969, 41.349037170410156 ], [ 77.710968017578125, 41.356117248535156 ], [ 77.711181640625, 41.358978271484375 ], [ 77.713386535644531, 41.362949371337891 ], [ 77.717124938964844, 41.367591857910156 ], [ 77.721115112304688, 41.369491577148438 ], [ 77.728363037109375, 41.374317169189453 ], [ 77.7320556640625, 41.376449584960938 ], [ 77.737274169921875, 41.379013061523438 ], [ 77.741081237792969, 41.379085540771484 ], [ 77.747909545898438, 41.378318786621094 ], [ 77.755271911621094, 41.381431579589844 ], [ 77.759880065917969, 41.383773803710938 ], [ 77.764961242675781, 41.386917114257812 ], [ 77.770103454589844, 41.392566680908203 ], [ 77.772453308105469, 41.395858764648438 ], [ 77.774009704589844, 41.397781372070312 ], [ 77.777694702148438, 41.399448394775391 ], [ 77.78076171875, 41.400554656982422 ], [ 77.786300659179688, 41.403347015380859 ], [ 77.79290771484375, 41.406578063964844 ], [ 77.800735473632812, 41.409793853759766 ], [ 77.809494018554688, 41.413692474365234 ], [ 77.8162841796875, 41.418174743652344 ], [ 77.820602416992188, 41.420864105224609 ], [ 77.823722839355469, 41.424369812011719 ], [ 77.827133178710938, 41.427410125732422 ], [ 77.833717346191406, 41.429042816162109 ], [ 77.841629028320312, 41.429172515869141 ], [ 77.846206665039062, 41.429801940917969 ], [ 77.848648071289062, 41.429767608642578 ], [ 77.854202270507812, 41.42626953125 ], [ 77.85797119140625, 41.424625396728516 ], [ 77.860572814941406, 41.425392150878906 ], [ 77.867950439453125, 41.428722381591797 ], [ 77.873512268066406, 41.432308197021484 ], [ 77.876968383789062, 41.437175750732422 ], [ 77.8770751953125, 41.442092895507812 ], [ 77.8780517578125, 41.44482421875 ], [ 77.881172180175781, 41.448093414306641 ], [ 77.885025024414062, 41.450328826904297 ], [ 77.889060974121094, 41.453590393066406 ], [ 77.891281127929688, 41.457565307617188 ], [ 77.893157958984375, 41.459823608398438 ], [ 77.896316528320312, 41.464694976806641 ], [ 77.899871826171875, 41.4671630859375 ], [ 77.904159545898438, 41.468250274658203 ], [ 77.910713195800781, 41.468391418457031 ], [ 77.914436340332031, 41.471202850341797 ], [ 77.916175842285156, 41.474151611328125 ], [ 77.917762756347656, 41.476985931396484 ], [ 77.922630310058594, 41.48309326171875 ], [ 77.925910949707031, 41.48681640625 ], [ 77.931488037109375, 41.490631103515625 ], [ 77.933822631835938, 41.492767333984375 ], [ 77.939048767089844, 41.494983673095703 ], [ 77.943328857421875, 41.495613098144531 ], [ 77.948806762695312, 41.495082855224609 ], [ 77.955757141113281, 41.492923736572266 ], [ 77.964935302734375, 41.488117218017578 ], [ 77.973335266113281, 41.482517242431641 ], [ 77.978416442871094, 41.478561401367188 ], [ 77.983222961425781, 41.475864410400391 ], [ 77.989616394042969, 41.469261169433594 ], [ 77.993316650390625, 41.464866638183594 ], [ 78.0, 41.459712982177734 ], [ 78.005729675292969, 41.4566650390625 ], [ 78.010215759277344, 41.453907012939453 ], [ 78.020980834960938, 41.446521759033203 ], [ 78.027610778808594, 41.441665649414062 ], [ 78.031410217285156, 41.440921783447266 ], [ 78.037101745605469, 41.440109252929688 ], [ 78.04339599609375, 41.441211700439453 ], [ 78.047721862792969, 41.442874908447266 ], [ 78.049911499023438, 41.443790435791016 ], [ 78.054847717285156, 41.445774078369141 ], [ 78.059356689453125, 41.447124481201172 ], [ 78.066696166992188, 41.448886871337891 ], [ 78.077133178710938, 41.454517364501953 ], [ 78.078727722167969, 41.456264495849609 ], [ 78.082168579101562, 41.460193634033203 ], [ 78.084587097167969, 41.463367462158203 ], [ 78.087425231933594, 41.469741821289062 ], [ 78.088088989257812, 41.473163604736328 ], [ 78.089363098144531, 41.476352691650391 ], [ 78.091224670410156, 41.478057861328125 ], [ 78.09515380859375, 41.481151580810547 ], [ 78.104103088378906, 41.483997344970703 ], [ 78.106330871582031, 41.484268188476562 ], [ 78.112380981445312, 41.484836578369141 ], [ 78.122093200683594, 41.484752655029297 ], [ 78.134910583496094, 41.484806060791016 ], [ 78.140243530273438, 41.484928131103516 ], [ 78.149559020996094, 41.487022399902344 ], [ 78.156845092773438, 41.485355377197266 ], [ 78.166816711425781, 41.480464935302734 ], [ 78.178604125976562, 41.47509765625 ], [ 78.188224792480469, 41.467697143554688 ], [ 78.201690673828125, 41.453853607177734 ], [ 78.2061767578125, 41.449012756347656 ], [ 78.2091064453125, 41.446304321289062 ], [ 78.212593078613281, 41.443008422851562 ], [ 78.218147277832031, 41.43701171875 ], [ 78.223526000976562, 41.428508758544922 ], [ 78.225830078125, 41.42529296875 ], [ 78.228866577148438, 41.421195983886719 ], [ 78.234054565429688, 41.415019989013672 ], [ 78.24505615234375, 41.410007476806641 ], [ 78.246620178222656, 41.407367706298828 ], [ 78.248664855957031, 41.402423858642578 ], [ 78.248809814453125, 41.398773193359375 ], [ 78.25262451171875, 41.395336151123047 ], [ 78.256935119628906, 41.393661499023438 ], [ 78.263923645019531, 41.393135070800781 ], [ 78.271553039550781, 41.394203186035156 ], [ 78.275215148925781, 41.3941650390625 ], [ 78.28094482421875, 41.393989562988281 ], [ 78.295242309570312, 41.391902923583984 ], [ 78.299118041992188, 41.390918731689453 ], [ 78.304496765136719, 41.389472961425781 ], [ 78.308853149414062, 41.387874603271484 ], [ 78.313064575195312, 41.386734008789062 ], [ 78.318275451660156, 41.385475158691406 ], [ 78.327972412109375, 41.385158538818359 ], [ 78.335334777832031, 41.388278961181641 ], [ 78.337806701660156, 41.390178680419922 ], [ 78.3426513671875, 41.39349365234375 ], [ 78.346733093261719, 41.395469665527344 ], [ 78.354042053222656, 41.395618438720703 ], [ 78.357673645019531, 41.394668579101562 ], [ 78.358741760253906, 41.392799377441406 ], [ 78.368255615234375, 41.391349792480469 ], [ 78.372245788574219, 41.391513824462891 ], [ 78.377410888671875, 41.391765594482422 ], [ 78.386863708496094, 41.393428802490234 ], [ 78.389320373535156, 41.394775390625 ], [ 78.391845703125, 41.395061492919922 ], [ 78.396820068359375, 41.396572113037109 ], [ 78.397468566894531, 41.400192260742188 ], [ 78.397239685058594, 41.403095245361328 ], [ 78.397811889648438, 41.407634735107422 ], [ 78.401329040527344, 41.410762786865234 ], [ 78.410469055175781, 41.413215637207031 ], [ 78.415069580078125, 41.412830352783203 ], [ 78.4208984375, 41.412326812744141 ], [ 78.430526733398438, 41.411388397216797 ], [ 78.444236755371094, 41.412139892578125 ], [ 78.456733703613281, 41.413139343261719 ], [ 78.4647216796875, 41.416244506835938 ], [ 78.468070983886719, 41.416435241699219 ], [ 78.48834228515625, 41.424648284912109 ], [ 78.496437072753906, 41.428157806396484 ], [ 78.502235412597656, 41.430648803710938 ], [ 78.506477355957031, 41.432426452636719 ], [ 78.510757446289062, 41.43408203125 ], [ 78.5167236328125, 41.436435699462891 ], [ 78.525222778320312, 41.439964294433594 ], [ 78.528144836425781, 41.441986083984375 ], [ 78.53228759765625, 41.444927215576172 ], [ 78.538856506347656, 41.450309753417969 ], [ 78.541275024414062, 41.452785491943359 ], [ 78.545013427734375, 41.457206726074219 ], [ 78.548912048339844, 41.463897705078125 ], [ 78.54986572265625, 41.465713500976562 ], [ 78.554313659667969, 41.470607757568359 ], [ 78.558349609375, 41.474224090576172 ], [ 78.566604614257812, 41.478073120117188 ], [ 78.578498840332031, 41.478607177734375 ], [ 78.58697509765625, 41.476211547851562 ], [ 78.593284606933594, 41.472244262695312 ], [ 78.600242614746094, 41.469409942626953 ], [ 78.606498718261719, 41.469600677490234 ], [ 78.612136840820312, 41.47149658203125 ], [ 78.621055603027344, 41.474395751953125 ], [ 78.624130249023438, 41.474178314208984 ], [ 78.629737854003906, 41.473548889160156 ], [ 78.634101867675781, 41.471939086914062 ], [ 78.637718200683594, 41.470516204833984 ], [ 78.6441650390625, 41.472488403320312 ], [ 78.646453857421875, 41.473506927490234 ], [ 78.650833129882812, 41.475574493408203 ], [ 78.653701782226562, 41.478519439697266 ], [ 78.65704345703125, 41.482994079589844 ], [ 78.658134460449219, 41.486553192138672 ], [ 78.659637451171875, 41.491249084472656 ], [ 78.66217041015625, 41.498302459716797 ], [ 78.67266845703125, 41.503643035888672 ], [ 78.687469482421875, 41.510528564453125 ], [ 78.698272705078125, 41.515861511230469 ], [ 78.700630187988281, 41.519012451171875 ], [ 78.702484130859375, 41.523181915283203 ], [ 78.70068359375, 41.526573181152344 ], [ 78.697975158691406, 41.527980804443359 ], [ 78.695266723632812, 41.5306396484375 ], [ 78.69232177734375, 41.533546447753906 ], [ 78.692886352539062, 41.536094665527344 ], [ 78.694679260253906, 41.540596008300781 ], [ 78.700874328613281, 41.546226501464844 ], [ 78.713203430175781, 41.549716949462891 ], [ 78.722740173339844, 41.551422119140625 ], [ 78.732093811035156, 41.553413391113281 ], [ 78.737205505371094, 41.554431915283203 ], [ 78.751747131347656, 41.555335998535156 ], [ 78.760704040527344, 41.556816101074219 ], [ 78.7750244140625, 41.558887481689453 ], [ 78.788742065429688, 41.558456420898438 ], [ 78.800987243652344, 41.55987548828125 ], [ 78.810127258300781, 41.559513092041016 ], [ 78.82183837890625, 41.563682556152344 ], [ 78.827537536621094, 41.567508697509766 ], [ 78.832069396972656, 41.570453643798828 ], [ 78.835952758789062, 41.572647094726562 ], [ 78.840095520019531, 41.575046539306641 ], [ 78.856788635253906, 41.588333129882812 ], [ 78.86016845703125, 41.591007232666016 ], [ 78.864448547363281, 41.592750549316406 ], [ 78.868736267089844, 41.592578887939453 ], [ 78.874534606933594, 41.5924072265625 ], [ 78.879402160644531, 41.592521667480469 ], [ 78.881446838378906, 41.593475341796875 ], [ 78.886558532714844, 41.596508026123047 ], [ 78.891899108886719, 41.602615356445312 ], [ 78.896926879882812, 41.607563018798828 ], [ 78.903541564941406, 41.611190795898438 ], [ 78.908126831054688, 41.613803863525391 ], [ 78.922309875488281, 41.623805999755859 ], [ 78.926010131835938, 41.626434326171875 ], [ 78.929222106933594, 41.629177093505859 ], [ 78.932945251464844, 41.632293701171875 ], [ 78.939888000488281, 41.637413024902344 ], [ 78.943611145019531, 41.640068054199219 ], [ 78.956642150878906, 41.645015716552734 ], [ 78.968040466308594, 41.65167236328125 ], [ 78.972190856933594, 41.654075622558594 ], [ 78.976219177246094, 41.6561279296875 ], [ 78.984565734863281, 41.659194946289062 ], [ 78.993751525878906, 41.65972900390625 ], [ 79.001296997070312, 41.656631469726562 ], [ 79.009178161621094, 41.654674530029297 ], [ 79.013328552246094, 41.655349731445312 ], [ 79.018226623535156, 41.656223297119141 ], [ 79.021751403808594, 41.658744812011719 ], [ 79.025863647460938, 41.662273406982422 ], [ 79.027824401855469, 41.665618896484375 ], [ 79.030654907226562, 41.670391082763672 ], [ 79.032966613769531, 41.673946380615234 ], [ 79.036270141601562, 41.676628112792969 ], [ 79.040878295898438, 41.679908752441406 ], [ 79.049186706542969, 41.683719635009766 ], [ 79.056900024414062, 41.685874938964844 ], [ 79.070838928222656, 41.687850952148438 ], [ 79.077354431152344, 41.689010620117188 ], [ 79.091049194335938, 41.692832946777344 ], [ 79.093971252441406, 41.694442749023438 ], [ 79.099334716796875, 41.697124481201172 ], [ 79.108108520507812, 41.700309753417969 ], [ 79.114143371582031, 41.704341888427734 ], [ 79.117790222167969, 41.706768035888672 ], [ 79.121261596679688, 41.7103271484375 ], [ 79.124114990234375, 41.713287353515625 ], [ 79.130043029785156, 41.717071533203125 ], [ 79.137489318847656, 41.720138549804688 ], [ 79.147193908691406, 41.722179412841797 ], [ 79.156578063964844, 41.724140167236328 ], [ 79.159355163574219, 41.724174499511719 ], [ 79.165802001953125, 41.724174499511719 ], [ 79.175537109375, 41.723800659179688 ], [ 79.184982299804688, 41.72271728515625 ], [ 79.19683837890625, 41.720443725585938 ], [ 79.200187683105469, 41.719924926757812 ], [ 79.207855224609375, 41.720474243164062 ], [ 79.21466064453125, 41.722862243652344 ], [ 79.218162536621094, 41.725475311279297 ], [ 79.221771240234375, 41.729118347167969 ], [ 79.225059509277344, 41.731815338134766 ], [ 79.227363586425781, 41.733631134033203 ], [ 79.23614501953125, 41.740501403808594 ], [ 79.24237060546875, 41.746124267578125 ], [ 79.250205993652344, 41.751693725585938 ], [ 79.255912780761719, 41.757301330566406 ], [ 79.260688781738281, 41.762924194335938 ], [ 79.266693115234375, 41.768299102783203 ], [ 79.272941589355469, 41.772068023681641 ], [ 79.289695739746094, 41.782505035400391 ], [ 79.293609619140625, 41.785629272460938 ], [ 79.297027587890625, 41.788238525390625 ], [ 79.298843383789062, 41.789363861083984 ], [ 79.304084777832031, 41.792636871337891 ], [ 79.311485290527344, 41.797397613525391 ], [ 79.317123413085938, 41.80224609375 ], [ 79.320556640625, 41.805225372314453 ], [ 79.323677062988281, 41.808193206787109 ], [ 79.328147888183594, 41.809646606445312 ], [ 79.332756042480469, 41.806934356689453 ], [ 79.347450256347656, 41.7923583984375 ], [ 79.349533081054688, 41.790718078613281 ], [ 79.356613159179688, 41.791721343994141 ], [ 79.359405517578125, 41.792808532714844 ], [ 79.36199951171875, 41.796688079833984 ], [ 79.3658447265625, 41.800930023193359 ], [ 79.372146606445312, 41.806503295898438 ], [ 79.381309509277344, 41.814094543457031 ], [ 79.383735656738281, 41.815814971923828 ], [ 79.387649536132812, 41.818630218505859 ], [ 79.397392272949219, 41.826805114746094 ], [ 79.404617309570312, 41.831691741943359 ], [ 79.4127197265625, 41.835414886474609 ], [ 79.417755126953125, 41.836826324462891 ], [ 79.427444458007812, 41.838596343994141 ], [ 79.436820983886719, 41.840644836425781 ], [ 79.444328308105469, 41.842765808105469 ], [ 79.450271606445312, 41.844642639160156 ], [ 79.454505920410156, 41.846458435058594 ], [ 79.460174560546875, 41.847190856933594 ], [ 79.465972900390625, 41.847759246826172 ], [ 79.475677490234375, 41.846939086914062 ], [ 79.482627868652344, 41.844276428222656 ], [ 79.485496520996094, 41.84136962890625 ], [ 79.49468994140625, 41.836460113525391 ], [ 79.498725891113281, 41.834407806396484 ], [ 79.502510070800781, 41.833721160888672 ], [ 79.508514404296875, 41.832736968994141 ], [ 79.514755249023438, 41.832157135009766 ], [ 79.524497985839844, 41.831344604492188 ], [ 79.534225463867188, 41.830718994140625 ], [ 79.537712097167969, 41.831150054931641 ], [ 79.542823791503906, 41.831825256347656 ], [ 79.547416687011719, 41.833061218261719 ], [ 79.553092956542969, 41.834514617919922 ], [ 79.569129943847656, 41.837741851806641 ], [ 79.575469970703125, 41.839191436767578 ], [ 79.593528747558594, 41.844753265380859 ], [ 79.599128723144531, 41.846427917480469 ], [ 79.60833740234375, 41.848857879638672 ], [ 79.612388610839844, 41.850288391113281 ], [ 79.617149353027344, 41.852020263671875 ], [ 79.621223449707031, 41.854034423828125 ], [ 79.625946044921875, 41.858211517333984 ], [ 79.627334594726562, 41.8629150390625 ], [ 79.629020690917969, 41.866340637207031 ], [ 79.631019592285156, 41.870574951171875 ], [ 79.632408142089844, 41.874073028564453 ], [ 79.637535095214844, 41.879447937011719 ], [ 79.649978637695312, 41.88397216796875 ], [ 79.66741943359375, 41.88726806640625 ], [ 79.684226989746094, 41.889839172363281 ], [ 79.688026428222656, 41.891338348388672 ], [ 79.692756652832031, 41.892906188964844 ], [ 79.697021484375, 41.893447875976562 ], [ 79.703224182128906, 41.893230438232422 ], [ 79.708160400390625, 41.89349365234375 ], [ 79.722518920898438, 41.895683288574219 ], [ 79.734832763671875, 41.896015167236328 ], [ 79.746437072753906, 41.899154663085938 ], [ 79.753990173339844, 41.897422790527344 ], [ 79.755882263183594, 41.894557952880859 ], [ 79.76220703125, 41.891063690185547 ], [ 79.765350341796875, 41.889820098876953 ], [ 79.769134521484375, 41.889739990234375 ], [ 79.773300170898438, 41.890155792236328 ], [ 79.776222229003906, 41.890945434570312 ], [ 79.780097961425781, 41.891605377197266 ], [ 79.785224914550781, 41.897823333740234 ], [ 79.788215637207031, 41.903240203857422 ], [ 79.793800354003906, 41.908607482910156 ], [ 79.799736022949219, 41.914402008056641 ], [ 79.802772521972656, 41.920734405517578 ], [ 79.806083679199219, 41.926372528076172 ], [ 79.808502197265625, 41.932716369628906 ], [ 79.810928344726562, 41.939289093017578 ], [ 79.811836242675781, 41.942752838134766 ], [ 79.8134765625, 41.947540283203125 ], [ 79.817405700683594, 41.954227447509766 ], [ 79.82086181640625, 41.957969665527344 ], [ 79.824432373046875, 41.960464477539062 ], [ 79.831039428710938, 41.964195251464844 ], [ 79.837997436523438, 41.968830108642578 ], [ 79.844322204589844, 41.973026275634766 ], [ 79.84625244140625, 41.975315093994141 ], [ 79.849884033203125, 41.979888916015625 ], [ 79.852134704589844, 41.983127593994141 ], [ 79.852073669433594, 41.988845825195312 ], [ 79.850822448730469, 41.993247985839844 ], [ 79.849235534667969, 41.996700286865234 ], [ 79.846885681152344, 42.001613616943359 ], [ 79.845405578613281, 42.006000518798828 ], [ 79.846519470214844, 42.009555816650391 ], [ 79.850624084472656, 42.014251708984375 ], [ 79.858795166015625, 42.017841339111328 ], [ 79.866912841796875, 42.019451141357422 ], [ 79.878089904785156, 42.0230712890625 ], [ 79.884246826171875, 42.026718139648438 ], [ 79.888801574707031, 42.029312133789062 ], [ 79.897216796875, 42.033050537109375 ], [ 79.912422180175781, 42.039154052734375 ], [ 79.916831970214844, 42.0401611328125 ], [ 79.921806335449219, 42.041240692138672 ], [ 79.936477661132812, 42.041648864746094 ], [ 79.948287963867188, 42.040317535400391 ], [ 79.957252502441406, 42.03955078125 ], [ 79.973381042480469, 42.034820556640625 ], [ 79.980201721191406, 42.036022186279297 ], [ 79.983970642089844, 42.037754058837891 ], [ 79.98681640625, 42.039516448974609 ], [ 79.988311767578125, 42.042228698730469 ], [ 79.990478515625, 42.046588897705078 ], [ 79.991607666015625, 42.050140380859375 ], [ 79.991844177246094, 42.052658081054688 ], [ 79.992225646972656, 42.056999206542969 ], [ 79.992393493652344, 42.060646057128906 ], [ 79.991851806640625, 42.065910339355469 ], [ 79.990188598632812, 42.069625854492188 ], [ 79.985931396484375, 42.077056884765625 ], [ 79.984001159667969, 42.080406188964844 ], [ 79.981826782226562, 42.084201812744141 ], [ 79.97808837890625, 42.090950012207031 ], [ 79.975570678710938, 42.09649658203125 ], [ 79.974174499511719, 42.106365203857422 ], [ 79.974723815917969, 42.109352111816406 ], [ 79.976119995117188, 42.114791870117188 ], [ 79.977493286132812, 42.118293762207031 ], [ 79.979881286621094, 42.123096466064453 ], [ 79.982322692871094, 42.126258850097656 ], [ 79.98516845703125, 42.129878997802734 ], [ 79.993217468261719, 42.139041900634766 ], [ 80.004241943359375, 42.151111602783203 ], [ 80.019050598144531, 42.158287048339844 ], [ 80.026222229003906, 42.166793823242188 ], [ 80.028274536132812, 42.167911529541016 ], [ 80.030982971191406, 42.172447204589844 ], [ 80.032691955566406, 42.175075531005859 ], [ 80.036056518554688, 42.178024291992188 ], [ 80.039131164550781, 42.179283142089844 ], [ 80.044891357421875, 42.180412292480469 ], [ 80.050468444824219, 42.180850982666016 ], [ 80.053260803222656, 42.180416107177734 ], [ 80.059349060058594, 42.180625915527344 ], [ 80.066375732421875, 42.180690765380859 ], [ 80.072463989257812, 42.180900573730469 ], [ 80.074905395507812, 42.180492401123047 ], [ 80.088401794433594, 42.184867858886719 ], [ 80.099739074707031, 42.1900634765625 ], [ 80.101318359375, 42.191455841064453 ], [ 80.104591369628906, 42.193408966064453 ], [ 80.108192443847656, 42.194438934326172 ], [ 80.112525939941406, 42.194629669189453 ], [ 80.120994567871094, 42.192783355712891 ], [ 80.126174926757812, 42.19366455078125 ], [ 80.134620666503906, 42.197383880615234 ], [ 80.141281127929688, 42.201324462890625 ], [ 80.141998291015625, 42.203361511230469 ], [ 80.147422790527344, 42.207107543945312 ], [ 80.150375366210938, 42.207553863525391 ], [ 80.157058715820312, 42.208164215087891 ], [ 80.161949157714844, 42.207870483398438 ], [ 80.179481506347656, 42.206947326660156 ], [ 80.182319641113281, 42.206531524658203 ], [ 80.188758850097656, 42.205955505371094 ], [ 80.193634033203125, 42.206340789794922 ], [ 80.206100463867188, 42.208271026611328 ], [ 80.220298767089844, 42.208518981933594 ], [ 80.229721069335938, 42.209510803222656 ], [ 80.238426208496094, 42.211483001708984 ], [ 80.246849060058594, 42.214237213134766 ], [ 80.253646850585938, 42.217655181884766 ], [ 80.259307861328125, 42.220306396484375 ], [ 80.263679504394531, 42.221973419189453 ], [ 80.270851135253906, 42.225124359130859 ], [ 80.276268005371094, 42.227607727050781 ], [ 80.280265808105469, 42.229721069335938 ], [ 80.285285949707031, 42.232837677001953 ], [ 80.288223266601562, 42.235755920410156 ], [ 80.291336059570312, 42.2392578125 ], [ 80.293411254882812, 42.246410369873047 ], [ 80.293441772460938, 42.250057220458984 ], [ 80.292953491210938, 42.255023956298828 ], [ 80.290191650390625, 42.262027740478516 ], [ 80.286048889160156, 42.271747589111328 ], [ 80.278724670410156, 42.279495239257812 ], [ 80.271713256835938, 42.287864685058594 ], [ 80.269119262695312, 42.290992736816406 ], [ 80.270095825195312, 42.298252105712891 ], [ 80.271934509277344, 42.301204681396484 ], [ 80.275100708007812, 42.305187225341797 ], [ 80.278900146484375, 42.307498931884766 ], [ 80.280914306640625, 42.309860229492188 ], [ 80.285179138183594, 42.318222045898438 ], [ 80.290359497070312, 42.315437316894531 ], [ 80.295333862304688, 42.314834594726562 ], [ 80.298446655273438, 42.315261840820312 ], [ 80.300621032714844, 42.315532684326172 ], [ 80.302787780761719, 42.315700531005859 ], [ 80.305595397949219, 42.316364288330078 ], [ 80.308944702148438, 42.315574645996094 ], [ 80.3115234375, 42.314701080322266 ], [ 80.314338684082031, 42.313987731933594 ], [ 80.317398071289062, 42.313491821289062 ], [ 80.320289611816406, 42.312782287597656 ], [ 80.322746276855469, 42.312599182128906 ], [ 80.324897766113281, 42.312477111816406 ], [ 80.328369140625, 42.312484741210938 ], [ 80.331100463867188, 42.313034057617188 ], [ 80.334915161132812, 42.313720703125 ], [ 80.337326049804688, 42.314167022705078 ], [ 80.339683532714844, 42.314903259277344 ], [ 80.342170715332031, 42.315338134765625 ], [ 80.346237182617188, 42.316360473632812 ], [ 80.349113464355469, 42.316791534423828 ], [ 80.351432800292969, 42.316841125488281 ], [ 80.355461120605469, 42.317180633544922 ], [ 80.359771728515625, 42.318588256835938 ], [ 80.362640380859375, 42.320281982421875 ], [ 80.365119934082031, 42.321868896484375 ], [ 80.369712829589844, 42.324134826660156 ], [ 80.371826171875, 42.324642181396484 ], [ 80.374382019042969, 42.324855804443359 ], [ 80.377662658691406, 42.324295043945312 ], [ 80.379920959472656, 42.323200225830078 ], [ 80.383232116699219, 42.321617126464844 ], [ 80.390281677246094, 42.316532135009766 ], [ 80.392189025878906, 42.31475830078125 ], [ 80.394729614257812, 42.313198089599609 ], [ 80.397941589355469, 42.311378479003906 ], [ 80.400802612304688, 42.309978485107422 ], [ 80.40362548828125, 42.308113098144531 ], [ 80.407691955566406, 42.306217193603516 ], [ 80.40948486328125, 42.305244445800781 ], [ 80.413108825683594, 42.303760528564453 ], [ 80.416236877441406, 42.303153991699219 ], [ 80.418853759765625, 42.303131103515625 ], [ 80.420890808105469, 42.303699493408203 ], [ 80.423995971679688, 42.304004669189453 ], [ 80.426216125488281, 42.303764343261719 ], [ 80.42913818359375, 42.303680419921875 ], [ 80.431541442871094, 42.303890228271484 ], [ 80.434036254882812, 42.304386138916016 ], [ 80.43609619140625, 42.305416107177734 ], [ 80.436439514160156, 42.307460784912109 ], [ 80.435958862304688, 42.309879302978516 ], [ 80.434989929199219, 42.311855316162109 ], [ 80.435478210449219, 42.315162658691406 ], [ 80.437301635742188, 42.317512512207031 ], [ 80.439048767089844, 42.318492889404297 ], [ 80.441932678222656, 42.319026947021484 ], [ 80.444419860839844, 42.319301605224609 ], [ 80.447349548339844, 42.319377899169922 ], [ 80.45074462890625, 42.319332122802734 ], [ 80.452842712402344, 42.319557189941406 ], [ 80.454933166503906, 42.319839477539062 ], [ 80.457565307617188, 42.319923400878906 ], [ 80.460563659667969, 42.319835662841797 ], [ 80.464653015136719, 42.319820404052734 ], [ 80.467414855957031, 42.319507598876953 ], [ 80.469642639160156, 42.319320678710938 ], [ 80.472023010253906, 42.320564270019531 ], [ 80.47418212890625, 42.321933746337891 ], [ 80.475685119628906, 42.324005126953125 ], [ 80.476783752441406, 42.325691223144531 ], [ 80.477973937988281, 42.327713012695312 ], [ 80.479484558105469, 42.329952239990234 ], [ 80.480911254882812, 42.333343505859375 ], [ 80.482246398925781, 42.335250854492188 ], [ 80.484085083007812, 42.337715148925781 ], [ 80.485862731933594, 42.339210510253906 ], [ 80.488349914550781, 42.340969085693359 ], [ 80.490768432617188, 42.341346740722656 ], [ 80.494178771972656, 42.343070983886719 ], [ 80.496589660644531, 42.344711303710938 ], [ 80.50164794921875, 42.346965789794922 ], [ 80.503517150878906, 42.348621368408203 ], [ 80.505630493164062, 42.350559234619141 ], [ 80.508659362792969, 42.353668212890625 ], [ 80.511528015136719, 42.355182647705078 ], [ 80.514129638671875, 42.356193542480469 ], [ 80.517578125, 42.357173919677734 ], [ 80.522857666015625, 42.357753753662109 ], [ 80.526992797851562, 42.358543395996094 ], [ 80.530807495117188, 42.359054565429688 ], [ 80.532981872558594, 42.359325408935547 ], [ 80.53662109375, 42.359500885009766 ], [ 80.540267944335938, 42.359901428222656 ], [ 80.544921875, 42.360324859619141 ], [ 80.548797607421875, 42.36065673828125 ], [ 80.552146911621094, 42.361183166503906 ], [ 80.556884765625, 42.361671447753906 ], [ 80.560592651367188, 42.361774444580078 ], [ 80.564804077148438, 42.361133575439453 ], [ 80.567619323730469, 42.3603515625 ], [ 80.571426391601562, 42.359493255615234 ], [ 80.575057983398438, 42.358226776123047 ], [ 80.577384948730469, 42.357067108154297 ], [ 80.58013916015625, 42.355373382568359 ], [ 80.582359313964844, 42.35369873046875 ], [ 80.584968566894531, 42.352069854736328 ], [ 80.586723327636719, 42.350357055664062 ], [ 80.588180541992188, 42.348823547363281 ], [ 80.590339660644531, 42.347488403320312 ], [ 80.592842102050781, 42.346672058105469 ], [ 80.595466613769531, 42.346698760986328 ], [ 80.597389221191406, 42.347900390625 ], [ 80.599563598632812, 42.349483489990234 ], [ 80.601264953613281, 42.350868225097656 ], [ 80.603141784667969, 42.352638244628906 ], [ 80.605239868164062, 42.354228973388672 ], [ 80.607109069824219, 42.355892181396484 ], [ 80.610313415527344, 42.357967376708984 ], [ 80.612754821777344, 42.358737945556641 ], [ 80.618408203125, 42.357822418212891 ], [ 80.621025085449219, 42.356365203857422 ], [ 80.622871398925781, 42.354866027832031 ], [ 80.628433227539062, 42.35186767578125 ], [ 80.63433837890625, 42.354328155517578 ], [ 80.637641906738281, 42.356742858886719 ], [ 80.639884948730469, 42.359474182128906 ], [ 80.643295288085938, 42.362403869628906 ], [ 80.646812438964844, 42.363090515136719 ], [ 80.649063110351562, 42.363357543945312 ], [ 80.652824401855469, 42.363010406494141 ], [ 80.655525207519531, 42.362918853759766 ], [ 80.657821655273438, 42.3626708984375 ], [ 80.660430908203125, 42.362300872802734 ], [ 80.663322448730469, 42.361637115478516 ], [ 80.666633605957031, 42.360214233398438 ], [ 80.670059204101562, 42.358036041259766 ], [ 80.673606872558594, 42.356723785400391 ], [ 80.67596435546875, 42.356071472167969 ], [ 80.678337097167969, 42.355819702148438 ], [ 80.680343627929688, 42.355751037597656 ], [ 80.683319091796875, 42.356460571289062 ], [ 80.687339782714844, 42.357933044433594 ], [ 80.691093444824219, 42.358779907226562 ], [ 80.693588256835938, 42.359218597412109 ], [ 80.69757080078125, 42.360004425048828 ], [ 80.701705932617188, 42.360725402832031 ], [ 80.706695556640625, 42.361537933349609 ], [ 80.711524963378906, 42.361030578613281 ], [ 80.714630126953125, 42.360012054443359 ], [ 80.720603942871094, 42.357872009277344 ], [ 80.723030090332031, 42.357212066650391 ], [ 80.726211547851562, 42.356193542480469 ], [ 80.730789184570312, 42.355243682861328 ], [ 80.733016967773438, 42.355056762695312 ], [ 80.735038757324219, 42.355331420898438 ], [ 80.738090515136719, 42.356086730957031 ], [ 80.740066528320312, 42.356765747070312 ], [ 80.742958068847656, 42.358737945556641 ], [ 80.745529174804688, 42.360363006591797 ], [ 80.748977661132812, 42.360019683837891 ], [ 80.751632690429688, 42.359188079833984 ], [ 80.754562377929688, 42.359096527099609 ], [ 80.757217407226562, 42.359577178955078 ], [ 80.759498596191406, 42.360301971435547 ], [ 80.765174865722656, 42.362285614013672 ], [ 80.770530700683594, 42.365375518798828 ], [ 80.773422241210938, 42.367279052734375 ], [ 80.776039123535156, 42.369598388671875 ], [ 80.780754089355469, 42.371047973632812 ], [ 80.782798767089844, 42.371612548828125 ], [ 80.785758972167969, 42.372138977050781 ], [ 80.790702819824219, 42.373462677001953 ], [ 80.795799255371094, 42.374660491943359 ], [ 80.802116394042969, 42.375713348388672 ], [ 80.80731201171875, 42.376163482666016 ], [ 80.810897827148438, 42.376728057861328 ], [ 80.813224792480469, 42.376884460449219 ], [ 80.817573547363281, 42.377307891845703 ], [ 80.819984436035156, 42.377571105957031 ], [ 80.824226379394531, 42.377426147460938 ], [ 80.826431274414062, 42.376834869384766 ], [ 80.829360961914062, 42.375534057617188 ], [ 80.831466674804688, 42.373340606689453 ], [ 80.833297729492188, 42.371795654296875 ], [ 80.837242126464844, 42.368110656738281 ], [ 80.838821411132812, 42.366165161132812 ], [ 80.840660095214844, 42.364730834960938 ], [ 80.844596862792969, 42.362133026123047 ], [ 80.849220275878906, 42.3607177734375 ], [ 80.852317810058594, 42.360893249511719 ], [ 80.855171203613281, 42.360851287841797 ], [ 80.857582092285156, 42.361114501953125 ], [ 80.862083435058594, 42.361587524414062 ], [ 80.864181518554688, 42.361751556396484 ], [ 80.867652893066406, 42.361682891845703 ], [ 80.871009826660156, 42.361110687255859 ], [ 80.875556945800781, 42.359756469726562 ], [ 80.877998352050781, 42.359210968017578 ], [ 80.881553649902344, 42.359321594238281 ], [ 80.885749816894531, 42.362209320068359 ], [ 80.888236999511719, 42.363838195800781 ], [ 80.890594482421875, 42.365650177001953 ], [ 80.89520263671875, 42.366519927978516 ], [ 80.902908325195312, 42.366256713867188 ], [ 80.906097412109375, 42.365459442138672 ], [ 80.909469604492188, 42.365001678466797 ], [ 80.91204833984375, 42.364337921142578 ], [ 80.916862487792969, 42.363540649414062 ], [ 80.91912841796875, 42.362712860107422 ], [ 80.921501159667969, 42.362407684326172 ], [ 80.924179077148438, 42.362022399902344 ], [ 80.92840576171875, 42.361701965332031 ], [ 80.931793212890625, 42.361587524414062 ], [ 80.937812805175781, 42.360294342041016 ], [ 80.940460205078125, 42.359394073486328 ], [ 80.943977355957031, 42.358875274658203 ], [ 80.947097778320312, 42.358245849609375 ], [ 80.950263977050781, 42.358192443847656 ], [ 80.9522705078125, 42.358184814453125 ], [ 80.954505920410156, 42.358161926269531 ], [ 80.957527160644531, 42.358287811279297 ], [ 80.960830688476562, 42.359260559082031 ], [ 80.964164733886719, 42.360801696777344 ], [ 80.968193054199219, 42.362205505371094 ], [ 80.970863342285156, 42.362911224365234 ], [ 80.973808288574219, 42.36309814453125 ], [ 80.978347778320312, 42.362876892089844 ], [ 80.981376647949219, 42.361858367919922 ], [ 80.98455810546875, 42.360939025878906 ], [ 80.986183166503906, 42.359733581542969 ], [ 80.988456726074219, 42.357879638671875 ], [ 80.992942810058594, 42.356864929199219 ], [ 81.0, 42.3560791015625 ], [ 81.006462097167969, 42.354557037353516 ], [ 81.009178161621094, 42.352218627929688 ], [ 81.011795043945312, 42.348381042480469 ], [ 81.014823913574219, 42.346042633056641 ], [ 81.017501831054688, 42.344738006591797 ], [ 81.019386291503906, 42.343852996826172 ], [ 81.021286010742188, 42.342700958251953 ], [ 81.023040771484375, 42.341251373291016 ], [ 81.023811340332031, 42.339317321777344 ], [ 81.024070739746094, 42.336696624755859 ], [ 81.024620056152344, 42.332645416259766 ], [ 81.024978637695312, 42.329387664794922 ], [ 81.02703857421875, 42.327999114990234 ], [ 81.029289245605469, 42.325649261474609 ], [ 81.030479431152344, 42.322982788085938 ], [ 81.031295776367188, 42.319911956787109 ], [ 81.03314208984375, 42.318004608154297 ], [ 81.036712646484375, 42.315391540527344 ], [ 81.037796020507812, 42.313358306884766 ], [ 81.036720275878906, 42.311386108398438 ], [ 81.033340454101562, 42.309192657470703 ], [ 81.031356811523438, 42.308578491210938 ], [ 81.027839660644531, 42.307868957519531 ], [ 81.025390625, 42.307418823242188 ], [ 81.021583557128906, 42.306240081787109 ], [ 81.01953125, 42.305683135986328 ], [ 81.014205932617188, 42.303901672363281 ], [ 81.010467529296875, 42.302848815917969 ], [ 81.006271362304688, 42.301841735839844 ], [ 81.0, 42.300102233886719 ], [ 81.007232666015625, 42.260654449462891 ], [ 81.009292602539062, 42.261329650878906 ], [ 81.011817932128906, 42.263614654541016 ], [ 81.01507568359375, 42.265003204345703 ], [ 81.017807006835938, 42.265983581542969 ], [ 81.019515991210938, 42.267620086669922 ], [ 81.020622253417969, 42.272510528564453 ], [ 81.02313232421875, 42.275371551513672 ], [ 81.025184631347656, 42.275993347167969 ], [ 81.028945922851562, 42.274524688720703 ], [ 81.032943725585938, 42.276557922363281 ], [ 81.035369873046875, 42.277645111083984 ], [ 81.038108825683594, 42.278564453125 ], [ 81.039749145507812, 42.279857635498047 ], [ 81.042129516601562, 42.282028198242188 ], [ 81.045143127441406, 42.283702850341797 ], [ 81.047721862792969, 42.282726287841797 ], [ 81.052757263183594, 42.284038543701172 ], [ 81.055267333984375, 42.284946441650391 ], [ 81.057510375976562, 42.284774780273438 ], [ 81.062110900878906, 42.285331726074219 ], [ 81.07012939453125, 42.287162780761719 ], [ 81.074264526367188, 42.287773132324219 ], [ 81.077171325683594, 42.288349151611328 ], [ 81.080581665039062, 42.289741516113281 ], [ 81.0845947265625, 42.289592742919922 ], [ 81.087509155273438, 42.289890289306641 ], [ 81.090049743652344, 42.290058135986328 ], [ 81.093429565429688, 42.290359497070312 ], [ 81.097450256347656, 42.289936065673828 ], [ 81.099647521972656, 42.288887023925781 ], [ 81.102493286132812, 42.287002563476562 ], [ 81.106124877929688, 42.28485107421875 ], [ 81.108528137207031, 42.284389495849609 ], [ 81.116912841796875, 42.282913208007812 ], [ 81.119232177734375, 42.282611846923828 ], [ 81.121322631835938, 42.282375335693359 ], [ 81.124656677246094, 42.281814575195312 ], [ 81.127670288085938, 42.279651641845703 ], [ 81.127822875976562, 42.277587890625 ], [ 81.128524780273438, 42.275428771972656 ], [ 81.129592895507812, 42.273735046386719 ], [ 81.130325317382812, 42.270545959472656 ], [ 81.128990173339844, 42.267368316650391 ], [ 81.130622863769531, 42.264827728271484 ], [ 81.131256103515625, 42.262496948242188 ], [ 81.133293151855469, 42.259559631347656 ], [ 81.135650634765625, 42.258350372314453 ], [ 81.137748718261719, 42.257827758789062 ], [ 81.139961242675781, 42.258445739746094 ], [ 81.142463684082031, 42.259296417236328 ], [ 81.145919799804688, 42.259662628173828 ], [ 81.150596618652344, 42.258216857910156 ], [ 81.153251647949219, 42.257293701171875 ], [ 81.155235290527344, 42.257625579833984 ], [ 81.15753173828125, 42.258125305175781 ], [ 81.160118103027344, 42.258930206298828 ], [ 81.157501220703125, 42.260986328125 ], [ 81.155120849609375, 42.262828826904297 ], [ 81.157417297363281, 42.267173767089844 ], [ 81.157493591308594, 42.269287109375 ], [ 81.160629272460938, 42.271930694580078 ], [ 81.163803100585938, 42.273601531982422 ], [ 81.165321350097656, 42.276145935058594 ], [ 81.166046142578125, 42.279430389404297 ], [ 81.166084289550781, 42.282573699951172 ], [ 81.165168762207031, 42.284393310546875 ], [ 81.161468505859375, 42.286369323730469 ], [ 81.157737731933594, 42.287265777587891 ], [ 81.153388977050781, 42.288089752197266 ], [ 81.151496887207031, 42.289253234863281 ], [ 81.15118408203125, 42.291362762451172 ], [ 81.1514892578125, 42.293430328369141 ], [ 81.152679443359375, 42.296661376953125 ], [ 81.15252685546875, 42.298660278320312 ], [ 81.15155029296875, 42.302127838134766 ], [ 81.151237487792969, 42.304126739501953 ], [ 81.152137756347656, 42.306953430175781 ], [ 81.153610229492188, 42.308589935302734 ], [ 81.153961181640625, 42.311683654785156 ], [ 81.152336120605469, 42.313713073730469 ], [ 81.150054931640625, 42.316982269287109 ], [ 81.149642944335938, 42.319839477539062 ], [ 81.151161193847656, 42.322383880615234 ], [ 81.154762268066406, 42.322975158691406 ], [ 81.158073425292969, 42.323040008544922 ], [ 81.161148071289062, 42.323398590087891 ], [ 81.164222717285156, 42.323688507080078 ], [ 81.166610717773438, 42.323738098144531 ], [ 81.170448303222656, 42.324104309082031 ], [ 81.174453735351562, 42.324249267578125 ], [ 81.177017211914062, 42.323787689208984 ], [ 81.180137634277344, 42.324825286865234 ], [ 81.181350708007812, 42.327308654785156 ], [ 81.182075500488281, 42.330757141113281 ], [ 81.182685852050781, 42.332889556884766 ], [ 81.186332702636719, 42.336456298828125 ], [ 81.188484191894531, 42.338783264160156 ], [ 81.190666198730469, 42.34014892578125 ], [ 81.192855834960938, 42.341449737548828 ], [ 81.194747924804688, 42.342292785644531 ], [ 81.196784973144531, 42.341533660888672 ], [ 81.1990966796875, 42.339405059814453 ], [ 81.201927185058594, 42.337924957275391 ], [ 81.204238891601562, 42.338081359863281 ], [ 81.206817626953125, 42.339221954345703 ], [ 81.209587097167969, 42.339397430419922 ], [ 81.212440490722656, 42.339508056640625 ], [ 81.215606689453125, 42.3392333984375 ], [ 81.217994689941406, 42.339282989501953 ], [ 81.220314025878906, 42.339160919189453 ], [ 81.222549438476562, 42.339202880859375 ], [ 81.226264953613281, 42.338932037353516 ], [ 81.22918701171875, 42.339000701904297 ], [ 81.232337951660156, 42.339344024658203 ], [ 81.234504699707031, 42.339160919189453 ], [ 81.238182067871094, 42.339756011962891 ], [ 81.240760803222656, 42.341011047363281 ], [ 81.243499755859375, 42.342094421386719 ], [ 81.246810913085938, 42.342212677001953 ], [ 81.249824523925781, 42.342105865478516 ], [ 81.254722595214844, 42.340999603271484 ], [ 81.256874084472656, 42.341045379638672 ], [ 81.259017944335938, 42.341598510742188 ], [ 81.260993957519531, 42.342441558837891 ], [ 81.263526916503906, 42.342605590820312 ], [ 81.26629638671875, 42.342899322509766 ], [ 81.269889831542969, 42.341648101806641 ], [ 81.271408081054688, 42.340129852294922 ], [ 81.272789001464844, 42.338157653808594 ], [ 81.27508544921875, 42.336601257324219 ], [ 81.277809143066406, 42.335796356201172 ], [ 81.282012939453125, 42.334793090820312 ], [ 81.284187316894531, 42.332206726074219 ], [ 81.287681579589844, 42.333709716796875 ], [ 81.289337158203125, 42.334884643554688 ], [ 81.291580200195312, 42.336761474609375 ], [ 81.293235778808594, 42.337936401367188 ], [ 81.295791625976562, 42.339702606201172 ], [ 81.299728393554688, 42.339557647705078 ], [ 81.30206298828125, 42.339027404785156 ], [ 81.304916381835938, 42.338966369628906 ], [ 81.306793212890625, 42.340492248535156 ], [ 81.3084716796875, 42.343044281005859 ], [ 81.311141967773438, 42.346015930175781 ], [ 81.314582824707031, 42.347061157226562 ], [ 81.315475463867188, 42.350048065185547 ], [ 81.314033508300781, 42.351627349853516 ], [ 81.312446594238281, 42.354915618896484 ], [ 81.314926147460938, 42.356906890869141 ], [ 81.317863464355469, 42.356739044189453 ], [ 81.320991516113281, 42.355476379394531 ], [ 81.322799682617188, 42.354598999023438 ], [ 81.325218200683594, 42.351505279541016 ], [ 81.327293395996094, 42.349597930908203 ], [ 81.331398010253906, 42.349102020263672 ], [ 81.334213256835938, 42.347896575927734 ], [ 81.336212158203125, 42.345935821533203 ], [ 81.338386535644531, 42.343402862548828 ], [ 81.340339660644531, 42.342586517333984 ], [ 81.342552185058594, 42.341190338134766 ], [ 81.3443603515625, 42.34002685546875 ], [ 81.348526000976562, 42.339996337890625 ], [ 81.350837707519531, 42.340213775634766 ], [ 81.353309631347656, 42.340087890625 ], [ 81.356643676757812, 42.339519500732422 ], [ 81.359786987304688, 42.337745666503906 ], [ 81.363136291503906, 42.339012145996094 ], [ 81.367195129394531, 42.339836120605469 ], [ 81.370429992675781, 42.342132568359375 ], [ 81.37347412109375, 42.345504760742188 ], [ 81.37554931640625, 42.348117828369141 ], [ 81.376708984375, 42.350322723388672 ], [ 81.377876281738281, 42.35223388671875 ], [ 81.38037109375, 42.353713989257812 ], [ 81.383880615234375, 42.354808807373047 ], [ 81.386123657226562, 42.354564666748047 ], [ 81.388252258300781, 42.353172302246094 ], [ 81.391685485839844, 42.351982116699219 ], [ 81.393783569335938, 42.351558685302734 ], [ 81.396018981933594, 42.351543426513672 ], [ 81.400245666503906, 42.352088928222656 ], [ 81.402702331542969, 42.35235595703125 ], [ 81.404830932617188, 42.353313446044922 ], [ 81.408782958984375, 42.354938507080078 ], [ 81.411026000976562, 42.354747772216797 ], [ 81.413063049316406, 42.353984832763672 ], [ 81.415077209472656, 42.353618621826172 ], [ 81.417083740234375, 42.353656768798828 ], [ 81.418647766113281, 42.355289459228516 ], [ 81.420021057128906, 42.358001708984375 ], [ 81.422782897949219, 42.35845947265625 ], [ 81.4261474609375, 42.357089996337891 ], [ 81.428939819335938, 42.356456756591797 ], [ 81.432037353515625, 42.356166839599609 ], [ 81.435226440429688, 42.357658386230469 ], [ 81.43853759765625, 42.357952117919922 ], [ 81.442543029785156, 42.358142852783203 ], [ 81.445304870605469, 42.358474731445312 ], [ 81.448143005371094, 42.359039306640625 ], [ 81.451911926269531, 42.359340667724609 ], [ 81.454055786132812, 42.359783172607422 ], [ 81.457359313964844, 42.360073089599609 ], [ 81.459503173828125, 42.360687255859375 ], [ 81.4613037109375, 42.364498138427734 ], [ 81.460655212402344, 42.367801666259766 ], [ 81.463348388671875, 42.370368957519531 ], [ 81.46612548828125, 42.370418548583984 ], [ 81.468307495117188, 42.369655609130859 ], [ 81.471092224121094, 42.367195129394531 ], [ 81.472366333007812, 42.363552093505859 ], [ 81.474128723144531, 42.361698150634766 ], [ 81.480331420898438, 42.358207702636719 ], [ 81.483497619628906, 42.358203887939453 ], [ 81.486351013183594, 42.358028411865234 ], [ 81.488388061523438, 42.357093811035156 ], [ 81.490493774414062, 42.356380462646484 ], [ 81.492691040039062, 42.355453491210938 ], [ 81.496658325195312, 42.354373931884766 ], [ 81.4986572265625, 42.354473114013672 ], [ 81.503669738769531, 42.354389190673828 ], [ 81.507095336914062, 42.353538513183594 ], [ 81.509300231933594, 42.354434967041016 ], [ 81.51080322265625, 42.3558349609375 ], [ 81.514244079589844, 42.356582641601562 ], [ 81.516624450683594, 42.356967926025391 ], [ 81.519142150878906, 42.357757568359375 ], [ 81.521690368652344, 42.360034942626953 ], [ 81.523628234863281, 42.362239837646484 ], [ 81.526634216308594, 42.360012054443359 ], [ 81.529159545898438, 42.360450744628906 ], [ 81.531166076660156, 42.360549926757812 ], [ 81.534088134765625, 42.360885620117188 ], [ 81.53692626953125, 42.361160278320312 ], [ 81.540397644042969, 42.361278533935547 ], [ 81.543479919433594, 42.361454010009766 ], [ 81.546028137207031, 42.361324310302734 ], [ 81.54864501953125, 42.361366271972656 ], [ 81.550735473632812, 42.361347198486328 ], [ 81.552810668945312, 42.361381530761719 ], [ 81.554878234863281, 42.361991882324219 ], [ 81.55645751953125, 42.36328125 ], [ 81.558197021484375, 42.364280700683594 ], [ 81.560310363769531, 42.365749359130859 ], [ 81.562828063964844, 42.366653442382812 ], [ 81.565299987792969, 42.366523742675781 ], [ 81.567802429199219, 42.365486145019531 ], [ 81.571815490722656, 42.365375518798828 ], [ 81.573776245117188, 42.369308471679688 ], [ 81.57623291015625, 42.372215270996094 ], [ 81.579216003417969, 42.373115539550781 ], [ 81.581962585449219, 42.3740234375 ], [ 81.584403991699219, 42.374927520751953 ], [ 81.586555480957031, 42.375247955322266 ], [ 81.588508605957031, 42.374313354492188 ], [ 81.590499877929688, 42.372341156005859 ], [ 81.593368530273438, 42.371875762939453 ], [ 81.595375061035156, 42.371910095214844 ], [ 81.600311279296875, 42.371883392333984 ], [ 81.603172302246094, 42.37164306640625 ], [ 81.607276916503906, 42.371082305908203 ], [ 81.609664916992188, 42.371292114257812 ], [ 81.613265991210938, 42.372104644775391 ], [ 81.616035461425781, 42.372440338134766 ], [ 81.61895751953125, 42.372539520263672 ], [ 81.621955871582031, 42.372875213623047 ], [ 81.625801086425781, 42.373401641845703 ], [ 81.628623962402344, 42.374477386474609 ], [ 81.630043029785156, 42.375938415527344 ], [ 81.630439758300781, 42.378059387207031 ], [ 81.631805419921875, 42.381401062011719 ], [ 81.634429931640625, 42.383960723876953 ], [ 81.636642456054688, 42.384685516357422 ], [ 81.639335632324219, 42.385013580322266 ], [ 81.6417236328125, 42.385169982910156 ], [ 81.644073486328125, 42.386581420898438 ], [ 81.646163940429688, 42.388736724853516 ], [ 81.6484375, 42.390266418457031 ], [ 81.650497436523438, 42.390865325927734 ], [ 81.653251647949219, 42.391712188720703 ], [ 81.655494689941406, 42.391521453857422 ], [ 81.65802001953125, 42.392253875732422 ], [ 81.661331176757812, 42.389904022216797 ], [ 81.662765502929688, 42.388435363769531 ], [ 81.664985656738281, 42.386531829833984 ], [ 81.669151306152344, 42.384025573730469 ], [ 81.672096252441406, 42.383556365966797 ], [ 81.671562194824219, 42.380741119384766 ], [ 81.67242431640625, 42.377559661865234 ], [ 81.673561096191406, 42.375625610351562 ], [ 81.6728515625, 42.373561859130859 ], [ 81.670394897460938, 42.370773315429688 ], [ 81.67279052734375, 42.368007659912109 ], [ 81.67559814453125, 42.367027282714844 ], [ 81.678291320800781, 42.36712646484375 ], [ 81.680809020996094, 42.368022918701172 ], [ 81.68341064453125, 42.368923187255859 ], [ 81.688026428222656, 42.369174957275391 ], [ 81.691383361816406, 42.370597839355469 ], [ 81.695236206054688, 42.370716094970703 ], [ 81.698951721191406, 42.370090484619141 ], [ 81.701805114746094, 42.370082855224609 ], [ 81.704574584960938, 42.370525360107422 ], [ 81.706642150878906, 42.371017456054688 ], [ 81.709190368652344, 42.370944976806641 ], [ 81.71136474609375, 42.370357513427734 ], [ 81.713539123535156, 42.36981201171875 ], [ 81.715866088867188, 42.369457244873047 ], [ 81.717964172363281, 42.369029998779297 ], [ 81.719619750976562, 42.367687225341797 ], [ 81.722518920898438, 42.363552093505859 ], [ 81.7252197265625, 42.3609619140625 ], [ 81.726722717285156, 42.359611511230469 ], [ 81.728683471679688, 42.358448028564453 ], [ 81.732856750488281, 42.358165740966797 ], [ 81.737945556640625, 42.360710144042969 ], [ 81.741065979003906, 42.362194061279297 ], [ 81.745407104492188, 42.364143371582031 ], [ 81.748466491699219, 42.365104675292969 ], [ 81.750900268554688, 42.366352081298828 ], [ 81.752769470214844, 42.368381500244141 ], [ 81.752609252929688, 42.371299743652344 ], [ 81.754966735839844, 42.372417449951172 ], [ 81.760581970214844, 42.372966766357422 ], [ 81.762718200683594, 42.373863220214844 ], [ 81.763824462890625, 42.375591278076172 ], [ 81.763740539550781, 42.378742218017578 ], [ 81.765800476074219, 42.379459381103516 ], [ 81.768470764160156, 42.380531311035156 ], [ 81.7672119140625, 42.384113311767578 ], [ 81.766632080078125, 42.388339996337891 ], [ 81.770111083984375, 42.390853881835938 ], [ 81.77392578125, 42.392402648925781 ], [ 81.776046752929688, 42.393638610839844 ], [ 81.776878356933594, 42.397029876708984 ], [ 81.778793334960938, 42.400371551513672 ], [ 81.780532836914062, 42.401668548583984 ], [ 81.784187316894531, 42.403549194335938 ], [ 81.787208557128906, 42.410282135009766 ], [ 81.79217529296875, 42.404819488525391 ], [ 81.795989990234375, 42.403560638427734 ], [ 81.799812316894531, 42.402072906494141 ], [ 81.802238464355469, 42.400966644287109 ], [ 81.804275512695312, 42.399856567382812 ], [ 81.806770324707031, 42.39886474609375 ], [ 81.809806823730469, 42.398105621337891 ], [ 81.813766479492188, 42.396968841552734 ], [ 81.815147399902344, 42.394702911376953 ], [ 81.816543579101562, 42.391574859619141 ], [ 81.819122314453125, 42.387660980224609 ], [ 81.819076538085938, 42.383602142333984 ], [ 81.8204345703125, 42.381790161132812 ], [ 81.823486328125, 42.380176544189453 ], [ 81.826133728027344, 42.379299163818359 ], [ 81.832206726074219, 42.377510070800781 ], [ 81.836158752441406, 42.376651763916016 ], [ 81.838752746582031, 42.377895355224609 ], [ 81.841194152832031, 42.378730773925781 ], [ 81.844535827636719, 42.377979278564453 ], [ 81.846733093261719, 42.376575469970703 ], [ 81.850227355957031, 42.375713348388672 ], [ 81.85247802734375, 42.375236511230469 ], [ 81.854484558105469, 42.375202178955078 ], [ 81.857650756835938, 42.375026702880859 ], [ 81.859794616699219, 42.375747680664062 ], [ 81.8614501953125, 42.377204895019531 ], [ 81.863639831542969, 42.379005432128906 ], [ 81.864242553710938, 42.382396697998047 ], [ 81.863067626953125, 42.38592529296875 ], [ 81.861709594726562, 42.387672424316406 ], [ 81.860862731933594, 42.390522003173828 ], [ 81.863540649414062, 42.391422271728516 ], [ 81.865989685058594, 42.392204284667969 ], [ 81.868865966796875, 42.394245147705078 ], [ 81.868339538574219, 42.396472930908203 ], [ 81.866600036621094, 42.398220062255859 ], [ 81.865013122558594, 42.399738311767578 ], [ 81.863059997558594, 42.400569915771484 ], [ 81.862312316894531, 42.402557373046875 ], [ 81.864158630371094, 42.405738830566406 ], [ 81.864997863769531, 42.409126281738281 ], [ 81.866981506347656, 42.409957885742188 ], [ 81.870025634765625, 42.408512115478516 ], [ 81.874229431152344, 42.407203674316406 ], [ 81.877395629882812, 42.407131195068359 ], [ 81.880874633789062, 42.406898498535156 ], [ 81.883033752441406, 42.406871795654297 ], [ 81.885360717773438, 42.406505584716797 ], [ 81.88702392578125, 42.404926300048828 ], [ 81.890281677246094, 42.404289245605469 ], [ 81.892440795898438, 42.404434204101562 ], [ 81.896064758300781, 42.404430389404297 ], [ 81.89862060546875, 42.404293060302734 ], [ 81.901229858398438, 42.401817321777344 ], [ 81.903335571289062, 42.400928497314453 ], [ 81.905563354492188, 42.401477813720703 ], [ 81.907852172851562, 42.402252197265625 ], [ 81.910552978515625, 42.402290344238281 ], [ 81.913772583007812, 42.403308868408203 ], [ 81.916473388671875, 42.406097412109375 ], [ 81.918540954589844, 42.406982421875 ], [ 81.920722961425781, 42.405982971191406 ], [ 81.923049926757812, 42.405506134033203 ], [ 81.925910949707031, 42.405426025390625 ], [ 81.929634094238281, 42.404739379882812 ], [ 81.931587219238281, 42.40362548828125 ], [ 81.934043884277344, 42.401138305664062 ], [ 81.937332153320312, 42.399410247802734 ], [ 81.940040588378906, 42.39910888671875 ], [ 81.942512512207031, 42.399028778076172 ], [ 81.947067260742188, 42.399097442626953 ], [ 81.949073791503906, 42.399063110351562 ], [ 81.951896667480469, 42.400074005126953 ], [ 81.95355224609375, 42.401931762695312 ], [ 81.954627990722656, 42.404975891113281 ], [ 81.957244873046875, 42.405361175537109 ], [ 81.959632873535156, 42.405681610107422 ], [ 81.960586547851562, 42.407581329345703 ], [ 81.964263916015625, 42.408489227294922 ], [ 81.966819763183594, 42.408412933349609 ], [ 81.969856262207031, 42.410167694091797 ], [ 81.973670959472656, 42.411998748779297 ], [ 81.977264404296875, 42.413417816162109 ], [ 81.979438781738281, 42.4161376953125 ], [ 81.980079650878906, 42.418148040771484 ], [ 81.982627868652344, 42.421394348144531 ], [ 81.98516845703125, 42.424568176269531 ], [ 81.987144470214844, 42.425800323486328 ], [ 81.99017333984375, 42.425155639648438 ], [ 81.992446899414062, 42.423694610595703 ], [ 81.996635437011719, 42.422954559326172 ], [ 81.99957275390625, 42.422767639160156 ], [ 82.003738403320312, 42.422992706298828 ], [ 82.007125854492188, 42.423324584960938 ], [ 82.010368347167969, 42.423194885253906 ], [ 82.013771057128906, 42.423011779785156 ], [ 82.016166687011719, 42.423046112060547 ], [ 82.020362854003906, 42.421730041503906 ], [ 82.022911071777344, 42.421588897705078 ], [ 82.025993347167969, 42.422092437744141 ], [ 82.027992248535156, 42.422237396240234 ], [ 82.030082702636719, 42.422264099121094 ], [ 82.032257080078125, 42.421604156494141 ], [ 82.035202026367188, 42.420902252197266 ], [ 82.037925720214844, 42.420196533203125 ], [ 82.039947509765625, 42.419528961181641 ], [ 82.043167114257812, 42.417346954345703 ], [ 82.047416687011719, 42.416938781738281 ], [ 82.051597595214844, 42.416423797607422 ], [ 82.055557250976562, 42.415451049804688 ], [ 82.060348510742188, 42.415225982666016 ], [ 82.063102722167969, 42.416408538818359 ], [ 82.064849853515625, 42.417453765869141 ], [ 82.066184997558594, 42.419990539550781 ], [ 82.067352294921875, 42.422641754150391 ], [ 82.068771362304688, 42.424716949462891 ], [ 82.070213317871094, 42.428970336914062 ], [ 82.073219299316406, 42.432498931884766 ], [ 82.077018737792969, 42.435066223144531 ], [ 82.080070495605469, 42.436763763427734 ], [ 82.083198547363281, 42.43829345703125 ], [ 82.085655212402344, 42.438953399658203 ], [ 82.089851379394531, 42.437808990478516 ], [ 82.09375, 42.436195373535156 ], [ 82.096946716308594, 42.434749603271484 ], [ 82.100448608398438, 42.433708190917969 ], [ 82.102317810058594, 42.432933807373047 ], [ 82.105514526367188, 42.431545257568359 ], [ 82.107536315917969, 42.430877685546875 ], [ 82.109939575195312, 42.430618286132812 ], [ 82.112327575683594, 42.430713653564453 ], [ 82.115264892578125, 42.430576324462891 ], [ 82.11834716796875, 42.430671691894531 ], [ 82.1209716796875, 42.430988311767578 ], [ 82.123184204101562, 42.432109832763672 ], [ 82.125411987304688, 42.432647705078125 ], [ 82.127540588378906, 42.434047698974609 ], [ 82.130889892578125, 42.436267852783203 ], [ 82.132316589355469, 42.437774658203125 ], [ 82.132339477539062, 42.440402984619141 ], [ 82.132728576660156, 42.443782806396484 ], [ 82.134925842285156, 42.445526123046875 ], [ 82.135169982910156, 42.448394775390625 ], [ 82.133163452148438, 42.451744079589844 ], [ 82.133270263671875, 42.454086303710938 ], [ 82.13043212890625, 42.456569671630859 ], [ 82.134788513183594, 42.458740234375 ], [ 82.137527465820312, 42.460605621337891 ], [ 82.138053894042969, 42.464389801025391 ], [ 82.136520385742188, 42.467456817626953 ], [ 82.135856628417969, 42.469570159912109 ], [ 82.135475158691406, 42.472652435302734 ], [ 82.13494873046875, 42.475502014160156 ], [ 82.134925842285156, 42.479969024658203 ], [ 82.134635925292969, 42.482654571533203 ], [ 82.134407043457031, 42.485744476318359 ], [ 82.135688781738281, 42.487415313720703 ], [ 82.140556335449219, 42.487300872802734 ], [ 82.144279479980469, 42.486606597900391 ], [ 82.146316528320312, 42.485607147216797 ], [ 82.148811340332031, 42.484321594238281 ], [ 82.150764465332031, 42.483535766601562 ], [ 82.1534423828125, 42.481113433837891 ], [ 82.156448364257812, 42.478115081787109 ], [ 82.15740966796875, 42.476295471191406 ], [ 82.159523010253906, 42.475185394287109 ], [ 82.161918640136719, 42.475269317626953 ], [ 82.166007995605469, 42.475433349609375 ], [ 82.169197082519531, 42.474609375 ], [ 82.172637939453125, 42.472537994384766 ], [ 82.174827575683594, 42.471363067626953 ], [ 82.178642272949219, 42.470039367675781 ], [ 82.182212829589844, 42.469100952148438 ], [ 82.184310913085938, 42.468441009521484 ], [ 82.186653137207031, 42.467613220214844 ], [ 82.191078186035156, 42.466354370117188 ], [ 82.193122863769531, 42.468257904052734 ], [ 82.193130493164062, 42.471752166748047 ], [ 82.192214965820312, 42.474544525146484 ], [ 82.192916870117188, 42.478046417236328 ], [ 82.194656372070312, 42.4796142578125 ], [ 82.196487426757812, 42.480602264404297 ], [ 82.200408935546875, 42.481678009033203 ], [ 82.203559875488281, 42.482292175292969 ], [ 82.20587158203125, 42.482547760009766 ], [ 82.208808898925781, 42.482524871826172 ], [ 82.2108154296875, 42.482826232910156 ], [ 82.213134765625, 42.486232757568359 ], [ 82.214454650878906, 42.48968505859375 ], [ 82.217742919921875, 42.491153717041016 ], [ 82.222076416015625, 42.490970611572266 ], [ 82.225997924804688, 42.491928100585938 ], [ 82.226470947265625, 42.495029449462891 ], [ 82.228507995605469, 42.497394561767578 ], [ 82.23193359375, 42.496410369873047 ], [ 82.234115600585938, 42.495342254638672 ], [ 82.236152648925781, 42.493999481201172 ], [ 82.238983154296875, 42.491626739501953 ], [ 82.240646362304688, 42.489700317382812 ], [ 82.243377685546875, 42.488529205322266 ], [ 82.245330810546875, 42.487525939941406 ], [ 82.249130249023438, 42.486881256103516 ], [ 82.252891540527344, 42.487957000732422 ], [ 82.256988525390625, 42.487884521484375 ], [ 82.259483337402344, 42.487056732177734 ], [ 82.261962890625, 42.486396789550781 ], [ 82.264450073242188, 42.486083984375 ], [ 82.266693115234375, 42.485877990722656 ], [ 82.268997192382812, 42.486301422119141 ], [ 82.27130126953125, 42.487014770507812 ], [ 82.275382995605469, 42.487922668457031 ], [ 82.279350280761719, 42.486476898193359 ], [ 82.281700134277344, 42.485019683837891 ], [ 82.284675598144531, 42.483051300048828 ], [ 82.286094665527344, 42.481456756591797 ], [ 82.287742614746094, 42.480278015136719 ], [ 82.289993286132812, 42.4796142578125 ], [ 82.291908264160156, 42.480556488037109 ], [ 82.2938232421875, 42.48126220703125 ], [ 82.297752380371094, 42.48199462890625 ], [ 82.301681518554688, 42.482486724853516 ], [ 82.304275512695312, 42.484294891357422 ], [ 82.307708740234375, 42.486507415771484 ], [ 82.309783935546875, 42.487159729003906 ], [ 82.312393188476562, 42.487812042236328 ], [ 82.314872741699219, 42.487323760986328 ], [ 82.317115783691406, 42.487289428710938 ], [ 82.320846557617188, 42.490192413330078 ], [ 82.324066162109375, 42.491603851318359 ], [ 82.326454162597656, 42.491970062255859 ], [ 82.329643249511719, 42.490745544433594 ], [ 82.332374572753906, 42.489398956298828 ], [ 82.334465026855469, 42.48919677734375 ], [ 82.337753295898438, 42.491230010986328 ], [ 82.338630676269531, 42.493415832519531 ], [ 82.339134216308594, 42.495651245117188 ], [ 82.339935302734375, 42.498008728027344 ], [ 82.342658996582031, 42.501064300537109 ], [ 82.345481872558594, 42.503101348876953 ], [ 82.3477783203125, 42.5042724609375 ], [ 82.352348327636719, 42.503910064697266 ], [ 82.35498046875, 42.50360107421875 ], [ 82.357070922851562, 42.503108978271484 ], [ 82.360015869140625, 42.50262451171875 ], [ 82.363044738769531, 42.502029418945312 ], [ 82.365280151367188, 42.502220153808594 ], [ 82.367477416992188, 42.50482177734375 ], [ 82.367897033691406, 42.506938934326172 ], [ 82.365516662597656, 42.510459899902344 ], [ 82.364860534667969, 42.512458801269531 ], [ 82.364639282226562, 42.515827178955078 ], [ 82.36651611328125, 42.518939971923828 ], [ 82.366683959960938, 42.522258758544922 ], [ 82.368095397949219, 42.525588989257812 ], [ 82.370765686035156, 42.527332305908203 ], [ 82.372032165527344, 42.529693603515625 ], [ 82.369674682617188, 42.531898498535156 ], [ 82.367729187011719, 42.532733917236328 ], [ 82.365364074707031, 42.535175323486328 ], [ 82.3623046875, 42.537368774414062 ], [ 82.363800048828125, 42.539901733398438 ], [ 82.366157531738281, 42.542213439941406 ], [ 82.370391845703125, 42.543064117431641 ], [ 82.372489929199219, 42.542568206787109 ], [ 82.375289916992188, 42.542022705078125 ], [ 82.380149841308594, 42.5423583984375 ], [ 82.384452819824219, 42.544063568115234 ], [ 82.387748718261719, 42.54541015625 ], [ 82.390495300292969, 42.547618865966797 ], [ 82.392417907714844, 42.548324584960938 ], [ 82.39703369140625, 42.549571990966797 ], [ 82.398368835449219, 42.552787780761719 ], [ 82.401191711425781, 42.550529479980469 ], [ 82.404922485351562, 42.549701690673828 ], [ 82.407180786132812, 42.548755645751953 ], [ 82.409675598144531, 42.547752380371094 ], [ 82.411865234375, 42.546115875244141 ], [ 82.413856506347656, 42.542984008789062 ], [ 82.41461181640625, 42.53973388671875 ], [ 82.416275024414062, 42.537578582763672 ], [ 82.417922973632812, 42.536109924316406 ], [ 82.419654846191406, 42.534351348876953 ], [ 82.420997619628906, 42.532642364501953 ], [ 82.424263000488281, 42.531936645507812 ], [ 82.428207397460938, 42.531806945800781 ], [ 82.430831909179688, 42.531997680664062 ], [ 82.433151245117188, 42.531852722167969 ], [ 82.435699462890625, 42.532047271728516 ], [ 82.437530517578125, 42.533496856689453 ], [ 82.438880920410156, 42.536029815673828 ], [ 82.440811157226562, 42.540676116943359 ], [ 82.44287109375, 42.54229736328125 ], [ 82.445869445800781, 42.543071746826172 ], [ 82.450347900390625, 42.543571472167969 ], [ 82.45452880859375, 42.543266296386719 ], [ 82.456626892089844, 42.542888641357422 ], [ 82.459091186523438, 42.543148040771484 ], [ 82.461555480957031, 42.543907165527344 ], [ 82.464080810546875, 42.54559326171875 ], [ 82.466758728027344, 42.547046661376953 ], [ 82.471229553222656, 42.548122406005859 ], [ 82.474105834960938, 42.547122955322266 ], [ 82.476585388183594, 42.546737670898438 ], [ 82.478591918945312, 42.546875 ], [ 82.481063842773438, 42.547355651855469 ], [ 82.483375549316406, 42.547489166259766 ], [ 82.486709594726562, 42.547290802001953 ], [ 82.491989135742188, 42.545970916748047 ], [ 82.5, 42.548000335693359 ], [ 82.505409240722656, 42.546085357666016 ], [ 82.509605407714844, 42.544624328613281 ], [ 82.512008666992188, 42.544296264648438 ], [ 82.513931274414062, 42.545169830322266 ], [ 82.516777038574219, 42.546672821044922 ], [ 82.519157409667969, 42.548343658447266 ], [ 82.521392822265625, 42.549266815185547 ], [ 82.523483276367188, 42.549285888671875 ], [ 82.526199340820312, 42.548439025878906 ], [ 82.527763366699219, 42.547077178955078 ], [ 82.529167175292969, 42.545429229736328 ], [ 82.531349182128906, 42.543842315673828 ], [ 82.536384582519531, 42.543415069580078 ], [ 82.540336608886719, 42.542758941650391 ], [ 82.543052673339844, 42.541740417480469 ], [ 82.545234680175781, 42.540664672851562 ], [ 82.547706604003906, 42.540912628173828 ], [ 82.549690246582031, 42.543270111083984 ], [ 82.550834655761719, 42.545444488525391 ], [ 82.551498413085938, 42.548477172851562 ], [ 82.552871704101562, 42.550655364990234 ], [ 82.558128356933594, 42.551429748535156 ], [ 82.560211181640625, 42.551326751708984 ], [ 82.56378173828125, 42.550605773925781 ], [ 82.566650390625, 42.550106048583984 ], [ 82.56866455078125, 42.549720764160156 ], [ 82.571823120117188, 42.550647735595703 ], [ 82.573280334472656, 42.552085876464844 ], [ 82.575523376464844, 42.552665710449219 ], [ 82.577384948730469, 42.551597595214844 ], [ 82.578109741210938, 42.548969268798828 ], [ 82.577903747558594, 42.546108245849609 ], [ 82.579383850097656, 42.544639587402344 ], [ 82.58349609375, 42.543628692626953 ], [ 82.585899353027344, 42.543586730957031 ], [ 82.588531494140625, 42.543262481689453 ], [ 82.59100341796875, 42.543270111083984 ], [ 82.593170166015625, 42.543224334716797 ], [ 82.595176696777344, 42.54351806640625 ], [ 82.596481323242188, 42.545238494873047 ], [ 82.596450805664062, 42.548732757568359 ], [ 82.598358154296875, 42.551254272460938 ], [ 82.601516723632812, 42.552692413330078 ], [ 82.603912353515625, 42.553398132324219 ], [ 82.608711242675781, 42.553249359130859 ], [ 82.610725402832031, 42.553203582763672 ], [ 82.613502502441406, 42.553848266601562 ], [ 82.616653442382812, 42.556144714355469 ], [ 82.618415832519531, 42.558387756347656 ], [ 82.618614196777344, 42.5625 ], [ 82.618110656738281, 42.566215515136719 ], [ 82.618247985839844, 42.568618774414062 ], [ 82.619773864746094, 42.571132659912109 ], [ 82.621307373046875, 42.572517395019531 ], [ 82.624313354492188, 42.574077606201172 ], [ 82.627395629882812, 42.575859069824219 ], [ 82.629013061523438, 42.577239990234375 ], [ 82.630073547363281, 42.579586029052734 ], [ 82.630744934082031, 42.582157135009766 ], [ 82.63165283203125, 42.584964752197266 ], [ 82.631637573242188, 42.587024688720703 ], [ 82.630378723144531, 42.589534759521484 ], [ 82.627960205078125, 42.591171264648438 ], [ 82.625862121582031, 42.592140197753906 ], [ 82.623680114746094, 42.593673706054688 ], [ 82.626380920410156, 42.594993591308594 ], [ 82.628311157226562, 42.595695495605469 ], [ 82.630943298339844, 42.595874786376953 ], [ 82.634658813476562, 42.595722198486328 ], [ 82.63690185546875, 42.595565795898438 ], [ 82.640007019042969, 42.59466552734375 ], [ 82.644065856933594, 42.591033935546875 ], [ 82.647323608398438, 42.590076446533203 ], [ 82.653053283691406, 42.590389251708984 ], [ 82.655685424804688, 42.590461730957031 ], [ 82.658401489257812, 42.58978271484375 ], [ 82.661506652832031, 42.588771820068359 ], [ 82.66632080078125, 42.586795806884766 ], [ 82.669181823730469, 42.586521148681641 ], [ 82.671974182128906, 42.586597442626953 ], [ 82.674903869628906, 42.58746337890625 ], [ 82.675430297851562, 42.589984893798828 ], [ 82.6751708984375, 42.593406677246094 ], [ 82.675697326660156, 42.5955810546875 ], [ 82.679405212402344, 42.59588623046875 ], [ 82.682662963867188, 42.595901489257812 ], [ 82.685447692871094, 42.595680236816406 ], [ 82.68963623046875, 42.5947265625 ], [ 82.691810607910156, 42.594512939453125 ], [ 82.695213317871094, 42.594356536865234 ], [ 82.698310852050781, 42.594650268554688 ], [ 82.700942993164062, 42.594837188720703 ], [ 82.702957153320312, 42.594905853271484 ], [ 82.709068298339844, 42.594814300537109 ], [ 82.712242126464844, 42.594947814941406 ], [ 82.715263366699219, 42.594497680664062 ], [ 82.71875, 42.594112396240234 ], [ 82.721519470214844, 42.596698760986328 ], [ 82.722122192382812, 42.599735260009766 ], [ 82.724655151367188, 42.602828979492188 ], [ 82.727981567382812, 42.602787017822266 ], [ 82.73077392578125, 42.602737426757812 ], [ 82.733795166015625, 42.602123260498047 ], [ 82.736351013183594, 42.6015625 ], [ 82.739425659179688, 42.605117797851562 ], [ 82.7401123046875, 42.607517242431641 ], [ 82.740318298339844, 42.610378265380859 ], [ 82.739608764648438, 42.612430572509766 ], [ 82.737274169921875, 42.614826202392578 ], [ 82.738418579101562, 42.616825103759766 ], [ 82.740890502929688, 42.617408752441406 ], [ 82.744132995605469, 42.619590759277344 ], [ 82.750747680664062, 42.625602722167969 ], [ 82.755340576171875, 42.621944427490234 ], [ 82.7642822265625, 42.618587493896484 ], [ 82.776588439941406, 42.618587493896484 ], [ 82.78106689453125, 42.622501373291016 ], [ 82.782180786132812, 42.626419067382812 ], [ 82.783859252929688, 42.632568359375 ], [ 82.79168701171875, 42.638160705566406 ], [ 82.792808532714844, 42.642635345458984 ], [ 82.7950439453125, 42.648227691650391 ], [ 82.809028625488281, 42.647109985351562 ], [ 82.820770263671875, 42.640399932861328 ], [ 82.828605651855469, 42.634246826171875 ], [ 82.836990356445312, 42.621383666992188 ], [ 82.839790344238281, 42.618587493896484 ], [ 82.838111877441406, 42.613555908203125 ], [ 82.836433410644531, 42.611316680908203 ], [ 82.834197998046875, 42.60516357421875 ], [ 82.827484130859375, 42.592861175537109 ], [ 82.820213317871094, 42.586151123046875 ], [ 82.812385559082031, 42.579437255859375 ], [ 82.819091796875, 42.575523376464844 ], [ 82.828605651855469, 42.572166442871094 ], [ 82.836433410644531, 42.567691802978516 ], [ 82.840904235839844, 42.566574096679688 ], [ 82.872230529785156, 42.571048736572266 ], [ 82.87725830078125, 42.574405670166016 ], [ 82.878936767578125, 42.580554962158203 ], [ 82.886772155761719, 42.583911895751953 ], [ 82.896835327148438, 42.587825775146484 ], [ 82.905227661132812, 42.592861175537109 ], [ 82.909141540527344, 42.6085205078125 ], [ 82.918365478515625, 42.616630554199219 ], [ 82.93011474609375, 42.636764526367188 ], [ 82.93878173828125, 42.647670745849609 ], [ 82.961715698242188, 42.665565490722656 ], [ 82.979049682617188, 42.679550170898438 ], [ 83.033302307128906, 42.699123382568359 ], [ 83.067977905273438, 42.712547302246094 ], [ 83.085311889648438, 42.719818115234375 ], [ 83.092025756835938, 42.725410461425781 ], [ 83.100975036621094, 42.748340606689453 ], [ 83.107681274414062, 42.758968353271484 ], [ 83.12054443359375, 42.765678405761719 ], [ 83.123344421386719, 42.783576965332031 ], [ 83.10321044921875, 42.805385589599609 ], [ 83.083633422851562, 42.814895629882812 ], [ 83.052871704101562, 42.852924346923828 ], [ 83.033859252929688, 42.874736785888672 ], [ 83.013725280761719, 42.895992279052734 ], [ 83.009254455566406, 42.920040130615234 ], [ 83.004219055175781, 42.931785583496094 ], [ 82.998626708984375, 42.942970275878906 ], [ 82.996391296386719, 42.953598022460938 ], [ 82.971221923828125, 42.989391326904297 ], [ 82.977523803710938, 42.989933013916016 ], [ 82.98040771484375, 42.990570068359375 ], [ 82.988662719726562, 42.991550445556641 ], [ 82.9935302734375, 42.995456695556641 ], [ 82.998664855957031, 42.997493743896484 ], [ 83.004463195800781, 42.997810363769531 ], [ 83.006797790527344, 42.998435974121094 ], [ 83.011634826660156, 42.999134063720703 ], [ 83.014747619628906, 42.999141693115234 ], [ 83.017166137695312, 42.998802185058594 ], [ 83.01934814453125, 42.996856689453125 ], [ 83.020057678222656, 42.994800567626953 ], [ 83.022781372070312, 42.993492126464844 ], [ 83.027145385742188, 42.994873046875 ], [ 83.029945373535156, 42.995849609375 ], [ 83.033920288085938, 42.996364593505859 ], [ 83.037971496582031, 42.996082305908203 ], [ 83.041404724121094, 42.995635986328125 ], [ 83.048957824707031, 42.996040344238281 ], [ 83.05145263671875, 42.994907379150391 ], [ 83.053794860839844, 42.994792938232422 ], [ 83.058624267578125, 42.995029449462891 ], [ 83.06072998046875, 42.994174957275391 ], [ 83.06298828125, 42.992691040039062 ], [ 83.065093994140625, 42.991718292236328 ], [ 83.068756103515625, 42.990867614746094 ], [ 83.072959899902344, 42.991611480712891 ], [ 83.075607299804688, 42.99310302734375 ], [ 83.077560424804688, 42.994308471679688 ], [ 83.079818725585938, 42.99493408203125 ], [ 83.082305908203125, 42.994827270507812 ], [ 83.085655212402344, 42.994487762451172 ], [ 83.094154357910156, 42.992954254150391 ], [ 83.1041259765625, 42.992103576660156 ], [ 83.109199523925781, 42.994712829589844 ], [ 83.114875793457031, 42.992851257324219 ], [ 83.121498107910156, 42.994285583496094 ], [ 83.124221801757812, 42.995090484619141 ], [ 83.127418518066406, 42.995716094970703 ], [ 83.129447937011719, 42.996406555175781 ], [ 83.131240844726562, 42.994915008544922 ], [ 83.132331848144531, 42.992401123046875 ], [ 83.1334228515625, 42.990123748779297 ], [ 83.137184143066406, 42.988353729248047 ], [ 83.143379211425781, 42.989833831787109 ], [ 83.145591735839844, 42.991119384765625 ], [ 83.148002624511719, 43.0 ], [ 83.149208068847656, 43.006351470947266 ], [ 83.151657104492188, 43.007701873779297 ], [ 83.155647277832031, 43.007259368896484 ], [ 83.16058349609375, 43.006370544433594 ], [ 83.16387939453125, 43.005634307861328 ], [ 83.167442321777344, 43.006496429443359 ], [ 83.17230224609375, 43.008003234863281 ], [ 83.17578125, 43.008918762207031 ], [ 83.1787109375, 43.010059356689453 ], [ 83.182304382324219, 43.009670257568359 ], [ 83.184364318847656, 43.008556365966797 ], [ 83.186737060546875, 43.007450103759766 ], [ 83.190147399902344, 43.008026123046875 ], [ 83.191993713378906, 43.008861541748047 ], [ 83.195030212402344, 43.009029388427734 ], [ 83.197044372558594, 43.009513854980469 ], [ 83.19915771484375, 43.009212493896484 ], [ 83.202362060546875, 43.008922576904297 ], [ 83.209175109863281, 43.010414123535156 ], [ 83.213851928710938, 43.010547637939453 ], [ 83.216567993164062, 43.010818481445312 ], [ 83.219810485839844, 43.011962890625 ], [ 83.223564147949219, 43.014076232910156 ], [ 83.227577209472656, 43.015464782714844 ], [ 83.229591369628906, 43.015785217285156 ], [ 83.236984252929688, 43.018882751464844 ], [ 83.240493774414062, 43.021396636962891 ], [ 83.241714477539062, 43.024784088134766 ], [ 83.244361877441406, 43.027511596679688 ], [ 83.246742248535156, 43.028816223144531 ], [ 83.251914978027344, 43.027698516845703 ], [ 83.254745483398438, 43.027057647705078 ], [ 83.257011413574219, 43.026866912841797 ], [ 83.258979797363281, 43.023590087890625 ], [ 83.261054992675781, 43.022018432617188 ], [ 83.262580871582031, 43.020618438720703 ], [ 83.264373779296875, 43.017902374267578 ], [ 83.268508911132812, 43.017803192138672 ], [ 83.270179748535156, 43.019199371337891 ], [ 83.269058227539062, 43.022842407226562 ], [ 83.268882751464844, 43.026264190673828 ], [ 83.273063659667969, 43.029819488525391 ], [ 83.27716064453125, 43.033542633056641 ], [ 83.280830383300781, 43.036117553710938 ], [ 83.283058166503906, 43.037296295166016 ], [ 83.2877197265625, 43.037715911865234 ], [ 83.292076110839844, 43.035442352294922 ], [ 83.295501708984375, 43.033042907714844 ], [ 83.300628662109375, 43.033695220947266 ], [ 83.304344177246094, 43.034671783447266 ], [ 83.308387756347656, 43.035079956054688 ], [ 83.310707092285156, 43.035743713378906 ], [ 83.312629699707031, 43.036575317382812 ], [ 83.316658020019531, 43.040355682373047 ], [ 83.317924499511719, 43.042255401611328 ], [ 83.321998596191406, 43.044326782226562 ], [ 83.325332641601562, 43.045120239257812 ], [ 83.327995300292969, 43.044654846191406 ], [ 83.3299560546875, 43.041652679443359 ], [ 83.329017639160156, 43.038951873779297 ], [ 83.3291015625, 43.035926818847656 ], [ 83.329635620117188, 43.033756256103516 ], [ 83.331871032714844, 43.031791687011719 ], [ 83.333854675292969, 43.030681610107422 ], [ 83.338386535644531, 43.030357360839844 ], [ 83.341346740722656, 43.030509948730469 ], [ 83.347862243652344, 43.028785705566406 ], [ 83.351699829101562, 43.028221130371094 ], [ 83.355461120605469, 43.027591705322266 ], [ 83.35772705078125, 43.027511596679688 ], [ 83.360450744628906, 43.027614593505859 ], [ 83.362945556640625, 43.027652740478516 ], [ 83.365272521972656, 43.028091430664062 ], [ 83.366714477539062, 43.029483795166016 ], [ 83.367225646972656, 43.033382415771484 ], [ 83.369575500488281, 43.035751342773438 ], [ 83.371658325195312, 43.036762237548828 ], [ 83.376182556152344, 43.039459228515625 ], [ 83.378005981445312, 43.040977478027344 ], [ 83.381690979003906, 43.0430908203125 ], [ 83.385009765625, 43.044452667236328 ], [ 83.388427734375, 43.044910430908203 ], [ 83.390609741210938, 43.044937133789062 ], [ 83.392868041992188, 43.045143127441406 ], [ 83.395225524902344, 43.047126770019531 ], [ 83.397842407226562, 43.048423767089844 ], [ 83.401077270507812, 43.049846649169922 ], [ 83.406761169433594, 43.050384521484375 ], [ 83.413856506347656, 43.050498962402344 ], [ 83.417007446289062, 43.049118041992188 ], [ 83.419342041015625, 43.04669189453125 ], [ 83.421409606933594, 43.044944763183594 ], [ 83.424346923828125, 43.043220520019531 ], [ 83.430839538574219, 43.045375823974609 ], [ 83.455490112304688, 43.050685882568359 ], [ 83.465835571289062, 43.053203582763672 ], [ 83.491004943847656, 43.058795928955078 ], [ 83.498275756835938, 43.061592102050781 ], [ 83.504150390625, 43.066066741943359 ], [ 83.511978149414062, 43.0697021484375 ], [ 83.518966674804688, 43.071659088134766 ], [ 83.526237487792969, 43.072498321533203 ], [ 83.533233642578125, 43.071941375732422 ], [ 83.537986755371094, 43.073616027832031 ], [ 83.550628662109375, 43.075798034667969 ], [ 83.556221008300781, 43.073810577392578 ], [ 83.558555603027344, 43.074020385742188 ], [ 83.561347961425781, 43.074516296386719 ], [ 83.564605712890625, 43.075298309326172 ], [ 83.565544128417969, 43.078346252441406 ], [ 83.564376831054688, 43.08135986328125 ], [ 83.563690185546875, 43.083805084228516 ], [ 83.563247680664062, 43.085968017578125 ], [ 83.5633544921875, 43.087970733642578 ], [ 83.565155029296875, 43.091026306152344 ], [ 83.569114685058594, 43.091766357421875 ], [ 83.573326110839844, 43.091762542724609 ], [ 83.578109741210938, 43.090862274169922 ], [ 83.580764770507812, 43.090721130371094 ], [ 83.583274841308594, 43.090240478515625 ], [ 83.585411071777344, 43.089130401611328 ], [ 83.58770751953125, 43.087677001953125 ], [ 83.590072631835938, 43.086624145507812 ], [ 83.591812133789062, 43.085620880126953 ], [ 83.593948364257812, 43.084671020507812 ], [ 83.598403930664062, 43.084220886230469 ], [ 83.603004455566406, 43.084396362304688 ], [ 83.605339050292969, 43.084602355957031 ], [ 83.608131408691406, 43.08526611328125 ], [ 83.611251831054688, 43.085422515869141 ], [ 83.614295959472656, 43.085235595703125 ], [ 83.6165771484375, 43.084632873535156 ], [ 83.619941711425781, 43.083988189697266 ], [ 83.62237548828125, 43.083339691162109 ], [ 83.625045776367188, 43.082748413085938 ], [ 83.628265380859375, 43.081871032714844 ], [ 83.630531311035156, 43.081504821777344 ], [ 83.633125305175781, 43.081024169921875 ], [ 83.636009216308594, 43.081008911132812 ], [ 83.638694763183594, 43.082756042480469 ], [ 83.640228271484375, 43.084205627441406 ], [ 83.641510009765625, 43.085880279541016 ], [ 83.642868041992188, 43.087898254394531 ], [ 83.645301818847656, 43.090667724609375 ], [ 83.652023315429688, 43.093448638916016 ], [ 83.658554077148438, 43.094387054443359 ], [ 83.6617431640625, 43.094886779785156 ], [ 83.668304443359375, 43.094741821289062 ], [ 83.670356750488281, 43.093570709228516 ], [ 83.674369812011719, 43.092071533203125 ], [ 83.675735473632812, 43.093803405761719 ], [ 83.677574157714844, 43.095317840576172 ], [ 83.679374694824219, 43.098426818847656 ], [ 83.679519653320312, 43.102310180664062 ], [ 83.680709838867188, 43.104904174804688 ], [ 83.68408203125, 43.107513427734375 ], [ 83.68585205078125, 43.108562469482422 ], [ 83.689704895019531, 43.111011505126953 ], [ 83.69146728515625, 43.112461090087891 ], [ 83.694755554199219, 43.115245819091797 ], [ 83.696601867675781, 43.116588592529297 ], [ 83.699661254882812, 43.119255065917969 ], [ 83.700035095214844, 43.123485565185547 ], [ 83.701522827148438, 43.126762390136719 ], [ 83.703956604003906, 43.129474639892578 ], [ 83.706344604492188, 43.130939483642578 ], [ 83.710960388183594, 43.134025573730469 ], [ 83.717864990234375, 43.13604736328125 ], [ 83.720191955566406, 43.136875152587891 ], [ 83.722274780273438, 43.137763977050781 ], [ 83.724830627441406, 43.138828277587891 ], [ 83.727981567382812, 43.137546539306641 ], [ 83.729667663574219, 43.135677337646484 ], [ 83.731971740722656, 43.133716583251953 ], [ 83.735397338867188, 43.134326934814453 ], [ 83.736824035644531, 43.136623382568359 ], [ 83.738800048828125, 43.139167785644531 ], [ 83.741485595703125, 43.1414794921875 ], [ 83.741973876953125, 43.144058227539062 ], [ 83.741928100585938, 43.146114349365234 ], [ 83.744178771972656, 43.146717071533203 ], [ 83.747795104980469, 43.145557403564453 ], [ 83.749908447265625, 43.145641326904297 ], [ 83.751930236816406, 43.146007537841797 ], [ 83.75543212890625, 43.146507263183594 ], [ 83.758865356445312, 43.14666748046875 ], [ 83.761070251464844, 43.145660400390625 ], [ 83.764991760253906, 43.144908905029297 ], [ 83.768287658691406, 43.144317626953125 ], [ 83.7708740234375, 43.143669128417969 ], [ 83.773384094238281, 43.143409729003906 ], [ 83.77587890625, 43.143386840820312 ], [ 83.779083251953125, 43.143478393554688 ], [ 83.782730102539062, 43.144264221191406 ], [ 83.784912109375, 43.144687652587891 ], [ 83.787338256835938, 43.144546508789062 ], [ 83.790138244628906, 43.144813537597656 ], [ 83.793357849121094, 43.143932342529297 ], [ 83.794509887695312, 43.141204833984375 ], [ 83.793014526367188, 43.138046264648438 ], [ 83.793701171875, 43.135311126708984 ], [ 83.796318054199219, 43.133285522460938 ], [ 83.799293518066406, 43.132976531982422 ], [ 83.803367614746094, 43.132102966308594 ], [ 83.806198120117188, 43.131393432617188 ], [ 83.809310913085938, 43.131542205810547 ], [ 83.811813354492188, 43.131690979003906 ], [ 83.8153076171875, 43.132358551025391 ], [ 83.820518493652344, 43.133392333984375 ], [ 83.823860168457031, 43.134346008300781 ], [ 83.82611083984375, 43.134883880615234 ], [ 83.829704284667969, 43.134578704833984 ], [ 83.834075927734375, 43.134685516357422 ], [ 83.836036682128906, 43.134143829345703 ], [ 83.839210510253906, 43.132003784179688 ], [ 83.841285705566406, 43.129402160644531 ], [ 83.844108581542969, 43.1290283203125 ], [ 83.84906005859375, 43.131092071533203 ], [ 83.850830078125, 43.132476806640625 ], [ 83.85369873046875, 43.1334228515625 ], [ 83.856246948242188, 43.130886077880859 ], [ 83.860054016113281, 43.128070831298828 ], [ 83.861434936523438, 43.125110626220703 ], [ 83.863960266113281, 43.124057769775391 ], [ 83.865890502929688, 43.124874114990234 ], [ 83.868148803710938, 43.125411987304688 ], [ 83.870681762695312, 43.127445220947266 ], [ 83.872756958007812, 43.129066467285156 ], [ 83.875503540039062, 43.128467559814453 ], [ 83.877403259277344, 43.127059936523438 ], [ 83.880050659179688, 43.127201080322266 ], [ 83.881576538085938, 43.125217437744141 ], [ 83.88262939453125, 43.123291015625 ], [ 83.887123107910156, 43.121109008789062 ], [ 83.889305114746094, 43.121421813964844 ], [ 83.892608642578125, 43.124031066894531 ], [ 83.894294738769531, 43.125473022460938 ], [ 83.89739990234375, 43.126537322998047 ], [ 83.89996337890625, 43.126968383789062 ], [ 83.902694702148438, 43.127166748046875 ], [ 83.904655456542969, 43.126667022705078 ], [ 83.908485412597656, 43.126544952392578 ], [ 83.911956787109375, 43.128517150878906 ], [ 83.912521362304688, 43.131607055664062 ], [ 83.913955688476562, 43.134254455566406 ], [ 83.915321350097656, 43.136154174804688 ], [ 83.918167114257812, 43.138473510742188 ], [ 83.920181274414062, 43.139404296875 ], [ 83.922813415527344, 43.140514373779297 ], [ 83.92852783203125, 43.144123077392578 ], [ 83.930976867675781, 43.1466064453125 ], [ 83.934280395507812, 43.149662017822266 ], [ 83.936569213867188, 43.152549743652344 ], [ 83.9388427734375, 43.152004241943359 ], [ 83.942695617675781, 43.150608062744141 ], [ 83.94512939453125, 43.149951934814453 ], [ 83.950592041015625, 43.150009155273438 ], [ 83.954254150390625, 43.150444030761719 ], [ 83.957199096679688, 43.151504516601562 ], [ 83.960517883300781, 43.153884887695312 ], [ 83.963905334472656, 43.156261444091797 ], [ 83.968582153320312, 43.156761169433594 ], [ 83.971809387207031, 43.155307769775391 ], [ 83.975814819335938, 43.154441833496094 ], [ 83.978096008300781, 43.153488159179688 ], [ 83.978691101074219, 43.150638580322266 ], [ 83.975860595703125, 43.147354125976562 ], [ 83.975288391113281, 43.144374847412109 ], [ 83.97784423828125, 43.141544342041016 ], [ 83.981552124023438, 43.139358520507812 ], [ 83.984687805175781, 43.138359069824219 ], [ 83.988601684570312, 43.137996673583984 ], [ 83.992195129394531, 43.138038635253906 ], [ 84.0, 43.139320373535156 ], [ 84.005523681640625, 43.13421630859375 ], [ 84.008407592773438, 43.132274627685547 ], [ 84.0118408203125, 43.132282257080078 ], [ 84.014328002929688, 43.132556915283203 ], [ 84.016746520996094, 43.132545471191406 ], [ 84.019325256347656, 43.132423400878906 ], [ 84.022384643554688, 43.132026672363281 ], [ 84.025421142578125, 43.132198333740234 ], [ 84.030372619628906, 43.131210327148438 ], [ 84.033042907714844, 43.128570556640625 ], [ 84.035079956054688, 43.128494262695312 ], [ 84.037689208984375, 43.129634857177734 ], [ 84.037971496582031, 43.132720947265625 ], [ 84.03741455078125, 43.135055541992188 ], [ 84.036994934082031, 43.138130187988281 ], [ 84.036285400390625, 43.140460968017578 ], [ 84.036209106445312, 43.142520904541016 ], [ 84.037391662597656, 43.144371032714844 ], [ 84.039619445800781, 43.145435333251953 ], [ 84.0416259765625, 43.146045684814453 ], [ 84.045997619628906, 43.148193359375 ], [ 84.050025939941406, 43.149124145507812 ], [ 84.053504943847656, 43.150104522705078 ], [ 84.059288024902344, 43.149749755859375 ], [ 84.0618896484375, 43.149177551269531 ], [ 84.061752319335938, 43.146484375 ], [ 84.062469482421875, 43.143703460693359 ], [ 84.065322875976562, 43.142669677734375 ], [ 84.070716857910156, 43.144481658935547 ], [ 84.072052001953125, 43.146503448486328 ], [ 84.079742431640625, 43.149734497070312 ], [ 84.082321166992188, 43.149784088134766 ], [ 84.085357666015625, 43.149894714355469 ], [ 84.09124755859375, 43.151153564453125 ], [ 84.095146179199219, 43.148994445800781 ], [ 84.097457885742188, 43.147666931152344 ], [ 84.099555969238281, 43.145648956298828 ], [ 84.101730346679688, 43.143741607666016 ], [ 84.10504150390625, 43.142951965332031 ], [ 84.107452392578125, 43.143051147460938 ], [ 84.110862731933594, 43.143856048583984 ], [ 84.114883422851562, 43.144847869873047 ], [ 84.118064880371094, 43.145477294921875 ], [ 84.122573852539062, 43.145896911621094 ], [ 84.125602722167969, 43.146350860595703 ], [ 84.128219604492188, 43.147487640380859 ], [ 84.129867553710938, 43.149635314941406 ], [ 84.132781982421875, 43.151058197021484 ], [ 84.13531494140625, 43.150077819824219 ], [ 84.139389038085938, 43.149459838867188 ], [ 84.14141845703125, 43.149501800537109 ], [ 84.145042419433594, 43.150997161865234 ], [ 84.147956848144531, 43.152301788330078 ], [ 84.150604248046875, 43.152523040771484 ], [ 84.153121948242188, 43.149822235107422 ], [ 84.155548095703125, 43.147182464599609 ], [ 84.158409118652344, 43.145866394042969 ], [ 84.163764953613281, 43.146755218505859 ], [ 84.166282653808594, 43.148403167724609 ], [ 84.168464660644531, 43.150787353515625 ], [ 84.1700439453125, 43.152473449707031 ], [ 84.173385620117188, 43.155220031738281 ], [ 84.175575256347656, 43.155258178710938 ], [ 84.178131103515625, 43.155815124511719 ], [ 84.181427001953125, 43.157588958740234 ], [ 84.184844970703125, 43.158168792724609 ], [ 84.187416076660156, 43.158210754394531 ], [ 84.1900634765625, 43.158657073974609 ], [ 84.193855285644531, 43.161808013916016 ], [ 84.194793701171875, 43.164279937744141 ], [ 84.197555541992188, 43.165645599365234 ], [ 84.202316284179688, 43.163383483886719 ], [ 84.205696105957031, 43.162647247314453 ], [ 84.208122253417969, 43.162517547607422 ], [ 84.211387634277344, 43.162975311279297 ], [ 84.213539123535156, 43.164035797119141 ], [ 84.216049194335938, 43.165916442871094 ], [ 84.217567443847656, 43.167312622070312 ], [ 84.22064208984375, 43.168788909912109 ], [ 84.222908020019531, 43.168773651123047 ], [ 84.225082397460938, 43.169040679931641 ], [ 84.227180480957031, 43.169479370117188 ], [ 84.229522705078125, 43.169456481933594 ], [ 84.233840942382812, 43.168678283691406 ], [ 84.236274719238281, 43.168258666992188 ], [ 84.241317749023438, 43.169265747070312 ], [ 84.243934631347656, 43.170398712158203 ], [ 84.245872497558594, 43.170940399169922 ], [ 84.24932861328125, 43.170310974121094 ], [ 84.252204895019531, 43.170650482177734 ], [ 84.254318237304688, 43.170578002929688 ], [ 84.256423950195312, 43.170608520507812 ], [ 84.25860595703125, 43.170707702636719 ], [ 84.266532897949219, 43.172039031982422 ], [ 84.295722961425781, 43.171710968017578 ], [ 84.340042114257812, 43.158279418945312 ], [ 84.385711669921875, 43.119331359863281 ], [ 84.421974182128906, 43.115303039550781 ], [ 84.420631408691406, 43.144847869873047 ], [ 84.419281005859375, 43.156936645507812 ], [ 84.459579467773438, 43.160964965820312 ], [ 84.501213073730469, 43.156936645507812 ], [ 84.534782409667969, 43.158279418945312 ], [ 84.5616455078125, 43.160964965820312 ], [ 84.577766418457031, 43.166336059570312 ], [ 84.589851379394531, 43.169021606445312 ], [ 84.604621887207031, 43.174396514892578 ], [ 84.628799438476562, 43.171710968017578 ], [ 84.651626586914062, 43.171710968017578 ], [ 84.674461364746094, 43.164993286132812 ], [ 84.681175231933594, 43.155593872070312 ], [ 84.706695556640625, 43.154251098632812 ], [ 84.726837158203125, 43.164993286132812 ], [ 84.764442443847656, 43.181110382080078 ], [ 84.776535034179688, 43.183795928955078 ], [ 84.799362182617188, 43.183795928955078 ], [ 84.816825866699219, 43.185138702392578 ], [ 84.831596374511719, 43.190513610839844 ], [ 84.840995788574219, 43.195884704589844 ], [ 84.846366882324219, 43.214687347412109 ], [ 84.87457275390625, 43.238861083984375 ], [ 84.892036437988281, 43.246917724609375 ], [ 84.906806945800781, 43.259006500244141 ], [ 84.917549133300781, 43.277809143066406 ], [ 84.930984497070312, 43.308700561523438 ], [ 84.937698364257812, 43.316757202148438 ], [ 84.948440551757812, 43.338245391845703 ], [ 84.951690673828125, 43.340412139892578 ], [ 84.9896240234375, 43.341999053955078 ], [ 85.020675659179688, 43.327091217041016 ], [ 85.028129577636719, 43.318397521972656 ], [ 85.038063049316406, 43.312187194824219 ], [ 85.051727294921875, 43.308460235595703 ], [ 85.071601867675781, 43.304733276367188 ], [ 85.090232849121094, 43.299766540527344 ], [ 85.10638427734375, 43.287345886230469 ], [ 85.117561340332031, 43.284862518310547 ], [ 85.129981994628906, 43.276165008544922 ], [ 85.139923095703125, 43.268714904785156 ], [ 85.159797668457031, 43.264987945556641 ], [ 85.178428649902344, 43.271198272705078 ], [ 85.197059631347656, 43.276165008544922 ], [ 85.208236694335938, 43.272438049316406 ], [ 85.23370361328125, 43.253807067871094 ], [ 85.253578186035156, 43.246353149414062 ], [ 85.263511657714844, 43.247596740722656 ], [ 85.282142639160156, 43.24884033203125 ], [ 85.302017211914062, 43.252567291259766 ], [ 85.33306884765625, 43.258777618408203 ], [ 85.352943420410156, 43.252567291259766 ], [ 85.362884521484375, 43.24884033203125 ], [ 85.381515502929688, 43.238903045654297 ], [ 85.396415710449219, 43.240142822265625 ], [ 85.442375183105469, 43.232692718505859 ], [ 85.468460083007812, 43.232692718505859 ], [ 85.518150329589844, 43.230205535888672 ], [ 85.558517456054688, 43.214057922363281 ], [ 85.570938110351562, 43.211574554443359 ], [ 85.58087158203125, 43.207847595214844 ], [ 85.599510192871094, 43.199153900146484 ], [ 85.633041381835938, 43.194187164306641 ], [ 85.646705627441406, 43.192943572998047 ], [ 85.67279052734375, 43.192943572998047 ], [ 85.69390869140625, 43.194187164306641 ], [ 85.724960327148438, 43.191699981689453 ], [ 85.74359130859375, 43.191699981689453 ], [ 85.78582763671875, 43.187976837158203 ], [ 85.797004699707031, 43.183006286621094 ], [ 85.804458618164062, 43.170585632324219 ], [ 85.825576782226562, 43.168102264404297 ], [ 85.851654052734375, 43.168102264404297 ], [ 85.8814697265625, 43.169342041015625 ], [ 85.893890380859375, 43.159404754638672 ], [ 85.90631103515625, 43.138290405273438 ], [ 85.911277770996094, 43.124626159667969 ], [ 85.923698425292969, 43.124626159667969 ], [ 85.939849853515625, 43.114688873291016 ], [ 85.943572998046875, 43.109722137451172 ], [ 85.967178344726562, 43.104751586914062 ], [ 85.99822998046875, 43.104751586914062 ], [ 86.028038024902344, 43.097301483154297 ], [ 86.052879333496094, 43.096057891845703 ], [ 86.080825805664062, 43.08612060546875 ], [ 86.10443115234375, 43.079910278320312 ], [ 86.128028869628906, 43.076183319091797 ], [ 86.150390625, 43.078666687011719 ], [ 86.176475524902344, 43.091091156005859 ], [ 86.192619323730469, 43.097301483154297 ], [ 86.211250305175781, 43.103511810302734 ], [ 86.22491455078125, 43.108478546142578 ], [ 86.237335205078125, 43.105995178222656 ], [ 86.244789123535156, 43.105995178222656 ], [ 86.257209777832031, 43.124626159667969 ], [ 86.2919921875, 43.124626159667969 ], [ 86.3131103515625, 43.129596710205078 ], [ 86.321800231933594, 43.127109527587891 ], [ 86.329254150390625, 43.120899200439453 ], [ 86.344161987304688, 43.124626159667969 ], [ 86.355339050292969, 43.130836486816406 ], [ 86.370246887207031, 43.130836486816406 ], [ 86.381423950195312, 43.132080078125 ], [ 86.395088195800781, 43.139533996582031 ], [ 86.413719177246094, 43.138290405273438 ], [ 86.424896240234375, 43.139533996582031 ], [ 86.448501586914062, 43.139533996582031 ], [ 86.462158203125, 43.142017364501953 ], [ 86.474586486816406, 43.150711059570312 ], [ 86.482032775878906, 43.151954650878906 ], [ 86.483901977539062, 43.142017364501953 ], [ 86.503768920898438, 43.138290405273438 ], [ 86.523643493652344, 43.133319854736328 ], [ 86.527374267578125, 43.129596710205078 ], [ 86.550971984863281, 43.130836486816406 ], [ 86.565879821777344, 43.127109527587891 ], [ 86.60687255859375, 43.117172241210938 ], [ 86.613082885742188, 43.113449096679688 ], [ 86.625503540039062, 43.109722137451172 ], [ 86.627983093261719, 43.109722137451172 ], [ 86.634193420410156, 43.104751586914062 ], [ 86.636680603027344, 43.102268218994141 ], [ 86.640403747558594, 43.096057891845703 ], [ 86.647857666015625, 43.097301483154297 ], [ 86.65655517578125, 43.102268218994141 ], [ 86.661521911621094, 43.102268218994141 ], [ 86.678909301757812, 43.108478546142578 ], [ 86.678909301757812, 43.115932464599609 ], [ 86.683883666992188, 43.120899200439453 ], [ 86.692573547363281, 43.118415832519531 ], [ 86.704994201660156, 43.113449096679688 ], [ 86.712448120117188, 43.113449096679688 ], [ 86.723625183105469, 43.103511810302734 ], [ 86.736053466796875, 43.103511810302734 ], [ 86.741020202636719, 43.10723876953125 ], [ 86.745986938476562, 43.105995178222656 ], [ 86.74847412109375, 43.103511810302734 ], [ 86.75592041015625, 43.10723876953125 ], [ 86.763374328613281, 43.10723876953125 ], [ 86.770828247070312, 43.104751586914062 ], [ 86.795669555664062, 43.103511810302734 ], [ 86.79815673828125, 43.103511810302734 ], [ 86.809333801269531, 43.099784851074219 ], [ 86.814300537109375, 43.101024627685547 ], [ 86.814300537109375, 43.098541259765625 ], [ 86.832939147949219, 43.091091156005859 ], [ 86.84783935546875, 43.08612060546875 ], [ 86.852806091308594, 43.077426910400391 ], [ 86.861503601074219, 43.083637237548828 ], [ 86.876411437988281, 43.082393646240234 ], [ 86.887588500976562, 43.081153869628906 ], [ 86.891311645507812, 43.073699951171875 ], [ 86.898765563964844, 43.067489624023438 ], [ 86.911186218261719, 43.069972991943359 ], [ 86.913673400878906, 43.056308746337891 ], [ 86.932327270507812, 43.042503356933594 ], [ 86.943519592285156, 43.044994354248047 ], [ 86.955955505371094, 43.040016174316406 ], [ 86.968399047851562, 43.041259765625 ], [ 86.979591369628906, 43.046237945556641 ], [ 86.992034912109375, 43.043750762939453 ], [ 86.998252868652344, 43.033798217773438 ], [ 87.008529663085938, 43.031295776367188 ], [ 87.014762878417969, 43.029972076416016 ], [ 87.019706726074219, 43.028224945068359 ], [ 87.023292541503906, 43.027191162109375 ], [ 87.032844543457031, 43.025676727294922 ], [ 87.037277221679688, 43.024917602539062 ], [ 87.041175842285156, 43.023387908935547 ], [ 87.043838500976562, 43.022289276123047 ], [ 87.046989440917969, 43.021511077880859 ], [ 87.051673889160156, 43.020618438720703 ], [ 87.055366516113281, 43.020030975341797 ], [ 87.059783935546875, 43.020401000976562 ], [ 87.064872741699219, 43.020866394042969 ], [ 87.071334838867188, 43.023139953613281 ], [ 87.0784912109375, 43.027229309082031 ], [ 87.082984924316406, 43.030025482177734 ], [ 87.086326599121094, 43.031814575195312 ], [ 87.091156005859375, 43.035835266113281 ], [ 87.094123840332031, 43.037937164306641 ], [ 87.097824096679688, 43.040142059326172 ], [ 87.103561401367188, 43.042266845703125 ], [ 87.106910705566406, 43.043434143066406 ], [ 87.113494873046875, 43.0460205078125 ], [ 87.117332458496094, 43.047683715820312 ], [ 87.122634887695312, 43.050037384033203 ], [ 87.130912780761719, 43.053997039794922 ], [ 87.135673522949219, 43.05535888671875 ], [ 87.139602661132812, 43.055759429931641 ], [ 87.142669677734375, 43.055702209472656 ], [ 87.148757934570312, 43.055629730224609 ], [ 87.151832580566406, 43.055438995361328 ], [ 87.154731750488281, 43.054740905761719 ], [ 87.157463073730469, 43.053333282470703 ], [ 87.161094665527344, 43.052742004394531 ], [ 87.168228149414062, 43.052406311035156 ], [ 87.175376892089844, 43.050994873046875 ], [ 87.180366516113281, 43.050228118896484 ], [ 87.184310913085938, 43.049465179443359 ], [ 87.189903259277344, 43.049476623535156 ], [ 87.192909240722656, 43.049732208251953 ], [ 87.196128845214844, 43.05169677734375 ], [ 87.19775390625, 43.056797027587891 ], [ 87.198249816894531, 43.059867858886719 ], [ 87.198326110839844, 43.062747955322266 ], [ 87.199516296386719, 43.068344116210938 ], [ 87.201622009277344, 43.074127197265625 ], [ 87.202896118164062, 43.078418731689453 ], [ 87.204193115234375, 43.081497192382812 ], [ 87.204757690429688, 43.084205627441406 ], [ 87.205902099609375, 43.088722229003906 ], [ 87.208702087402344, 43.093917846679688 ], [ 87.212127685546875, 43.09796142578125 ], [ 87.213081359863281, 43.099861145019531 ], [ 87.215126037597656, 43.102134704589844 ], [ 87.218154907226562, 43.105045318603516 ], [ 87.220870971679688, 43.107685089111328 ], [ 87.223518371582031, 43.110813140869141 ], [ 87.225822448730469, 43.1129150390625 ], [ 87.228050231933594, 43.115413665771484 ], [ 87.230300903320312, 43.117008209228516 ], [ 87.233230590820312, 43.118381500244141 ], [ 87.237754821777344, 43.119640350341797 ], [ 87.241737365722656, 43.120540618896484 ], [ 87.246253967285156, 43.122474670410156 ], [ 87.250892639160156, 43.124591827392578 ], [ 87.254981994628906, 43.126293182373047 ], [ 87.258522033691406, 43.127632141113281 ], [ 87.262130737304688, 43.128929138183594 ], [ 87.266670227050781, 43.129863739013672 ], [ 87.271202087402344, 43.130718231201172 ], [ 87.274024963378906, 43.131061553955078 ], [ 87.284347534179688, 43.12957763671875 ], [ 87.293060302734375, 43.125846862792969 ], [ 87.299278259277344, 43.124603271484375 ], [ 87.306739807128906, 43.124603271484375 ], [ 87.312957763671875, 43.122116088867188 ], [ 87.32415771484375, 43.124603271484375 ], [ 87.337837219238281, 43.11962890625 ], [ 87.34405517578125, 43.112163543701172 ], [ 87.355690002441406, 43.110256195068359 ], [ 87.381584167480469, 43.111335754394531 ], [ 87.394538879394531, 43.114574432373047 ], [ 87.413963317871094, 43.105941772460938 ], [ 87.41827392578125, 43.099464416503906 ], [ 87.463600158691406, 43.097309112548828 ], [ 87.483024597167969, 43.092990875244141 ], [ 87.488418579101562, 43.092990875244141 ], [ 87.515396118164062, 43.084358215332031 ], [ 87.531585693359375, 43.089752197265625 ], [ 87.58013916015625, 43.099464416503906 ], [ 87.612510681152344, 43.12860107421875 ], [ 87.616828918457031, 43.131298065185547 ], [ 87.631935119628906, 43.132377624511719 ], [ 87.642730712890625, 43.134536743164062 ], [ 87.653518676757812, 43.135616302490234 ], [ 87.667549133300781, 43.135616302490234 ], [ 87.680496215820312, 43.145328521728516 ], [ 87.692367553710938, 43.150722503662109 ], [ 87.703155517578125, 43.152881622314453 ], [ 87.70855712890625, 43.155040740966797 ], [ 87.726898193359375, 43.157196044921875 ], [ 87.743087768554688, 43.162593841552734 ], [ 87.761428833007812, 43.166908264160156 ], [ 87.772216796875, 43.170146942138672 ], [ 87.790565490722656, 43.177700042724609 ], [ 87.804595947265625, 43.178779602050781 ], [ 87.821861267089844, 43.178779602050781 ], [ 87.829414367675781, 43.182014465332031 ], [ 87.843437194824219, 43.180938720703125 ], [ 87.866104125976562, 43.177700042724609 ], [ 87.885528564453125, 43.176620483398438 ], [ 87.904945373535156, 43.176620483398438 ], [ 87.949188232421875, 43.166908264160156 ], [ 87.968612670898438, 43.163673400878906 ], [ 87.979408264160156, 43.164749145507812 ], [ 87.998832702636719, 43.170146942138672 ], [ 88.03875732421875, 43.193885803222656 ], [ 88.059257507324219, 43.207916259765625 ], [ 88.093788146972656, 43.214389801025391 ], [ 88.103500366210938, 43.225181579589844 ], [ 88.107818603515625, 43.228416442871094 ], [ 88.128318786621094, 43.242446899414062 ], [ 88.135871887207031, 43.245681762695312 ], [ 88.147743225097656, 43.254314422607422 ], [ 88.15313720703125, 43.264026641845703 ], [ 88.160697937011719, 43.271579742431641 ], [ 88.193069458007812, 43.29046630859375 ], [ 88.203857421875, 43.294780731201172 ], [ 88.217887878417969, 43.305572509765625 ], [ 88.236228942871094, 43.319599151611328 ], [ 88.243782043457031, 43.332550048828125 ], [ 88.249183654785156, 43.348735809326172 ], [ 88.252418518066406, 43.360607147216797 ], [ 88.252418518066406, 43.382186889648438 ], [ 88.268600463867188, 43.435062408447266 ], [ 88.279396057128906, 43.504127502441406 ], [ 88.272918701171875, 43.508441925048828 ], [ 88.275077819824219, 43.538658142089844 ], [ 88.291267395019531, 43.598007202148438 ], [ 88.293426513671875, 43.615272521972656 ], [ 88.309608459472656, 43.669227600097656 ], [ 88.307449340820312, 43.730197906494141 ], [ 88.316085815429688, 43.748542785644531 ], [ 88.331192016601562, 43.762569427490234 ], [ 88.345222473144531, 43.76904296875 ], [ 88.353851318359375, 43.770122528076172 ], [ 88.366798400878906, 43.771202087402344 ], [ 88.382987976074219, 43.780914306640625 ], [ 88.398094177246094, 43.786308288574219 ], [ 88.406730651855469, 43.788467407226562 ], [ 88.415359497070312, 43.7960205078125 ], [ 88.428306579589844, 43.802497863769531 ], [ 88.435867309570312, 43.811130523681641 ], [ 88.444496154785156, 43.807891845703125 ], [ 88.450973510742188, 43.807891845703125 ], [ 88.464996337890625, 43.812206268310547 ], [ 88.481185913085938, 43.81976318359375 ], [ 88.484420776367188, 43.833789825439453 ], [ 88.498451232910156, 43.847816467285156 ], [ 88.511398315429688, 43.856449127197266 ], [ 88.510711669921875, 43.849224090576172 ], [ 88.510833740234375, 43.847164154052734 ], [ 88.512725830078125, 43.843635559082031 ], [ 88.513656616210938, 43.840213775634766 ], [ 88.514572143554688, 43.838050842285156 ], [ 88.515007019042969, 43.836055755615234 ], [ 88.516799926757812, 43.83355712890625 ], [ 88.518951416015625, 43.832492828369141 ], [ 88.521415710449219, 43.831714630126953 ], [ 88.524032592773438, 43.831058502197266 ], [ 88.526100158691406, 43.8304443359375 ], [ 88.527938842773438, 43.829494476318359 ], [ 88.530746459960938, 43.827468872070312 ], [ 88.531654357910156, 43.82513427734375 ], [ 88.530624389648438, 43.821403503417969 ], [ 88.529640197753906, 43.819507598876953 ], [ 88.528121948242188, 43.816226959228516 ], [ 88.526191711425781, 43.814090728759766 ], [ 88.524246215820312, 43.812873840332031 ], [ 88.523056030273438, 43.809200286865234 ], [ 88.523651123046875, 43.807258605957031 ], [ 88.524238586425781, 43.805259704589844 ], [ 88.526519775390625, 43.801685333251953 ], [ 88.528923034667969, 43.799934387207031 ], [ 88.532562255859375, 43.799739837646484 ], [ 88.53594970703125, 43.800010681152344 ], [ 88.540573120117188, 43.801658630371094 ], [ 88.542762756347656, 43.802707672119141 ], [ 88.544807434082031, 43.803356170654297 ], [ 88.548896789550781, 43.803966522216797 ], [ 88.551780700683594, 43.802108764648438 ], [ 88.553390502929688, 43.800350189208984 ], [ 88.555465698242188, 43.799060821533203 ], [ 88.558334350585938, 43.797943115234375 ], [ 88.561256408691406, 43.79791259765625 ], [ 88.564315795898438, 43.798637390136719 ], [ 88.568313598632812, 43.800155639648438 ], [ 88.570503234863281, 43.801494598388672 ], [ 88.572212219238281, 43.802883148193359 ], [ 88.574356079101562, 43.801990509033203 ], [ 88.577545166015625, 43.800704956054688 ], [ 88.57952880859375, 43.800037384033203 ], [ 88.584037780761719, 43.799400329589844 ], [ 88.587181091308594, 43.800056457519531 ], [ 88.589935302734375, 43.8006591796875 ], [ 88.592376708984375, 43.801254272460938 ], [ 88.595588684082031, 43.802425384521484 ], [ 88.596908569335938, 43.799526214599609 ], [ 88.596786499023438, 43.797405242919922 ], [ 88.596511840820312, 43.795230865478516 ], [ 88.597923278808594, 43.791698455810547 ], [ 88.601051330566406, 43.789035797119141 ], [ 88.602737426757812, 43.787628173828125 ], [ 88.606193542480469, 43.784286499023438 ], [ 88.607490539550781, 43.782176971435547 ], [ 88.608940124511719, 43.78076171875 ], [ 88.610870361328125, 43.779006958007812 ], [ 88.612403869628906, 43.777194976806641 ], [ 88.614364624023438, 43.773494720458984 ], [ 88.6165771484375, 43.769001007080078 ], [ 88.618583679199219, 43.767360687255859 ], [ 88.620658874511719, 43.765892028808594 ], [ 88.623359680175781, 43.764774322509766 ], [ 88.625968933105469, 43.764629364013672 ], [ 88.62841796875, 43.764595031738281 ], [ 88.630699157714844, 43.764667510986328 ], [ 88.636039733886719, 43.766204833984375 ], [ 88.637916564941406, 43.767078399658203 ], [ 88.639961242675781, 43.767498016357422 ], [ 88.642814636230469, 43.766834259033203 ], [ 88.645912170410156, 43.765666961669922 ], [ 88.647750854492188, 43.764137268066406 ], [ 88.650001525878906, 43.761871337890625 ], [ 88.652320861816406, 43.760066986083984 ], [ 88.655426025390625, 43.75860595703125 ], [ 88.657569885253906, 43.757884979248047 ], [ 88.660629272460938, 43.758766174316406 ], [ 88.663009643554688, 43.762275695800781 ], [ 88.664863586425781, 43.764636993408203 ], [ 88.668754577636719, 43.763355255126953 ], [ 88.670516967773438, 43.761547088623047 ], [ 88.672836303710938, 43.759902954101562 ], [ 88.674911499023438, 43.758781433105469 ], [ 88.6771240234375, 43.758228302001953 ], [ 88.6798095703125, 43.758079528808594 ], [ 88.683601379394531, 43.758060455322266 ], [ 88.686515808105469, 43.758079528808594 ], [ 88.690025329589844, 43.756057739257812 ], [ 88.691238403320312, 43.754005432128906 ], [ 88.692543029785156, 43.751846313476562 ], [ 88.693984985351562, 43.750312805175781 ], [ 88.697486877441406, 43.748565673828125 ], [ 88.699165344238281, 43.747325897216797 ], [ 88.701560974121094, 43.745635986328125 ], [ 88.704032897949219, 43.744049072265625 ], [ 88.707275390625, 43.743507385253906 ], [ 88.710113525390625, 43.743419647216797 ], [ 88.71240234375, 43.743324279785156 ], [ 88.714851379394531, 43.743404388427734 ], [ 88.717376708984375, 43.743194580078125 ], [ 88.71844482421875, 43.740459442138672 ], [ 88.717086791992188, 43.737133026123047 ], [ 88.71649169921875, 43.735061645507812 ], [ 88.717727661132812, 43.731876373291016 ], [ 88.714492797851562, 43.727325439453125 ], [ 88.711067199707031, 43.724838256835938 ], [ 88.707786560058594, 43.722808837890625 ], [ 88.70379638671875, 43.720943450927734 ], [ 88.701759338378906, 43.720298767089844 ], [ 88.699958801269531, 43.719425201416016 ], [ 88.698814392089844, 43.717353820800781 ], [ 88.698471069335938, 43.714263916015625 ], [ 88.699089050292969, 43.710842132568359 ], [ 88.699760437011719, 43.708095550537109 ], [ 88.701606750488281, 43.706287384033203 ], [ 88.705406188964844, 43.705230712890625 ], [ 88.709564208984375, 43.706581115722656 ], [ 88.714897155761719, 43.708175659179688 ], [ 88.718185424804688, 43.709457397460938 ], [ 88.720443725585938, 43.710964202880859 ], [ 88.723251342773438, 43.712821960449219 ], [ 88.726898193359375, 43.711650848388672 ], [ 88.732292175292969, 43.709526062011719 ], [ 88.735931396484375, 43.708469390869141 ], [ 88.739875793457031, 43.708274841308594 ], [ 88.744140625, 43.707733154296875 ], [ 88.746047973632812, 43.706893920898438 ], [ 88.748435974121094, 43.705371856689453 ], [ 88.754592895507812, 43.705253601074219 ], [ 88.757957458496094, 43.706478118896484 ], [ 88.761970520019531, 43.707080841064453 ], [ 88.76739501953125, 43.707698822021484 ], [ 88.771400451660156, 43.708763122558594 ], [ 88.775016784667969, 43.709129333496094 ], [ 88.777938842773438, 43.708751678466797 ], [ 88.780158996582031, 43.708206176757812 ], [ 88.783294677734375, 43.709030151367188 ], [ 88.786323547363281, 43.711799621582031 ], [ 88.789222717285156, 43.713245391845703 ], [ 88.793930053710938, 43.714431762695312 ], [ 88.797538757324219, 43.715484619140625 ], [ 88.800201416015625, 43.716594696044922 ], [ 88.802001953125, 43.717529296875 ], [ 88.804283142089844, 43.717826843261719 ], [ 88.808303833007812, 43.717456817626953 ], [ 88.811874389648438, 43.716400146484375 ], [ 88.81488037109375, 43.715675354003906 ], [ 88.819595336914062, 43.716285705566406 ], [ 88.822738647460938, 43.716884613037109 ], [ 88.825485229492188, 43.717990875244141 ], [ 88.828392028808594, 43.718360900878906 ], [ 88.830596923828125, 43.718658447265625 ], [ 88.83306884765625, 43.716621398925781 ], [ 88.834861755371094, 43.712917327880859 ], [ 88.836776733398438, 43.711158752441406 ], [ 88.839309692382812, 43.710433959960938 ], [ 88.842147827148438, 43.7105712890625 ], [ 88.84442138671875, 43.711215972900391 ], [ 88.847991943359375, 43.709980010986328 ], [ 88.850296020507812, 43.708683013916016 ], [ 88.852287292480469, 43.707328796386719 ], [ 88.852333068847656, 43.703899383544922 ], [ 88.852218627929688, 43.701316833496094 ], [ 88.855545043945312, 43.699741363525391 ], [ 88.858909606933594, 43.696338653564453 ], [ 88.862319946289062, 43.694419860839844 ], [ 88.865089416503906, 43.693756103515625 ], [ 88.867973327636719, 43.690853118896484 ], [ 88.869743347167969, 43.688125610351562 ], [ 88.872299194335938, 43.685798645019531 ], [ 88.87445068359375, 43.684043884277344 ], [ 88.877952575683594, 43.681545257568359 ], [ 88.881690979003906, 43.679119110107422 ], [ 88.884307861328125, 43.677536010742188 ], [ 88.888496398925781, 43.676990509033203 ], [ 88.891166687011719, 43.677585601806641 ], [ 88.893669128417969, 43.678630828857422 ], [ 88.896102905273438, 43.679222106933594 ], [ 88.898963928222656, 43.677463531494141 ], [ 88.900718688964844, 43.675876617431641 ], [ 88.901687622070312, 43.673999786376953 ], [ 88.902198791503906, 43.671596527099609 ], [ 88.90167236328125, 43.669536590576172 ], [ 88.900520324707031, 43.667530059814453 ], [ 88.899940490722656, 43.663867950439453 ], [ 88.901466369628906, 43.661762237548828 ], [ 88.902839660644531, 43.659137725830078 ], [ 88.903900146484375, 43.656402587890625 ], [ 88.904495239257812, 43.653720855712891 ], [ 88.904617309570312, 43.650398254394531 ], [ 88.906158447265625, 43.647266387939453 ], [ 88.9075927734375, 43.645729064941406 ], [ 88.910926818847656, 43.64398193359375 ], [ 88.914634704589844, 43.643264770507812 ], [ 88.91912841796875, 43.642719268798828 ], [ 88.923698425292969, 43.642356872558594 ], [ 88.92694091796875, 43.641292572021484 ], [ 88.928779602050781, 43.639301300048828 ], [ 88.931053161621094, 43.631675720214844 ], [ 88.938339233398438, 43.630847930908203 ], [ 88.94219970703125, 43.630756378173828 ], [ 88.944564819335938, 43.630481719970703 ], [ 88.946769714355469, 43.629985809326172 ], [ 88.950592041015625, 43.626750946044922 ], [ 88.951805114746094, 43.624473571777344 ], [ 88.953567504882812, 43.622138977050781 ], [ 88.955162048339844, 43.620086669921875 ], [ 88.958175659179688, 43.618740081787109 ], [ 88.9609375, 43.617900848388672 ], [ 88.963546752929688, 43.616947174072266 ], [ 88.966468811035156, 43.616275787353516 ], [ 88.968666076660156, 43.61651611328125 ], [ 88.971412658691406, 43.616989135742188 ], [ 88.97393798828125, 43.616893768310547 ], [ 88.977020263671875, 43.615833282470703 ], [ 88.979316711425781, 43.614532470703125 ], [ 88.981536865234375, 43.613170623779297 ], [ 88.983512878417969, 43.612380981445312 ], [ 88.986434936523438, 43.611717224121094 ], [ 88.989738464355469, 43.611965179443359 ], [ 88.991859436035156, 43.611801147460938 ], [ 88.993240356445312, 43.608665466308594 ], [ 88.995079040527344, 43.605995178222656 ], [ 88.997451782226562, 43.605091094970703 ], [ 89.001152038574219, 43.604999542236328 ], [ 89.004608154296875, 43.605476379394531 ], [ 89.009239196777344, 43.606132507324219 ], [ 89.01324462890625, 43.606956481933594 ], [ 89.01654052734375, 43.607780456542969 ], [ 89.01904296875, 43.608535766601562 ], [ 89.022026062011719, 43.609184265136719 ], [ 89.024543762207031, 43.609375 ], [ 89.027389526367188, 43.608467102050781 ], [ 89.029922485351562, 43.607227325439453 ], [ 89.031990051269531, 43.605354309082031 ], [ 89.034927368164062, 43.602855682373047 ], [ 89.039268493652344, 43.601913452148438 ], [ 89.044624328613281, 43.600799560546875 ], [ 89.048797607421875, 43.600761413574219 ], [ 89.051551818847656, 43.600666046142578 ], [ 89.055282592773438, 43.597881317138672 ], [ 89.057891845703125, 43.596294403076172 ], [ 89.061759948730469, 43.595405578613281 ], [ 89.06585693359375, 43.594684600830078 ], [ 89.070587158203125, 43.593456268310547 ], [ 89.0731201171875, 43.592662811279297 ], [ 89.07611083984375, 43.59228515625 ], [ 89.079093933105469, 43.592643737792969 ], [ 89.082305908203125, 43.593513488769531 ], [ 89.084259033203125, 43.594898223876953 ], [ 89.085731506347656, 43.596851348876953 ], [ 89.087532043457031, 43.598178863525391 ], [ 89.092002868652344, 43.598888397216797 ], [ 89.097991943359375, 43.597770690917969 ], [ 89.102798461914062, 43.597339630126953 ], [ 89.107452392578125, 43.596389770507812 ], [ 89.110359191894531, 43.596408843994141 ], [ 89.113731384277344, 43.597507476806641 ], [ 89.117019653320312, 43.598735809326172 ], [ 89.120010375976562, 43.598857879638672 ], [ 89.123481750488281, 43.5980224609375 ], [ 89.127494812011719, 43.597415924072266 ], [ 89.131195068359375, 43.597545623779297 ], [ 89.135276794433594, 43.598079681396484 ], [ 89.138587951660156, 43.597576141357422 ], [ 89.142364501953125, 43.596965789794922 ], [ 89.146224975585938, 43.596588134765625 ], [ 89.148513793945312, 43.595859527587891 ], [ 89.151123046875, 43.594783782958984 ], [ 89.155288696289062, 43.594741821289062 ], [ 89.15789794921875, 43.593559265136719 ], [ 89.161140441894531, 43.591915130615234 ], [ 89.164604187011719, 43.591533660888672 ], [ 89.167930603027344, 43.588859558105469 ], [ 89.171333312988281, 43.586761474609375 ], [ 89.175277709960938, 43.585121154785156 ], [ 89.178436279296875, 43.5841064453125 ], [ 89.181831359863281, 43.582744598388672 ], [ 89.184761047363281, 43.580532073974609 ], [ 89.186508178710938, 43.578704833984375 ], [ 89.187080383300781, 43.576427459716797 ], [ 89.185447692871094, 43.574245452880859 ], [ 89.185234069824219, 43.572124481201172 ], [ 89.185173034667969, 43.569442749023438 ], [ 89.186538696289062, 43.566986083984375 ], [ 89.189849853515625, 43.565284729003906 ], [ 89.193801879882812, 43.56353759765625 ], [ 89.196395874023438, 43.562908172607422 ], [ 89.200370788574219, 43.558586120605469 ], [ 89.201805114746094, 43.556072235107422 ], [ 89.201667785644531, 43.553672790527344 ], [ 89.199966430664062, 43.550979614257812 ], [ 89.199775695800781, 43.545833587646484 ], [ 89.198631286621094, 43.542228698730469 ], [ 89.197013854980469, 43.538841247558594 ], [ 89.196243286132812, 43.536724090576172 ], [ 89.198463439941406, 43.534961700439453 ], [ 89.201766967773438, 43.534347534179688 ], [ 89.208229064941406, 43.526691436767578 ], [ 89.215705871582031, 43.522838592529297 ], [ 89.220695495605469, 43.523097991943359 ], [ 89.224403381347656, 43.524440765380859 ], [ 89.226737976074219, 43.526962280273438 ], [ 89.229171752929688, 43.529190063476562 ], [ 89.232536315917969, 43.52935791015625 ], [ 89.235671997070312, 43.529193878173828 ], [ 89.238113403320312, 43.529533386230469 ], [ 89.240043640136719, 43.5330810546875 ], [ 89.24090576171875, 43.535793304443359 ], [ 89.242416381835938, 43.537315368652344 ], [ 89.246833801269531, 43.538166046142578 ], [ 89.250083923339844, 43.539772033691406 ], [ 89.252861022949219, 43.541362762451172 ], [ 89.254493713378906, 43.543830871582031 ], [ 89.254470825195312, 43.545883178710938 ], [ 89.255477905273438, 43.547664642333984 ], [ 89.257598876953125, 43.548587799072266 ], [ 89.25994873046875, 43.548946380615234 ], [ 89.263885498046875, 43.547985076904297 ], [ 89.266876220703125, 43.547935485839844 ], [ 89.269721984863281, 43.548992156982422 ], [ 89.274330139160156, 43.549396514892578 ], [ 89.277473449707031, 43.548892974853516 ], [ 89.282608032226562, 43.545936584472656 ], [ 89.287025451660156, 43.543319702148438 ], [ 89.291290283203125, 43.540363311767578 ], [ 89.293983459472656, 43.538322448730469 ], [ 89.297218322753906, 43.536502838134766 ], [ 89.300918579101562, 43.535598754882812 ], [ 89.304450988769531, 43.535320281982422 ], [ 89.307762145996094, 43.534427642822266 ], [ 89.3104248046875, 43.533687591552734 ], [ 89.310531616210938, 43.530220031738281 ], [ 89.310752868652344, 43.526161193847656 ], [ 89.311325073242188, 43.523624420166016 ], [ 89.315956115722656, 43.521167755126953 ], [ 89.318885803222656, 43.517135620117188 ], [ 89.319770812988281, 43.513538360595703 ], [ 89.32073974609375, 43.510395050048828 ], [ 89.322723388671875, 43.507545471191406 ], [ 89.323989868164062, 43.505657196044922 ], [ 89.324478149414062, 43.502685546875 ], [ 89.322853088378906, 43.499649047851562 ], [ 89.32562255859375, 43.497028350830078 ], [ 89.331077575683594, 43.495712280273438 ], [ 89.335830688476562, 43.494861602783203 ], [ 89.341163635253906, 43.494266510009766 ], [ 89.348579406738281, 43.492931365966797 ], [ 89.356002807617188, 43.491554260253906 ], [ 89.360214233398438, 43.490333557128906 ], [ 89.363998413085938, 43.489944458007812 ], [ 89.368865966796875, 43.489688873291016 ], [ 89.371528625488281, 43.4881591796875 ], [ 89.372566223144531, 43.485687255859375 ], [ 89.372200012207031, 43.482086181640625 ], [ 89.372459411621094, 43.477397918701172 ], [ 89.37335205078125, 43.472934722900391 ], [ 89.373886108398438, 43.4686279296875 ], [ 89.375526428222656, 43.464141845703125 ], [ 89.377899169921875, 43.461112976074219 ], [ 89.38092041015625, 43.458892822265625 ], [ 89.3865966796875, 43.457958221435547 ], [ 89.389701843261719, 43.455547332763672 ], [ 89.391677856445312, 43.452976226806641 ], [ 89.392723083496094, 43.449264526367188 ], [ 89.394195556640625, 43.447212219238281 ], [ 89.397323608398438, 43.446533203125 ], [ 89.400032043457031, 43.446773529052734 ], [ 89.401512145996094, 43.448314666748047 ], [ 89.402839660644531, 43.450439453125 ], [ 89.405807495117188, 43.452671051025391 ], [ 89.40972900390625, 43.453136444091797 ], [ 89.4146728515625, 43.452358245849609 ], [ 89.419151306152344, 43.451625823974609 ], [ 89.422500610351562, 43.451580047607422 ], [ 89.425392150878906, 43.450904846191406 ], [ 89.427482604980469, 43.448440551757812 ], [ 89.429542541503906, 43.446327209472656 ], [ 89.431503295898438, 43.445144653320312 ], [ 89.436492919921875, 43.446067810058594 ], [ 89.441238403320312, 43.445213317871094 ], [ 89.448074340820312, 43.444698333740234 ], [ 89.45294189453125, 43.445030212402344 ], [ 89.45880126953125, 43.445713043212891 ], [ 89.463111877441406, 43.446517944335938 ], [ 89.468292236328125, 43.446361541748047 ], [ 89.472999572753906, 43.446369171142578 ], [ 89.475189208984375, 43.446491241455078 ], [ 89.477073669433594, 43.447586059570312 ], [ 89.478782653808594, 43.450447082519531 ], [ 89.482078552246094, 43.451480865478516 ], [ 89.485130310058594, 43.4525146484375 ], [ 89.489997863769531, 43.452236175537109 ], [ 89.494003295898438, 43.450645446777344 ], [ 89.499191284179688, 43.449398040771484 ], [ 89.504997253417969, 43.448829650878906 ], [ 89.510093688964844, 43.448726654052734 ], [ 89.513862609863281, 43.44781494140625 ], [ 89.519439697265625, 43.445766448974609 ], [ 89.524238586425781, 43.443611145019531 ], [ 89.52777099609375, 43.442180633544922 ], [ 89.531303405761719, 43.4410400390625 ], [ 89.535072326660156, 43.440536499023438 ], [ 89.5384521484375, 43.438766479492188 ], [ 89.541755676269531, 43.435977935791016 ], [ 89.545372009277344, 43.433006286621094 ], [ 89.548912048339844, 43.430606842041016 ], [ 89.551582336425781, 43.429924011230469 ], [ 89.55487060546875, 43.430274963378906 ], [ 89.559104919433594, 43.431476593017578 ], [ 89.564361572265625, 43.431484222412109 ], [ 89.568496704101562, 43.4310302734375 ], [ 89.574508666992188, 43.429241180419922 ], [ 89.578567504882812, 43.427383422851562 ], [ 89.585487365722656, 43.425239562988281 ], [ 89.591590881347656, 43.425975799560547 ], [ 89.600135803222656, 43.425754547119141 ], [ 89.606330871582031, 43.425243377685547 ], [ 89.614250183105469, 43.425708770751953 ], [ 89.619667053222656, 43.425739288330078 ], [ 89.62445068359375, 43.425197601318359 ], [ 89.629707336425781, 43.422916412353516 ], [ 89.634254455566406, 43.421550750732422 ], [ 89.637947082519531, 43.420982360839844 ], [ 89.641082763671875, 43.420070648193359 ], [ 89.644302368164062, 43.418178558349609 ], [ 89.647048950195312, 43.416873931884766 ], [ 89.649864196777344, 43.418697357177734 ], [ 89.653549194335938, 43.420356750488281 ], [ 89.656448364257812, 43.419788360595703 ], [ 89.65496826171875, 43.416984558105469 ], [ 89.654891967773438, 43.414127349853516 ], [ 89.657424926757812, 43.411674499511719 ], [ 89.661582946777344, 43.410308837890625 ], [ 89.666099548339844, 43.410121917724609 ], [ 89.676704406738281, 43.407398223876953 ], [ 89.684898376464844, 43.414287567138672 ], [ 89.686302185058594, 43.415805816650391 ], [ 89.687019348144531, 43.418170928955078 ], [ 89.688323974609375, 43.421382904052734 ], [ 89.690185546875, 43.422809600830078 ], [ 89.691970825195312, 43.423797607421875 ], [ 89.696334838867188, 43.423721313476562 ], [ 89.700263977050781, 43.423030853271484 ], [ 89.703887939453125, 43.422084808349609 ], [ 89.707107543945312, 43.420948028564453 ], [ 89.709770202636719, 43.418716430664062 ], [ 89.712905883789062, 43.416542053222656 ], [ 89.715187072753906, 43.414600372314453 ], [ 89.717300415039062, 43.41351318359375 ], [ 89.720436096191406, 43.415798187255859 ], [ 89.722320556640625, 43.418083190917969 ], [ 89.725128173828125, 43.418285369873047 ], [ 89.727897644042969, 43.417434692382812 ], [ 89.731132507324219, 43.416488647460938 ], [ 89.73321533203125, 43.416732788085938 ], [ 89.736114501953125, 43.418655395507812 ], [ 89.736351013183594, 43.421573638916016 ], [ 89.739646911621094, 43.422462463378906 ], [ 89.742416381835938, 43.421604156494141 ], [ 89.744857788085938, 43.422439575195312 ], [ 89.746849060058594, 43.424884796142578 ], [ 89.746543884277344, 43.427394866943359 ], [ 89.74505615234375, 43.429454803466797 ], [ 89.744110107421875, 43.432025909423828 ], [ 89.745918273925781, 43.433460235595703 ], [ 89.747795104980469, 43.434654235839844 ], [ 89.748344421386719, 43.437343597412109 ], [ 89.747169494628906, 43.439800262451172 ], [ 89.747406005859375, 43.441917419433594 ], [ 89.749679565429688, 43.443977355957031 ], [ 89.751327514648438, 43.446208953857422 ], [ 89.754074096679688, 43.449409484863281 ], [ 89.756034851074219, 43.45208740234375 ], [ 89.757133483886719, 43.454887390136719 ], [ 89.757133483886719, 43.457000732421875 ], [ 89.755722045898438, 43.459465026855469 ], [ 89.7574462890625, 43.461181640625 ], [ 89.759956359863281, 43.461235046386719 ], [ 89.762466430664062, 43.460609436035156 ], [ 89.76458740234375, 43.459117889404297 ], [ 89.767257690429688, 43.456489562988281 ], [ 89.7706298828125, 43.454082489013672 ], [ 89.774467468261719, 43.454883575439453 ], [ 89.776901245117188, 43.456768035888672 ], [ 89.780830383300781, 43.458938598632812 ], [ 89.783653259277344, 43.459796905517578 ], [ 89.786712646484375, 43.460414886474609 ], [ 89.790168762207031, 43.460700988769531 ], [ 89.793220520019531, 43.459896087646484 ], [ 89.796279907226562, 43.458580017089844 ], [ 89.798240661621094, 43.45709228515625 ], [ 89.801933288574219, 43.455894470214844 ], [ 89.804679870605469, 43.457427978515625 ], [ 89.807975769042969, 43.457717895507812 ], [ 89.8121337890625, 43.457424163818359 ], [ 89.815505981445312, 43.4569091796875 ], [ 89.817619323730469, 43.457191467285156 ], [ 89.820053100585938, 43.458393096923828 ], [ 89.821624755859375, 43.459938049316406 ], [ 89.823272705078125, 43.461299896240234 ], [ 89.826728820800781, 43.462440490722656 ], [ 89.830963134765625, 43.461750030517578 ], [ 89.834495544433594, 43.460609436035156 ], [ 89.836456298828125, 43.459686279296875 ], [ 89.839279174804688, 43.459571838378906 ], [ 89.841552734375, 43.459857940673828 ], [ 89.844459533691406, 43.461502075195312 ], [ 89.846031188964844, 43.462760925292969 ], [ 89.849334716796875, 43.465217590332031 ], [ 89.853256225585938, 43.466072082519531 ], [ 89.85662841796875, 43.466869354248047 ], [ 89.859687805175781, 43.466407775878906 ], [ 89.862358093261719, 43.464855194091797 ], [ 89.865020751953125, 43.464626312255859 ], [ 89.868080139160156, 43.464908599853516 ], [ 89.870277404785156, 43.464908599853516 ], [ 89.873176574707031, 43.463069915771484 ], [ 89.875534057617188, 43.463985443115234 ], [ 89.878677368164062, 43.466892242431641 ], [ 89.882835388183594, 43.466373443603516 ], [ 89.886917114257812, 43.465217590332031 ], [ 89.89208984375, 43.463897705078125 ], [ 89.895774841308594, 43.462806701660156 ], [ 89.899696350097656, 43.460914611816406 ], [ 89.903694152832031, 43.459537506103516 ], [ 89.907218933105469, 43.457817077636719 ], [ 89.911293029785156, 43.455806732177734 ], [ 89.913871765136719, 43.453914642333984 ], [ 89.916145324707031, 43.452083587646484 ], [ 89.9183349609375, 43.450363159179688 ], [ 89.921318054199219, 43.450302124023438 ], [ 89.925865173339844, 43.450977325439453 ], [ 89.930656433105469, 43.451026916503906 ], [ 89.933395385742188, 43.451309204101562 ], [ 89.9339599609375, 43.454334259033203 ], [ 89.933891296386719, 43.457363128662109 ], [ 89.944892883300781, 43.463115692138672 ], [ 89.950859069824219, 43.465736389160156 ], [ 89.956520080566406, 43.468578338623047 ], [ 89.960922241210938, 43.470855712890625 ], [ 89.962577819824219, 43.472965240478516 ], [ 89.962982177734375, 43.476509094238281 ], [ 89.962287902832031, 43.479595184326172 ], [ 89.960182189941406, 43.482799530029297 ], [ 89.958381652832031, 43.485153198242188 ], [ 89.959571838378906, 43.487773895263672 ], [ 89.962631225585938, 43.488571166992188 ], [ 89.964752197265625, 43.489711761474609 ], [ 89.970169067382812, 43.488895416259766 ], [ 89.975578308105469, 43.487449645996094 ], [ 89.979576110839844, 43.486698150634766 ], [ 89.98358154296875, 43.486061096191406 ], [ 89.986404418945312, 43.485366821289062 ], [ 89.988365173339844, 43.4847412109375 ], [ 89.991661071777344, 43.485420227050781 ], [ 90.0, 43.488250732421875 ], [ 90.007667541503906, 43.489723205566406 ], [ 90.011512756347656, 43.490074157714844 ], [ 90.01385498046875, 43.491565704345703 ], [ 90.013526916503906, 43.494312286376953 ], [ 90.012184143066406, 43.495906829833984 ], [ 90.011146545410156, 43.49835205078125 ], [ 90.012542724609375, 43.500244140625 ], [ 90.013946533203125, 43.502361297607422 ], [ 90.012435913085938, 43.505207061767578 ], [ 90.011398315429688, 43.507656097412109 ], [ 90.010757446289062, 43.510395050048828 ], [ 90.011764526367188, 43.512687683105469 ], [ 90.009696960449219, 43.516559600830078 ], [ 90.006858825683594, 43.518951416015625 ], [ 90.008094787597656, 43.521465301513672 ], [ 90.011703491210938, 43.522506713867188 ], [ 90.016403198242188, 43.523033142089844 ], [ 90.020484924316406, 43.522708892822266 ], [ 90.024017333984375, 43.522953033447266 ], [ 90.026222229003906, 43.521640777587891 ], [ 90.029052734375, 43.520744323730469 ], [ 90.031402587890625, 43.521659851074219 ], [ 90.0340576171875, 43.523609161376953 ], [ 90.035781860351562, 43.524986267089844 ], [ 90.039146423339844, 43.526145935058594 ], [ 90.04180908203125, 43.526611328125 ], [ 90.04486083984375, 43.528327941894531 ], [ 90.046974182128906, 43.529022216796875 ], [ 90.049423217773438, 43.526634216308594 ], [ 90.049835205078125, 43.524009704589844 ], [ 90.051338195800781, 43.520591735839844 ], [ 90.052772521972656, 43.518081665039062 ], [ 90.053878784179688, 43.516258239746094 ], [ 90.056320190429688, 43.514610290527344 ], [ 90.061492919921875, 43.515193939208984 ], [ 90.064384460449219, 43.517658233642578 ], [ 90.068618774414062, 43.518642425537109 ], [ 90.072685241699219, 43.52099609375 ], [ 90.074714660644531, 43.522434234619141 ], [ 90.076042175292969, 43.523983001708984 ], [ 90.077606201171875, 43.525928497314453 ], [ 90.0797119140625, 43.528438568115234 ], [ 90.082298278808594, 43.528568267822266 ], [ 90.087242126464844, 43.529262542724609 ], [ 90.091156005859375, 43.530704498291016 ], [ 90.095230102539062, 43.532424926757812 ], [ 90.100563049316406, 43.533077239990234 ], [ 90.102455139160156, 43.5321044921875 ], [ 90.103874206542969, 43.530288696289062 ], [ 90.105842590332031, 43.528980255126953 ], [ 90.10992431640625, 43.529506683349609 ], [ 90.113357543945312, 43.533046722412109 ], [ 90.118843078613281, 43.535697937011719 ], [ 90.122756958007812, 43.537361145019531 ], [ 90.12518310546875, 43.538791656494141 ], [ 90.128158569335938, 43.541141510009766 ], [ 90.130348205566406, 43.54315185546875 ], [ 90.133880615234375, 43.543384552001953 ], [ 90.137649536132812, 43.543506622314453 ], [ 90.141258239746094, 43.543460845947266 ], [ 90.144790649414062, 43.543529510498047 ], [ 90.148162841796875, 43.544281005859375 ], [ 90.158042907714844, 43.549163818359375 ], [ 90.165718078613281, 43.552314758300781 ], [ 90.169334411621094, 43.552719116210938 ], [ 90.172164916992188, 43.551132202148438 ], [ 90.174446105957031, 43.548454284667969 ], [ 90.176033020019531, 43.544975280761719 ], [ 90.177772521972656, 43.542522430419922 ], [ 90.180755615234375, 43.540870666503906 ], [ 90.186103820800781, 43.539516448974609 ], [ 90.191047668457031, 43.53912353515625 ], [ 90.194976806640625, 43.538619995117188 ], [ 90.197967529296875, 43.536396026611328 ], [ 90.200172424316406, 43.533832550048828 ], [ 90.204017639160156, 43.533321380615234 ], [ 90.207160949707031, 43.533733367919922 ], [ 90.210922241210938, 43.534366607666016 ], [ 90.213821411132812, 43.536144256591797 ], [ 90.215858459472656, 43.538032531738281 ], [ 90.217819213867188, 43.538951873779297 ], [ 90.220878601074219, 43.539127349853516 ], [ 90.227470397949219, 43.539249420166016 ], [ 90.232734680175781, 43.539035797119141 ], [ 90.238937377929688, 43.538131713867188 ], [ 90.246009826660156, 43.535972595214844 ], [ 90.25103759765625, 43.534500122070312 ], [ 90.257080078125, 43.533248901367188 ], [ 90.26226806640625, 43.532230377197266 ], [ 90.266273498535156, 43.531147003173828 ], [ 90.269577026367188, 43.529445648193359 ], [ 90.271774291992188, 43.527275085449219 ], [ 90.274452209472656, 43.524478912353516 ], [ 90.276649475097656, 43.52191162109375 ], [ 90.279403686523438, 43.52020263671875 ], [ 90.281997680664062, 43.519123077392578 ], [ 90.290946960449219, 43.518165588378906 ], [ 90.294479370117188, 43.516456604003906 ], [ 90.298484802246094, 43.513664245605469 ], [ 90.301780700683594, 43.51177978515625 ], [ 90.305160522460938, 43.510078430175781 ], [ 90.309005737304688, 43.507682800292969 ], [ 90.3115234375, 43.505851745605469 ], [ 90.314033508300781, 43.504768371582031 ], [ 90.316154479980469, 43.503692626953125 ], [ 90.319679260253906, 43.505287170410156 ], [ 90.319839477539062, 43.507747650146484 ], [ 90.322891235351562, 43.509693145751953 ], [ 90.326187133789062, 43.510776519775391 ], [ 90.331680297851562, 43.511409759521484 ], [ 90.338584899902344, 43.511878967285156 ], [ 90.344863891601562, 43.512050628662109 ], [ 90.349571228027344, 43.513427734375 ], [ 90.354515075683594, 43.514228820800781 ], [ 90.358909606933594, 43.514633178710938 ], [ 90.362442016601562, 43.51361083984375 ], [ 90.365974426269531, 43.511547088623047 ], [ 90.368560791015625, 43.508926391601562 ], [ 90.369903564453125, 43.506015777587891 ], [ 90.370292663574219, 43.503791809082031 ], [ 90.373588562011719, 43.499618530273438 ], [ 90.377906799316406, 43.497394561767578 ], [ 90.380653381347656, 43.496425628662109 ], [ 90.383552551269531, 43.497173309326172 ], [ 90.385124206542969, 43.500251770019531 ], [ 90.386772155761719, 43.502765655517578 ], [ 90.390304565429688, 43.506256103515625 ], [ 90.393203735351562, 43.507907867431641 ], [ 90.396339416503906, 43.510364532470703 ], [ 90.401054382324219, 43.5137939453125 ], [ 90.40631103515625, 43.517223358154297 ], [ 90.410079956054688, 43.520187377929688 ], [ 90.413223266601562, 43.521842956542969 ], [ 90.417068481445312, 43.523677825927734 ], [ 90.420600891113281, 43.525333404541016 ], [ 90.424919128417969, 43.525043487548828 ], [ 90.428916931152344, 43.523845672607422 ], [ 90.431510925292969, 43.523273468017578 ], [ 90.432998657226562, 43.521453857421875 ], [ 90.435035705566406, 43.518653869628906 ], [ 90.436843872070312, 43.516769409179688 ], [ 90.440925598144531, 43.515968322753906 ], [ 90.446418762207031, 43.517452239990234 ], [ 90.450889587402344, 43.518703460693359 ], [ 90.454734802246094, 43.519680023193359 ], [ 90.458351135253906, 43.520130157470703 ], [ 90.46038818359375, 43.518077850341797 ], [ 90.462348937988281, 43.515907287597656 ], [ 90.465095520019531, 43.513671875 ], [ 90.468070983886719, 43.512477874755859 ], [ 90.475135803222656, 43.511962890625 ], [ 90.481491088867188, 43.511787414550781 ], [ 90.486122131347656, 43.511726379394531 ], [ 90.489654541015625, 43.511154174804688 ], [ 90.493415832519531, 43.509609222412109 ], [ 90.497337341308594, 43.508235931396484 ], [ 90.50054931640625, 43.506923675537109 ], [ 90.504005432128906, 43.506519317626953 ], [ 90.509025573730469, 43.50628662109375 ], [ 90.513343811035156, 43.506401062011719 ], [ 90.518363952636719, 43.507137298583984 ], [ 90.522682189941406, 43.508167266845703 ], [ 90.525672912597656, 43.509647369384766 ], [ 90.528816223144531, 43.511756896972656 ], [ 90.529762268066406, 43.5140380859375 ], [ 90.53289794921875, 43.514896392822266 ], [ 90.537841796875, 43.514778137207031 ], [ 90.542716979980469, 43.515342712402344 ], [ 90.546714782714844, 43.514942169189453 ], [ 90.549690246582031, 43.512306213378906 ], [ 90.551490783691406, 43.51019287109375 ], [ 90.552978515625, 43.507678985595703 ], [ 90.553123474121094, 43.505619049072266 ], [ 90.552337646484375, 43.503742218017578 ], [ 90.553352355957031, 43.500934600830078 ], [ 90.560722351074219, 43.5003662109375 ], [ 90.567161560058594, 43.500869750976562 ], [ 90.573600769042969, 43.502170562744141 ], [ 90.579254150390625, 43.503475189208984 ], [ 90.584037780761719, 43.503757476806641 ], [ 90.588432312011719, 43.504146575927734 ], [ 90.59368896484375, 43.504203796386719 ], [ 90.597145080566406, 43.503738403320312 ], [ 90.601303100585938, 43.503681182861328 ], [ 90.605224609375, 43.503044128417969 ], [ 90.613845825195312, 43.500686645507812 ], [ 90.621299743652344, 43.500274658203125 ], [ 90.625381469726562, 43.500213623046875 ], [ 90.629302978515625, 43.500495910644531 ], [ 90.63299560546875, 43.501739501953125 ], [ 90.63818359375, 43.504188537597656 ], [ 90.639686584472656, 43.506126403808594 ], [ 90.643928527832031, 43.507320404052734 ], [ 90.647300720214844, 43.507884979248047 ], [ 90.652801513671875, 43.508899688720703 ], [ 90.65704345703125, 43.509002685546875 ], [ 90.660102844238281, 43.508995056152344 ], [ 90.662376403808594, 43.509052276611328 ], [ 90.666862487792969, 43.511672973632812 ], [ 90.672134399414062, 43.514568328857422 ], [ 90.676071166992188, 43.517303466796875 ], [ 90.678909301757812, 43.519298553466797 ], [ 90.682289123535156, 43.520778656005859 ], [ 90.686607360839844, 43.520992279052734 ], [ 90.692642211914062, 43.518863677978516 ], [ 90.696952819824219, 43.517547607421875 ], [ 90.701896667480469, 43.517528533935547 ], [ 90.705902099609375, 43.517978668212891 ], [ 90.7093505859375, 43.517227172851562 ], [ 90.713821411132812, 43.516471862792969 ], [ 90.719390869140625, 43.515827178955078 ], [ 90.724884033203125, 43.515586853027344 ], [ 90.735404968261719, 43.515785217285156 ], [ 90.741683959960938, 43.516288757324219 ], [ 90.747100830078125, 43.516441345214844 ], [ 90.753303527832031, 43.516544342041016 ], [ 90.757705688476562, 43.516872406005859 ], [ 90.761940002441406, 43.516910552978516 ], [ 90.76422119140625, 43.517135620117188 ], [ 90.767608642578125, 43.519760131835938 ], [ 90.768966674804688, 43.522891998291016 ], [ 90.771255493164062, 43.524826049804688 ], [ 90.775260925292969, 43.525325775146484 ], [ 90.778945922851562, 43.525199890136719 ], [ 90.78515625, 43.525753021240234 ], [ 90.792137145996094, 43.525562286376953 ], [ 90.802642822265625, 43.523532867431641 ], [ 90.806243896484375, 43.521289825439453 ], [ 90.809761047363281, 43.519054412841797 ], [ 90.817222595214844, 43.520401000976562 ], [ 90.824066162109375, 43.521514892578125 ], [ 90.831832885742188, 43.52154541015625 ], [ 90.837173461914062, 43.521186828613281 ], [ 90.840545654296875, 43.521114349365234 ], [ 90.844573974609375, 43.524070739746094 ], [ 90.847015380859375, 43.525432586669922 ], [ 90.85235595703125, 43.525875091552734 ], [ 90.856361389160156, 43.525516510009766 ], [ 90.858779907226562, 43.524364471435547 ], [ 90.86279296875, 43.525089263916016 ], [ 90.867057800292969, 43.528209686279297 ], [ 90.870758056640625, 43.529853820800781 ], [ 90.877677917480469, 43.531089782714844 ], [ 90.881607055664062, 43.531414031982422 ], [ 90.884429931640625, 43.530719757080078 ], [ 90.887397766113281, 43.529163360595703 ], [ 90.890907287597656, 43.525665283203125 ], [ 90.894256591796875, 43.522449493408203 ], [ 90.896514892578125, 43.520214080810547 ], [ 90.90081787109375, 43.519340515136719 ], [ 90.905296325683594, 43.519268035888672 ], [ 90.91094970703125, 43.519130706787109 ], [ 90.915573120117188, 43.518882751464844 ], [ 90.920516967773438, 43.518234252929688 ], [ 90.924827575683594, 43.517185211181641 ], [ 90.92724609375, 43.515861511230469 ], [ 90.929100036621094, 43.512771606445312 ], [ 90.93017578125, 43.510082244873047 ], [ 90.931648254394531, 43.50830078125 ], [ 90.93603515625, 43.507255554199219 ], [ 90.941520690917969, 43.505859375 ], [ 90.944412231445312, 43.504192352294922 ], [ 90.947471618652344, 43.504005432128906 ], [ 90.951095581054688, 43.50604248046875 ], [ 90.953620910644531, 43.507518768310547 ], [ 90.957313537597656, 43.508132934570312 ], [ 90.962104797363281, 43.508281707763672 ], [ 90.967041015625, 43.506885528564453 ], [ 90.969619750976562, 43.505851745605469 ], [ 90.972129821777344, 43.505893707275391 ], [ 90.975837707519531, 43.508102416992188 ], [ 90.978996276855469, 43.509517669677734 ], [ 90.981674194335938, 43.510868072509766 ], [ 90.987342834472656, 43.512840270996094 ], [ 90.991508483886719, 43.513454437255859 ], [ 90.995124816894531, 43.513717651367188 ], [ 91.0, 43.514270782470703 ], [ 91.003204345703125, 43.513164520263672 ], [ 91.004989624023438, 43.510810852050781 ], [ 91.007637023925781, 43.508857727050781 ], [ 91.009658813476562, 43.507076263427734 ], [ 91.011444091796875, 43.505584716796875 ], [ 91.012924194335938, 43.503864288330078 ], [ 91.013290405273438, 43.501865386962891 ], [ 91.013114929199219, 43.49969482421875 ], [ 91.01409912109375, 43.49609375 ], [ 91.016441345214844, 43.494991302490234 ], [ 91.019729614257812, 43.494514465332031 ], [ 91.025314331054688, 43.495693206787109 ], [ 91.029495239257812, 43.497608184814453 ], [ 91.033348083496094, 43.498611450195312 ], [ 91.036727905273438, 43.499164581298828 ], [ 91.039558410644531, 43.499214172363281 ], [ 91.044937133789062, 43.496273040771484 ], [ 91.048141479492188, 43.494483947753906 ], [ 91.050941467285156, 43.492416381835938 ], [ 91.053352355957031, 43.490684509277344 ], [ 91.05718994140625, 43.489921569824219 ], [ 91.065849304199219, 43.491931915283203 ], [ 91.073867797851562, 43.493423461914062 ], [ 91.078964233398438, 43.493221282958984 ], [ 91.084136962890625, 43.4927978515625 ], [ 91.090652465820312, 43.492870330810547 ], [ 91.098190307617188, 43.492885589599609 ], [ 91.103607177734375, 43.493309020996094 ], [ 91.108161926269531, 43.493511199951172 ], [ 91.113258361816406, 43.493309020996094 ], [ 91.121910095214844, 43.493919372558594 ] ] ] } }
]
}
